candidato,nombre,institucion,estado_origen,ruta_de_revision,identidad,fuente,beneficio,requisitos_principales,antecedente,fuentes,informe,proxima_accion,orden_trabajo,bloque_inicial,estado_revision,hallazgo_revision_2026_10_08,informe_revision_2026_10_08
0c50c557857a93b275993deff71701b135075b48885dbc8e53c6827b577748ff,Beca Municipal de Incentivo al Rendimiento Académico de Estudios Superior,Municipalidad de Colchane,REQUIERE_ACLARACION,COMPLETAR_FICHA_ESENCIAL,RESPALDADA_DECRETO_1112_2022_P1,LEIDA_VISUALMENTE_3_PAGINAS,APORTE_MEDIANTE_CHEQUE_P2,FALTA_LEER_BASES_DECRETO_562_2022,Decreto 1112/2022 leído visualmente: identifica beca de incentivo al rendimiento académico de educación superior y entrega mediante cheque al postulante. Prorroga calendario; no contiene criterios de elegibilidad. Remite a bases modificadas por decreto 562/2022 de 2 de junio.,https://imcolchane.cl/Becas.php | https://imcolchane.cl/documentos/Becas/Decreto%2011122022.pdf | https://www.imcolchane.cl/,REVISION_FUENTES_51_2026_10_08.md,Recuperar decreto exento 562/2022 de 2 de junio y sus bases anexas desde transparencia de Colchane; leer exclusivamente elegibilidad y correspondencia de programa. No exigir importe exacto para cerrar lo esencial.,1,SI,SIN_CIERRE_ESENCIAL,Identidad y pago por cheque respaldados por decreto 1112/2022 leído visualmente. Falta elegibilidad de bases modificadas por decreto 562/2022 de 2 de junio.,REVISION_BLOQUE_ESENCIAL_50_2026_10_08.md
7b32991aa64fc28ef4dc7f1df6a1aee4da3c366a0b257a738ac100a101bc5ee9,Beca Educación Superior,Municipalidad de Cartagena,REQUIERE_ACLARACION,IDENTIDAD_O_MODALIDAD,NO_CERRADA_EN_ANTECEDENTE,POR_ATRIBUIR_AL_CONTROL,NO_CERRADO_EN_ANTECEDENTE,NO_CERRADOS_EN_ANTECEDENTE,"La ficha de requisitos Cartagena 2025 acredita residencia cinco años, RSH 40–80%, matrícula, notas y ausencia de título. Falta beneficio primario de esa convocatoria; no trasladar importe de una entrega 2026.",https://cms.municipalidadcartagena.cl/uploads/REQUISITOS_Y_DOCUMENTOS_A_PRESENTAR_BECAS_MUNICIPALES_2025_0d01e13d4a.pdf | https://municipalidadcartagena.cl/,REVISION_INSTITUCIONES_PAINE_50_2026_10_08.md,"Contrastar Beca Educación Superior con el apartado del programa de Municipalidad de Cartagena; documentar correspondencia de nivel, destinatarios y tipo de apoyo antes de corregir cifras.",2,SI,SIN_CIERRE_ESENCIAL,"Requisitos 2025 leídos: residencia cinco años; RSH 40–80%; educación superior reconocida; notas 5,0 o 5,5. Falta descripción del beneficio de esta convocatoria; no usar importes periodísticos 2026.",REVISION_BLOQUE_ESENCIAL_50_2026_10_08.md
70d4fb04e8a87e97a09bec9ae72c4b3fad2db3670019715e27bd41ddc7839fc1,Beca Municipal Dr. Joaquin Contreras Silva 2026,Municipalidad de Requinoa,REQUIERE_ACLARACION,IDENTIDAD_O_MODALIDAD,RESPALDADA_EN_ALCANCE_HISTORICO,CONTENIDO_OFICIAL_LEIDO,RESPALDADO_EN_ALCANCE_HISTORICO,RESPALDADOS_EN_ALCANCE_HISTORICO,"Acta 97/2024 aprueba 31 becas superiores de $250.000 y uso de notas de cuarto medio para ingreso. El candidato nombra 2026 y $200.000/55 cupos: no trasladar año, montos ni cupos sin sus bases.",https://www.transparenciarequinoa.cl/nueweb/tact/requinoa/2024/Secretaria_municipal/ASO/ASO97.pdf | https://www.transparenciarequinoa.cl/nueweb/tact/requinoa/2014/secretaria%20municipal/7.-%20JULIO2014/DA1815.pdf | https://requinoa.cl/,REVISION_MUNICIPAL_50_2026_10_08.md,Revisión esencial cerrada para el año señalado; vigencia actual no comprobada.,3,SI,CONFIRMADA_ESENCIAL_HISTORICA,Confirmación histórica del reglamento 2014; no confirma convocatoria 2026.,REVISION_BLOQUE_ESENCIAL_50_2026_10_08.md
452826bd9e394d071ee7d7567dc608ebfb684d43fea04cca935fad9b2625d5ee,Beca Municipal de Educación Superior Nueva Imperial,Municipalidad de Nueva Imperial,REQUIERE_ACLARACION,COMPLETAR_FICHA_ESENCIAL,RESPALDADA_EN_ALCANCE_HISTORICO,CONTENIDO_OFICIAL_LEIDO,RESPALDADO_EN_ALCANCE_HISTORICO,RESPALDADOS_EN_ALCANCE_HISTORICO,Formulario 2025 identifica Beca Municipal de Educación Superior de Nueva Imperial. No contiene importe ni criterios de admisibilidad; buscar bases correspondientes.,https://ligup-v2.s3.amazonaws.com/nuevaimperial/files/77506_ficha_de_postulacion_bmes_2025.pdf | https://www.nuevaimperial.cl/,REVISION_MUNICIPAL_50_2026_10_08.md,Revisión esencial cerrada para el año señalado; vigencia actual no comprobada.,4,SI,CONFIRMADA_ESENCIAL_HISTORICA,Confirmación esencial de convocatoria 2024 con corrección de importe y requisitos.,REVISION_BLOQUE_ESENCIAL_50_2026_10_08.md
c14a2cd973b875eb0c2adbca23c5743f9b20feb7ac6a0b1fc8424cb4c78de870,Beca de Estudios Superiores Municipalidad de Purranque,Municipalidad de Purranque,REQUIERE_ACLARACION,COMPLETAR_FICHA_ESENCIAL,NO_CERRADA_EN_ANTECEDENTE,POR_ATRIBUIR_AL_CONTROL,NO_CERRADO_EN_ANTECEDENTE,NO_CERRADOS_EN_ANTECEDENTE,La web municipal anuncia Aporte Educación Superior 2026 y ceremonia de octubre. Confirma referencia institucional; no publica importe ni criterios. La página de Becas tiene campos de plantilla vacíos.,https://www.purranque.cl/?s=beca | https://www.purranque.cl/,REVISION_INSTITUCIONES_PAINE_50_2026_10_08.md,Localizar las bases o ficha específica de Beca de Estudios Superiores Municipalidad de Purranque en Municipalidad de Purranque; contrastar el beneficio y los destinatarios frente a la carencia individual descrita en el antecedente.,5,SI,SIN_CIERRE_ESENCIAL,"La página municipal menciona aporte de educación superior; faltan condiciones y alcance del beneficio. Localizar bases del aporte, no usar proyecto sin aprobar de terceros.",REVISION_BLOQUE_ESENCIAL_50_2026_10_08.md
8f26745c82ef1e3b42462b3ae90bfdf7fe4e6bc7ba2a5d35932dd892c7edbf09,Beca de Mantención Educación Superior Fresia,Municipalidad de Fresia,REQUIERE_ACLARACION,IDENTIDAD_O_MODALIDAD,NO_CERRADA_EN_ANTECEDENTE,POR_ATRIBUIR_AL_CONTROL,NO_CERRADO_EN_ANTECEDENTE,NO_CERRADOS_EN_ANTECEDENTE,Gestión 2023 distingue Concejo Municipal ($750.000 universitario/$500.000 IP-CFT en dos cuotas) y Movilización (4 UTM). El original $120.000 para pasajes/arriendo no permite elegir automáticamente una de ambas; identidad de modalidad pendiente.,https://www.munifresia.cl/transparencia/descargas/MecanismoParticipacionCiudadana/CuentaPublica/2024/CuentaPublica2024-Gestion2023.pdf | https://www.munifresia.cl/,REVISION_MUNICIPAL_50_2026_10_08.md,"Contrastar Beca de Mantención Educación Superior Fresia con el apartado del programa de Municipalidad de Fresia; documentar correspondencia de nivel, destinatarios y tipo de apoyo antes de corregir cifras.",6,SI,SIN_CIERRE_ESENCIAL,Cuenta pública 2023 distingue Beca Concejo Municipal (750.000 universidad; 500.000 IP/CFT) y movilización (4 UTM). La candidata de mantención no tiene correspondencia inequívoca con una de ellas; falta identificar modalidad.,REVISION_BLOQUE_ESENCIAL_50_2026_10_08.md
5061a005eb041913fff48284ae8e0124a0b7682c82f8fe2044f46978d99ea353,Beca Municipal de Educación Superior Los Lagos,Municipalidad de Los Lagos,REQUIERE_ACLARACION,COMPLETAR_FICHA_ESENCIAL,NO_CERRADA_EN_ANTECEDENTE,POR_ATRIBUIR_AL_CONTROL,NO_CERRADO_EN_ANTECEDENTE,NO_CERRADOS_EN_ANTECEDENTE,Trámite oficial de Los Lagos identifica estudiantes residentes y evaluación conforme a bases. Faltan cobertura y requisitos de esas bases; recepción no implica otorgamiento.,https://municipios.simple.digital.gob.cl/tramites/informativo/12799 | https://muniloslagos.cl/,REVISION_MUNICIPAL_50_2026_10_08.md,Localizar las bases o ficha específica de Beca Municipal de Educación Superior Los Lagos en Municipalidad de Los Lagos; contrastar el beneficio y los destinatarios frente a la carencia individual descrita en el antecedente.,7,SI,SIN_CIERRE_ESENCIAL,Informativo municipal identifica estudiantes residentes; falta beneficio propio y nivel. Cuenta pública 2022 no recuperada; no reemplazar por noticia de terceros.,REVISION_BLOQUE_ESENCIAL_50_2026_10_08.md
c1bfe255f8585bb0c9e79bc82a7b66ce7b915310b1913e5111a334a3fce1b005,Beca Municipal Incentivo al Rendimiento Taltal,Municipalidad de Taltal,REQUIERE_ACLARACION,IDENTIDAD_O_MODALIDAD,NO_CERRADA_EN_ANTECEDENTE,POR_ATRIBUIR_AL_CONTROL,NO_CERRADO_EN_ANTECEDENTE,NO_CERRADOS_EN_ANTECEDENTE,Gestión 2025 distingue Beca Municipal y Beca Paranal y entrega presupuestos agregados. No dividir inversión por beneficiarios para inventar importe; faltan requisitos de la modalidad candidata.,https://municipalidadtaltal.cl/portal9/wp-content/uploads/2026/04/RESUMEN-CUENTA-PUBLICA-ANO-2025-1.pdf | https://www.municipalidadtaltal.cl/,REVISION_MUNICIPAL_50_2026_10_08.md,"Contrastar Beca Municipal Incentivo al Rendimiento Taltal con el apartado del programa de Municipalidad de Taltal; documentar correspondencia de nivel, destinatarios y tipo de apoyo antes de corregir cifras.",8,SI,SIN_CIERRE_ESENCIAL,"Cuenta pública 2025 distingue Beca Municipal y Paranal, con fondos agregados. Falta elegibilidad; no dividir presupuesto por beneficiarios para deducir importe.",REVISION_BLOQUE_ESENCIAL_50_2026_10_08.md
f60b937cac06b69d259df3f6d4a8e4e8a2c288f04f40e8814bf925b36ca2b451,Beca Municipal de Educación Superior 2026,Municipalidad de Calera de Tango,REQUIERE_ACLARACION,COMPLETAR_FICHA_ESENCIAL,NO_CERRADA_EN_ANTECEDENTE,POR_ATRIBUIR_AL_CONTROL,NO_CERRADO_EN_ANTECEDENTE,NO_CERRADOS_EN_ANTECEDENTE,"Departamento Social enumera Beca Municipal superior. No explicita cobertura ni requisitos de selección; la enumeración confirma referencia administrativa, no todos los campos.",https://www.caleradetango.cl/departamento-social | https://www.uahurtado.cl/wp-images/uploads/2022/03/BENEFICIOS-ESTUDIANTILES-ADMISION-2022.pdf |  vie 16:30) o digital.,REVISION_MUNICIPAL_50_2026_10_08.md,Localizar las bases o ficha específica de Beca Municipal de Educación Superior 2026 en Municipalidad de Calera de Tango; contrastar el beneficio y los destinatarios frente a la carencia individual descrita en el antecedente.,9,SI,SIN_CIERRE_ESENCIAL,"Página social identifica beca municipal superior y evaluación social, pero no precisa beneficio. Falta leer bases o acuerdo de creación; URL original contiene texto ajeno.",REVISION_BLOQUE_ESENCIAL_50_2026_10_08.md
50e198264478a26158751d812063e626186c4588451fe67e5ccb0ab35815235f,Beca Municipal de Educación Superior Santa Cruz,Municipalidad de Santa Cruz,REQUIERE_ACLARACION,COMPLETAR_FICHA_ESENCIAL,RESPALDADA_EN_ALCANCE_HISTORICO,CONTENIDO_OFICIAL_LEIDO,RESPALDADO_EN_ALCANCE_HISTORICO,RESPALDADOS_EN_ALCANCE_HISTORICO,Acta 69/2023 documenta Beca Concejo Municipal de $273.248 y 439 beneficiarios. No verifica requisitos ni la cifra de $150.000/100 cupos del original; no usar becas estatales de cuentas anteriores como sustitución.,https://www.transparenciasantacruz.cl/actos-resoluciones/actos-resoluciones-terceros/ordenanzas/ordenanzas-municipales | https://www.municipalidadsantacruz.cl/,REVISION_MUNICIPAL_50_2026_10_08.md,Revisión esencial cerrada para el año señalado; vigencia actual no comprobada.,10,SI,CONFIRMADA_ESENCIAL_HISTORICA,Confirmación histórica de convocatoria 2020; separar importe de decreto 2023.,REVISION_BLOQUE_ESENCIAL_50_2026_10_08.md
0d2f745ea1726bbaa603ca4933f75a62150cd37bdceddf02b3b1c5315737ba9b,Beca de Educación Superior Maria Elena,Municipalidad de Maria Elena,REQUIERE_ACLARACION,COMPLETAR_FICHA_ESENCIAL,NO_CERRADA_EN_ANTECEDENTE,POR_ATRIBUIR_AL_CONTROL,NO_CERRADO_EN_ANTECEDENTE,NO_CERRADOS_EN_ANTECEDENTE,Secretaría municipal registra aprobación de programa de enseñanza superior 2015. Falta definición de cobertura y requisitos; aprobación del nombre no los certifica.,https://transparencia.imme.cl/transparencia/datos/111/116/1698/15193_departamento-de-secretaria-municipal.pdf | https://www.immariaelena.cl/,REVISION_MUNICIPAL_50_2026_10_08.md,Localizar las bases o ficha específica de Beca de Educación Superior Maria Elena en Municipalidad de Maria Elena; contrastar el beneficio y los destinatarios frente a la carencia individual descrita en el antecedente.,11,SI,SIN_CIERRE_ESENCIAL,Informe de secretaría 2015 identifica aprobación del programa de educación superior. Falta contenido del reglamento: beneficio y elegibilidad.,REVISION_BLOQUE_ESENCIAL_50_2026_10_08.md
005bf2a8ea132fd3c3f5233c170a6340ab3022fc135ed97e6a412d347616904c,Beca Educación Superior Ilustre Municipalidad de Papudo,Municipalidad de Papudo,REQUIERE_ACLARACION,RECUPERAR_CONTENIDO,NO_CERRADA_EN_ANTECEDENTE,POR_ATRIBUIR_AL_CONTROL,NO_CERRADO_EN_ANTECEDENTE,NO_CERRADOS_EN_ANTECEDENTE,"Descarga directa falló por certificado del dominio. Contenido oficial indexado 2017 distingue beca municipal superior y media, pero no permite atribuir la cobertura de media a superior.",https://www.municipalidadpapudo.cl/Archivos/cuenta_publica/cuenta_publica_2017.pdf | https://www.municipalidadpapudo.cl/,REVISION_MUNICIPAL_50_2026_10_08.md,Recuperar y leer visualmente el documento de Municipalidad de Papudo indicado en las fuentes; localizar el apartado de Beca Educación Superior Ilustre Municipalidad de Papudo y registrar páginas con beneficio y elegibilidad.,12,SI,SIN_CIERRE_ESENCIAL,Cuenta pública 2017 identifica beneficiarios de educación superior; no trasladar el aporte de enseñanza media. Recuperación tiene discrepancia TLS; falta reglamento de superior.,REVISION_BLOQUE_ESENCIAL_50_2026_10_08.md
cdc0dd04e0923e9868b12066bdcf8829aea20685da05f1fae092e39e024292ba,Beca de Apoyo a la Educación Superior Tirua,Municipalidad de Tirua,REQUIERE_ACLARACION,IDENTIDAD_O_MODALIDAD,NO_CERRADA_EN_ANTECEDENTE,POR_ATRIBUIR_AL_CONTROL,NO_CERRADO_EN_ANTECEDENTE,NO_CERRADOS_EN_ANTECEDENTE,Guía de trámites descargada sin sección de becas en el texto extraído. Noticia municipal 2026 identifica Excelencia e Incentivo Superior; faltan reglas e importe de la modalidad del original.,https://munitirua.gob.cl/wp-content/uploads/2025/12/GUIA-DE-SERVICIOS-Y-TRAMITES-MUNICIPALES.pdf | https://www.munitirua.cl/,REVISION_MUNICIPAL_50_2026_10_08.md,"Contrastar Beca de Apoyo a la Educación Superior Tirua con el apartado del programa de Municipalidad de Tirua; documentar correspondencia de nivel, destinatarios y tipo de apoyo antes de corregir cifras.",13,SI,SIN_CIERRE_ESENCIAL,Guía municipal consultada no resolvió programa propio de superior. Localizar publicación de Excelencia/Incentivo Superior en dominio municipal actual; no usar requisitos de otros trámites.,REVISION_BLOQUE_ESENCIAL_50_2026_10_08.md
f791e7c86277c3314f6d3fc2e5793a325104b13c892b8b7030d0b46253a1b612,Beca Municipal de Educación Superior 2025/2026,Municipalidad de Carahue,REQUIERE_ACLARACION,RECUPERAR_CONTENIDO,NO_CERRADA_EN_ANTECEDENTE,POR_ATRIBUIR_AL_CONTROL,NO_CERRADO_EN_ANTECEDENTE,NO_CERRADOS_EN_ANTECEDENTE,Conexión a acta oficial 2026 agotó tiempo. No se leyó su contenido; se conserva candidatura para fuente alternativa o lectura posterior.,https://sidmun.carahue.cl/web/Archivos/Actas/2026/2026-02-02-42.pdf | https://carahue.cl/,REVISION_MUNICIPAL_50_2026_10_08.md,Recuperar y leer visualmente el documento de Municipalidad de Carahue indicado en las fuentes; localizar el apartado de Beca Municipal de Educación Superior 2025/2026 y registrar páginas con beneficio y elegibilidad.,14,SI,SIN_CIERRE_ESENCIAL,Acta 42 de 2 de febrero 2026 no recuperada por tiempo de espera. Leer acuerdo y anexos correspondientes a beca universitaria; noticia histórica de terceros no basta.,REVISION_BLOQUE_ESENCIAL_50_2026_10_08.md
ca0e6229369a472919fca235617e8fca06aa229bffb66fd73d32f0e1952e9c65,Beca Estudiantil Municipal Yumbel,Municipalidad de Yumbel,REQUIERE_ACLARACION,IDENTIDAD_O_MODALIDAD,NO_CERRADA_EN_ANTECEDENTE,POR_ATRIBUIR_AL_CONTROL,NO_CERRADO_EN_ANTECEDENTE,NO_CERRADOS_EN_ANTECEDENTE,"Formulario 2025 es Beca de Residencia en hogar de Concepción. El original describe aporte monetario general; identidad de modalidad no resuelta, sin convertir alojamiento en dinero.",https://yumbel.cl/wp-content/uploads/2024/12/POSTULACION-BECA-RESIDENCIA-2025-2.pdf | https://www.yumbel.cl/,REVISION_MUNICIPAL_50_2026_10_08.md,"Contrastar Beca Estudiantil Municipal Yumbel con el apartado del programa de Municipalidad de Yumbel; documentar correspondencia de nivel, destinatarios y tipo de apoyo antes de corregir cifras.",15,SI,SIN_CIERRE_ESENCIAL,"Formulario 2025 corresponde a residencia estudiantil en Concepción. Respalda matrícula y domicilio, pero no equivalencia con aporte monetario original; falta resolver modalidad.",REVISION_BLOQUE_ESENCIAL_50_2026_10_08.md
6b040bf2cb8c5732b3e9f3b9fb223cc457e78044fc235ded186e8fd32fbddd20,Beca Municipal Estudiantil El Monte,Municipalidad de El Monte,REQUIERE_ACLARACION,RECUPERAR_CONTENIDO,NO_CERRADA_EN_ANTECEDENTE,POR_ATRIBUIR_AL_CONTROL,NO_CERRADO_EN_ANTECEDENTE,NO_CERRADOS_EN_ANTECEDENTE,PDF de gestión no pudo extraerse satisfactoriamente; no certificar por haberlo descargado.,https://www.munielmonte.cl/files/CUENTA%20PUBLICA%202024.pdf | https://www.munielmonte.cl/,REVISION_FUENTES_51_2026_10_08.md,Recuperar y leer visualmente el documento de Municipalidad de El Monte indicado en las fuentes; localizar el apartado de Beca Municipal Estudiantil El Monte y registrar páginas con beneficio y elegibilidad.,16,SI,SIN_CIERRE_ESENCIAL,Cuenta pública 2024 muestra gestión de BPR/BI de JUNAEB; no acredita beca municipal propia. Falta fuente específica de esta última; no concluir inexistencia.,REVISION_BLOQUE_ESENCIAL_50_2026_10_08.md
cbccb00c7d8d89014ac78ebbcc2f3d49de80f58164b82f8d32881e161bcb6f90,Beca Concejo Municipal de Osorno para Educación Superior,Municipalidad de Osorno,REQUIERE_ACLARACION,RECUPERAR_CONTENIDO,NO_CERRADA_EN_ANTECEDENTE,POR_ATRIBUIR_AL_CONTROL,NO_CERRADO_EN_ANTECEDENTE,NO_CERRADOS_EN_ANTECEDENTE,La cuenta pública Osorno 2011 no se recuperó y DIDECO responde 404. La denominación Concejo Municipal no permite completar beneficio o requisitos sin contenido oficial del programa.,https://www.municipalidadosorno.cl/docs/site/cuentapublica/cuentapublica2011.pdf | https://www.municipalidadosorno.cl/dideco,REVISION_INSTITUCIONES_PAINE_50_2026_10_08.md,Recuperar y leer visualmente el documento de Municipalidad de Osorno indicado en las fuentes; localizar el apartado de Beca Concejo Municipal de Osorno para Educación Superior y registrar páginas con beneficio y elegibilidad.,17,SI,SIN_CIERRE_ESENCIAL,PDF 2011 sin texto extraíble. Requiere lectura visual del acuerdo del Concejo; no sustituir por becas deportivas o culturales actuales.,REVISION_BLOQUE_ESENCIAL_50_2026_10_08.md
1cd51c0d2ec1a24b6be88ad42557efc2a2d72e8d0312311c715338b7ffc5582b,Beca Municipal de Mantención Pudahuel,Municipalidad de Pudahuel,REQUIERE_ACLARACION,COMPLETAR_FICHA_ESENCIAL,NO_CERRADA_EN_ANTECEDENTE,POR_ATRIBUIR_AL_CONTROL,NO_CERRADO_EN_ANTECEDENTE,NO_CERRADOS_EN_ANTECEDENTE,"El portal de Pudahuel muestra consulta de resultados de Beca de Educación Superior mediante RUT. Acredita existencia del trámite, pero no cobertura o requisitos de selección; no consultar datos de beneficiarios para inferirlos.",https://dideco.mpudahuel.cl/app/tramites/home.asp | https://www.mpudahuel.cl/dideco,REVISION_INSTITUCIONES_PAINE_50_2026_10_08.md,Localizar las bases o ficha específica de Beca Municipal de Mantención Pudahuel en Municipalidad de Pudahuel; contrastar el beneficio y los destinatarios frente a la carencia individual descrita en el antecedente.,18,SI,SIN_CIERRE_ESENCIAL,"Boletín municipal agosto 2024 respalda pago económico, pero no elegibilidad. Catastro UAH 2022 corresponde a otro año; recuperar bases de una misma convocatoria antes de combinarlos.",REVISION_BLOQUE_ESENCIAL_50_2026_10_08.md
19df4e73e6b31fa7b919bf2dd7aa58a2c44778ea6fc63ab1ec69d4cb57554abc,Beca Ilustre Municipalidad de Linares,Municipalidad de Linares,REQUIERE_ACLARACION,RECUPERAR_CONTENIDO,NO_CERRADA_EN_ANTECEDENTE,POR_ATRIBUIR_AL_CONTROL,NO_CERRADO_EN_ANTECEDENTE,NO_CERRADOS_EN_ANTECEDENTE,El acta Corporación Linares 121/2024 falla por certificado TLS. No se recuperó texto que pruebe beneficio y elegibilidad de la beca del registro; no inferirlos desde institución y título.,https://www.corporacionlinares.cl/ley20285/pdf/07/actas_de_concejo/ACTA_121_del_12_11_2024.pdf | https://www.corporacionlinares.cl/,REVISION_INSTITUCIONES_PAINE_50_2026_10_08.md,Recuperar y leer visualmente el documento de Municipalidad de Linares indicado en las fuentes; localizar el apartado de Beca Ilustre Municipalidad de Linares y registrar páginas con beneficio y elegibilidad.,19,SI,SIN_CIERRE_ESENCIAL,"Acta municipal 2024 no recuperada por certificado TLS. PDF de corporación sobre estudios requiere acceso y contraste: podría ser convenio CFT, no misma beca; no confirmar alias.",REVISION_BLOQUE_ESENCIAL_50_2026_10_08.md
f8b6eed134d17b2e4dbc41b3563fafb078b7b4af683348ddafd031d71c9dbc55,Beca Educación Superior,Municipalidad de Concepción,REQUIERE_ACLARACION,RECUPERAR_CONTENIDO,NO_CERRADA_EN_ANTECEDENTE,POR_ATRIBUIR_AL_CONTROL,NO_CERRADO_EN_ANTECEDENTE,NO_CERRADOS_EN_ANTECEDENTE,El acta 111/2015 de Concepción no aportó texto extraíble; servicios municipales no incluye ficha particular. No se declara leído el documento ni se confirma mantención por una página general.,https://www.concepcion.cl/transparencia/documentos/actas_ord_2012_2016/Acta_111-2015.pdf | https://www.concepcion.cl/servicios-municipales/,REVISION_INSTITUCIONES_PAINE_50_2026_10_08.md,Recuperar y leer visualmente el documento de Municipalidad de Concepción indicado en las fuentes; localizar el apartado de Beca Educación Superior y registrar páginas con beneficio y elegibilidad.,20,SI,SIN_CIERRE_ESENCIAL,Acta 2015 sin texto extraíble requiere lectura visual. Documento de 2018 para funcionarios no acredita candidata general de educación superior.,REVISION_BLOQUE_ESENCIAL_50_2026_10_08.md
a6bf4aee68f0b0f2711c04cfb093afc6d84a2733bd86970f277b8fb572c709b6,Beca Municipal de Educación Superior,Municipalidad de Temuco,REQUIERE_ACLARACION,RECUPERAR_CONTENIDO,NO_CERRADA_EN_ANTECEDENTE,POR_ATRIBUIR_AL_CONTROL,NO_CERRADO_EN_ANTECEDENTE,NO_CERRADOS_EN_ANTECEDENTE,El acta Temuco de junio 2024 agotó el tiempo de lectura y DIDECO responde 404. No se certificó contenido suficiente para identificar beneficio y requisitos propios.,https://transparencia.temuco.cl/theconcejo/2024/junio/18-06.pdf | https://www.temuco.cl/dideco/,REVISION_INSTITUCIONES_PAINE_50_2026_10_08.md,Recuperar y leer visualmente el documento de Municipalidad de Temuco indicado en las fuentes; localizar el apartado de Beca Municipal de Educación Superior y registrar páginas con beneficio y elegibilidad.,21,SI,SIN_CIERRE_ESENCIAL,Acta 2024 consultada describe becas deportivas. No respalda candidata de mantención superior; falta reglamento de esta modalidad.,REVISION_BLOQUE_ESENCIAL_50_2026_10_08.md
c184494125231a03affcbe31c17eca4b7cea9a9bcb454850a996fa9460a3f51a,Beca Municipal para Estudiantes de Educación Superior,Municipalidad de Estacion Central,REQUIERE_ACLARACION,RECUPERAR_CONTENIDO,NO_CERRADA_EN_ANTECEDENTE,POR_ATRIBUIR_AL_CONTROL,NO_CERRADO_EN_ANTECEDENTE,NO_CERRADOS_EN_ANTECEDENTE,"Texto extraído insuficiente para identificar cobertura y requisitos. Requiere lectura de bases, sin certificar por descarga.",https://www.muniestacioncentral.cl/wp-content/uploads/2026/03/bases-BTC.pdf | https://estacioncentral.cl/,REVISION_FUENTES_51_2026_10_08.md,Recuperar y leer visualmente el documento de Municipalidad de Estacion Central indicado en las fuentes; localizar el apartado de Beca Municipal para Estudiantes de Educación Superior y registrar páginas con beneficio y elegibilidad.,22,SI,SIN_CIERRE_ESENCIAL,Enlace a bases 2026 redirige a portada municipal. Recuperar archivo desde transparencia o publicación original; portada no prueba requisitos.,REVISION_BLOQUE_ESENCIAL_50_2026_10_08.md
a11c77c03e7be7edc71ab53364ab40f2ccd66a4c3086294643c90019584e4777,Beca Municipal Educación Superior Caldera,Municipalidad de Caldera,REQUIERE_ACLARACION,RECUPERAR_CONTENIDO,NO_CERRADA_EN_ANTECEDENTE,POR_ATRIBUIR_AL_CONTROL,NO_CERRADO_EN_ANTECEDENTE,NO_CERRADOS_EN_ANTECEDENTE,PDF FONDESCO 2025 descargado; extracción de texto insuficiente. Requiere lectura visual de bases antes de identificar beneficiario y beneficio; no se confirma por título ni descarga.,https://caldera.cl/wp-content/uploads/2025/06/BASES-TECNICAS-Y-ADMINISTRATIVAS-FONDESCO-2025-of.pdf | https://www.caldera.cl/,REVISION_MUNICIPAL_50_2026_10_08.md,Recuperar y leer visualmente el documento de Municipalidad de Caldera indicado en las fuentes; localizar el apartado de Beca Municipal Educación Superior Caldera y registrar páginas con beneficio y elegibilidad.,23,SI,SIN_CIERRE_ESENCIAL,"Ruta FONDESCO 2025 devuelve HTML, no bases PDF. Falta demostrar beneficio individual superior; contratación de transporte no acredita aporte monetario propio.",REVISION_BLOQUE_ESENCIAL_50_2026_10_08.md
cb716976a191d01fa438e26b99e4b8f475d99bb9d201934d3ee43226ad7f0925,Beca Municipal Estudiantil,Municipalidad de Coltauco,REQUIERE_ACLARACION,COMPLETAR_FICHA_ESENCIAL,NO_CERRADA_EN_ANTECEDENTE,POR_ATRIBUIR_AL_CONTROL,NO_CERRADO_EN_ANTECEDENTE,NO_CERRADOS_EN_ANTECEDENTE,Noticia oficial reconoce postulación de educación superior. No publica naturaleza ni importe del aporte o criterios de selección; el anuncio no cierra la cobertura.,https://www.coltauco.cl/rsp/noticias.php?id=359 | https://www.coltauco.cl/,REVISION_MUNICIPAL_50_2026_10_08.md,Localizar las bases o ficha específica de Beca Municipal Estudiantil en Municipalidad de Coltauco; contrastar el beneficio y los destinatarios frente a la carencia individual descrita en el antecedente.,24,SI,SIN_CIERRE_ESENCIAL,"Noticia municipal anuncia postulaciones de superior, sin precisar aporte ni condiciones. Leer bases o formulario público enlazado sin enviar solicitud.",REVISION_BLOQUE_ESENCIAL_50_2026_10_08.md
e4dc133f45e6b4b4870334d7e653bf322f1e15fe933dbb4eba16ea9770896c67,Beca Municipal Capital del Mimbre,Municipalidad de Chimbarongo,REQUIERE_ACLARACION,RECUPERAR_CONTENIDO,NO_CERRADA_EN_ANTECEDENTE,POR_ATRIBUIR_AL_CONTROL,NO_CERRADO_EN_ANTECEDENTE,NO_CERRADOS_EN_ANTECEDENTE,"Documento de Cámara bloqueado con 403; falta lectura de contenido, no razón para excluir. Buscar reglamento municipal específico.",https://www.camara.cl/verDoc.aspx?prmID=372191&prmTIPO=DOCUMENTO_COMISION | https://www.municipalidadchimbarongo.com/,REVISION_MUNICIPAL_50_2026_10_08.md,Recuperar y leer visualmente el documento de Municipalidad de Chimbarongo indicado en las fuentes; localizar el apartado de Beca Municipal Capital del Mimbre y registrar páginas con beneficio y elegibilidad.,25,SI,SIN_CIERRE_ESENCIAL,Documento alojado en Cámara no recuperado por 403. Buscar reglamento municipal Capital del Mimbre y verificar alcance de superior.,REVISION_BLOQUE_ESENCIAL_50_2026_10_08.md
7a3ec8f3d5c492303812028da43f2af7317e056921f3fbfe6d274386952927f1,Beca Municipal de Educación Superior,Municipalidad de Peumo,REQUIERE_ACLARACION,COMPLETAR_FICHA_ESENCIAL,NO_CERRADA_EN_ANTECEDENTE,POR_ATRIBUIR_AL_CONTROL,NO_CERRADO_EN_ANTECEDENTE,NO_CERRADOS_EN_ANTECEDENTE,Página de Peumo anuncia seleccionados de Beca Municipal. No se infieren criterios generales de la nómina ni se confirma una cobertura a partir de ese anuncio.,https://mpeumo.cl/page/2/?paged=2 | https://mpeumo.cl/,REVISION_MUNICIPAL_50_2026_10_08.md,Localizar las bases o ficha específica de Beca Municipal de Educación Superior en Municipalidad de Peumo; contrastar el beneficio y los destinatarios frente a la carencia individual descrita en el antecedente.,26,SI,SIN_CIERRE_ESENCIAL,"Documento oficial contiene beneficiarios, no bases ni cobertura. Falta acuerdo o reglamento del mismo programa; no deducir criterios desde nómina.",REVISION_BLOQUE_ESENCIAL_50_2026_10_08.md
34caa8abfdbea88cf08a57fa33f7e0629f9dec390d260879a8dfa6869d1d936c,Beca Red de Egresados,INACAP,EXCLUSION_HISTORICA_SIN_RATIFICAR,RECUPERAR_CONTENIDO,NO_CERRADA_EN_ANTECEDENTE,POR_ATRIBUIR_AL_CONTROL,NO_CERRADO_EN_ANTECEDENTE,NO_CERRADOS_EN_ANTECEDENTE,La URL histórica respondió 404. Se conserva el caso; falta ficha de familiares de titulados y 15%.,https://www.inacap.cl/tportal/portales/tp4964b0e11802/becas-y-beneficios.html,DESCARTE_EDITORIAL_INSTITUCIONES_53.md,Recuperar y leer visualmente el documento de INACAP indicado en las fuentes; localizar el apartado de Beca Red de Egresados y registrar páginas con beneficio y elegibilidad.,27,SI,SIN_CIERRE_ESENCIAL,Página Red de Egresados devuelve 404. Recuperar beneficio propio para familiares de egresados; beca estatal de articulación no prueba esta candidata.,REVISION_BLOQUE_ESENCIAL_50_2026_10_08.md
d180e8d90434d731b878be62de9c8e31bdcff85544b9ca440e8552d94bdb72c5,Beca de Mantención Municipal para Estudios Superiores,Municipalidad de Coquimbo,REQUIERE_ACLARACION,RECUPERAR_CONTENIDO,NO_CERRADA_EN_ANTECEDENTE,POR_ATRIBUIR_AL_CONTROL,NO_CERRADO_EN_ANTECEDENTE,NO_CERRADOS_EN_ANTECEDENTE,La dirección DIDECO Coquimbo responde 404 y no aporta ficha individual. No se confirma aporte de mantención propio ni se utiliza el fallo para descartar.,https://www.municoquimbo.cl/direccion-de-desarrollo-comunitario/,REVISION_INSTITUCIONES_PAINE_50_2026_10_08.md,Recuperar y leer visualmente el documento de Municipalidad de Coquimbo indicado en las fuentes; localizar el apartado de Beca de Mantención Municipal para Estudios Superiores y registrar páginas con beneficio y elegibilidad.,28,SI,SIN_CIERRE_ESENCIAL,Página DIDECO devuelve 404. Falta fuente específica de beca superior propia; distinguir convenios con universidades.,REVISION_BLOQUE_ESENCIAL_50_2026_10_08.md
6bfaa7776894bbb9ca4951e00f219cff008f3c8027061b44b818cedf965f986d,Beca de Estudio Graneros Nueva Ciudad,Municipalidad de Graneros,REQUIERE_ACLARACION,RECUPERAR_CONTENIDO,NO_CERRADA_EN_ANTECEDENTE,POR_ATRIBUIR_AL_CONTROL,NO_CERRADO_EN_ANTECEDENTE,NO_CERRADOS_EN_ANTECEDENTE,PADEM enlazado respondió 404. Se mantiene el caso; localizar copia oficial o reglamento alternativo sin inferir inexistencia.,https://www.daemgraneros.cl/file/padem2019.pdf | https://municipalidadgraneros.cl/,REVISION_MUNICIPAL_50_2026_10_08.md,Recuperar y leer visualmente el documento de Municipalidad de Graneros indicado en las fuentes; localizar el apartado de Beca de Estudio Graneros Nueva Ciudad y registrar páginas con beneficio y elegibilidad.,29,SI,SIN_CIERRE_ESENCIAL,PADEM 2019 devuelve 404. Recuperar sección del programa y sus condiciones; no certificar desde la URL.,REVISION_BLOQUE_ESENCIAL_50_2026_10_08.md
d429a131ee5eb0da8f128b67ea6826d736362150fb9214050db6838af03ab93c,Beca de Mantención Educación Superior Hualpen,Municipalidad de Hualpen,REQUIERE_ACLARACION,RECUPERAR_CONTENIDO,NO_CERRADA_EN_ANTECEDENTE,POR_ATRIBUIR_AL_CONTROL,NO_CERRADO_EN_ANTECEDENTE,NO_CERRADOS_EN_ANTECEDENTE,PLADECO sin contenido leído satisfactoriamente. No convertir convenio de arancel en mantención.,https://www.hualpenciudad.cl/wp-content/uploads/2025/12/Pladeco-2026-2032-2-reducido.pdf | https://cade.udec.cl/wp-content/uploads/2024/10/Catastro-Beneficios-Municipales-2.pdf | https://www.hualpenciudad.cl/,REVISION_FUENTES_51_2026_10_08.md,Recuperar y leer visualmente el documento de Municipalidad de Hualpen indicado en las fuentes; localizar el apartado de Beca de Mantención Educación Superior Hualpen y registrar páginas con beneficio y elegibilidad.,30,SI,SIN_CIERRE_ESENCIAL,"Catastro UdeC 2024 detalla convenio IDP de descuento de arancel, no mantención monetaria. Falta demostrar candidata de mantención independiente.",REVISION_BLOQUE_ESENCIAL_50_2026_10_08.md
ac001258a2e768939137b586647d7b0425bd4f82c86720ad94fe32a65c0b93f3,Beca Municipal Educación Superior 2026,Municipalidad de La Calera,REQUIERE_ACLARACION,RECUPERAR_CONTENIDO,NO_CERRADA_EN_ANTECEDENTE,POR_ATRIBUIR_AL_CONTROL,NO_CERRADO_EN_ANTECEDENTE,NO_CERRADOS_EN_ANTECEDENTE,Cuenta pública bloqueada; resultado de reglamento deportivo 2023 no confirma beca superior. No extrapolar preferencias de selección deportiva.,https://lacalera.cl/wp-content/uploads/2024/04/CUENTA-PUBLICA-2023_flt-3.pdf | https://lacalera.cl/,REVISION_MUNICIPAL_50_2026_10_08.md,Recuperar y leer visualmente el documento de Municipalidad de La Calera indicado en las fuentes; localizar el apartado de Beca Municipal Educación Superior 2026 y registrar páginas con beneficio y elegibilidad.,31,SI,SIN_CIERRE_ESENCIAL,Cuenta pública 2023 bloqueada 403. Falta recuperar sección de superior y reglamento que describa cobertura y elegibilidad.,REVISION_BLOQUE_ESENCIAL_50_2026_10_08.md
14abd2d4252d535d32030eead8a43b45fd448a5d3ea087c749f43ad2b6ba85cb,Beca Estudiantil Municipal Lautaro,Municipalidad de Lautaro,REQUIERE_ACLARACION,RECUPERAR_CONTENIDO,NO_CERRADA_EN_ANTECEDENTE,POR_ATRIBUIR_AL_CONTROL,NO_CERRADO_EN_ANTECEDENTE,NO_CERRADOS_EN_ANTECEDENTE,El servidor respondió 406. Caso conservado; verificar otra publicación oficial de requisitos y cobertura.,https://www.munilautaro.cl/trabajos-de-veranos-2023/ | https://www.munilautaro.cl/,REVISION_MUNICIPAL_50_2026_10_08.md,Recuperar y leer visualmente el documento de Municipalidad de Lautaro indicado en las fuentes; localizar el apartado de Beca Estudiantil Municipal Lautaro y registrar páginas con beneficio y elegibilidad.,32,SI,SIN_CIERRE_ESENCIAL,Portal devuelve 406. Falta documento específico del programa superior con beneficio y requisitos; no marcar como inexistente.,REVISION_BLOQUE_ESENCIAL_50_2026_10_08.md
5092c6312980bcfe38cd171b5db355a0e8a04f4de80c191017bb6608151e92a0,Beca Municipal Educación Superior Machali,Municipalidad de Machali,REQUIERE_ACLARACION,RECUPERAR_CONTENIDO,NO_CERRADA_EN_ANTECEDENTE,POR_ATRIBUIR_AL_CONTROL,NO_CERRADO_EN_ANTECEDENTE,NO_CERRADOS_EN_ANTECEDENTE,Enlace deportivo inaccesible; no confirma beca superior ni demuestra inexistencia.,https://www.machali.cl/ANEXOS%20BECA%20DEPORTIVA%20%28Aprobado%20por%20Concejo%29%20%281%29.pdf | https://www.machali.cl/,REVISION_FUENTES_51_2026_10_08.md,Recuperar y leer visualmente el documento de Municipalidad de Machali indicado en las fuentes; localizar el apartado de Beca Municipal Educación Superior Machali y registrar páginas con beneficio y elegibilidad.,33,SI,SIN_CIERRE_ESENCIAL,Enlace municipal deportivo no recuperado; corresponde a modalidad distinta de la candidata superior. Falta fuente de superior.,REVISION_BLOQUE_ESENCIAL_50_2026_10_08.md
89e6e393a324fe4f691f13fed69b77d60b29dd96767d8c8f7d0c6ad89c10b535,Beca Municipal de Educación Superior,Municipalidad de Machali,REQUIERE_ACLARACION,RECUPERAR_CONTENIDO,NO_CERRADA_EN_ANTECEDENTE,POR_ATRIBUIR_AL_CONTROL,NO_CERRADO_EN_ANTECEDENTE,NO_CERRADOS_EN_ANTECEDENTE,Enlace deportivo inaccesible; identidad y cobertura siguen abiertas.,https://www.machali.cl/ANEXOS%20BECA%20DEPORTIVA%20%28Aprobado%20por%20Concejo%29%20%281%29.pdf | https://www.machali.cl/,REVISION_FUENTES_51_2026_10_08.md,Recuperar y leer visualmente el documento de Municipalidad de Machali indicado en las fuentes; localizar el apartado de Beca Municipal de Educación Superior y registrar páginas con beneficio y elegibilidad.,34,SI,SIN_CIERRE_ESENCIAL,Enlace municipal deportivo no recuperado; no acredita mantención de educación superior. Falta resolver identidad de modalidad.,REVISION_BLOQUE_ESENCIAL_50_2026_10_08.md
9ce906481d31a5afe650ce6ce496adbb9f95ba8b1254a2e2e1837d71d408a519,Beca Educación Superior Santa Maria,Municipalidad de Santa Maria,REQUIERE_ACLARACION,RECUPERAR_CONTENIDO,NO_CERRADA_EN_ANTECEDENTE,POR_ATRIBUIR_AL_CONTROL,NO_CERRADO_EN_ANTECEDENTE,NO_CERRADOS_EN_ANTECEDENTE,Noticia oficial bloqueada y su título trata becas deportivas. No resolver una beca superior con ese programa.,https://imsantamaria.cl/municipalidad-de-santa-maria-entrega-30-becas-deportivas-a-destacados-deportistas-locales/ | https://www.imsantamaria.cl/,REVISION_MUNICIPAL_50_2026_10_08.md,Recuperar y leer visualmente el documento de Municipalidad de Santa Maria indicado en las fuentes; localizar el apartado de Beca Educación Superior Santa Maria y registrar páginas con beneficio y elegibilidad.,35,SI,SIN_CIERRE_ESENCIAL,Noticia de deportes bloqueada 403; título no respalda educación superior. Falta localizar beca estudiantil propia.,REVISION_BLOQUE_ESENCIAL_50_2026_10_08.md
49a1cf4554d04de646e6729a5b2bcfb8b652a5eaa22066ea9e55686fe7800759,Beca Municipal Educación Superior Talca,Municipalidad de Talca,REQUIERE_ACLARACION,RECUPERAR_CONTENIDO,NO_CERRADA_EN_ANTECEDENTE,POR_ATRIBUIR_AL_CONTROL,NO_CERRADO_EN_ANTECEDENTE,NO_CERRADOS_EN_ANTECEDENTE,La noticia Talca falla por certificado TLS no verificable. Se conserva el enlace histórico y no se certifica contenido inaccesible ni se desactiva la validación TLS.,https://www.talca.cl/?p=26627 | https://www.talca.cl/,REVISION_INSTITUCIONES_PAINE_50_2026_10_08.md,Recuperar y leer visualmente el documento de Municipalidad de Talca indicado en las fuentes; localizar el apartado de Beca Municipal Educación Superior Talca y registrar páginas con beneficio y elegibilidad.,36,SI,SIN_CIERRE_ESENCIAL,"Documento municipal no recuperado por cadena TLS. Recuperar archivo de bases, sin inferir cobertura del nombre.",REVISION_BLOQUE_ESENCIAL_50_2026_10_08.md
c5a89ab81b7d1fca835bb09dbbe5414aea0b1b008180247495c14f5355fe72cc,Beca Municipal de Educación Superior Victoria,Municipalidad de Victoria,REQUIERE_ACLARACION,RECUPERAR_CONTENIDO,NO_CERRADA_EN_ANTECEDENTE,POR_ATRIBUIR_AL_CONTROL,NO_CERRADO_EN_ANTECEDENTE,NO_CERRADOS_EN_ANTECEDENTE,Portal de subsidios propios consultado sin ficha verificable de esta beca en el texto servido. Revisar archivos enlazados; no confirmar por pertenecer al portal municipal.,https://victoriachile.cl/departamentos-y-direcciones/secretaria-municipal/transparencia-subsidios-y-beneficios-propios/ | https://www.victoria.cl/,REVISION_MUNICIPAL_50_2026_10_08.md,Recuperar y leer visualmente el documento de Municipalidad de Victoria indicado en las fuentes; localizar el apartado de Beca Municipal de Educación Superior Victoria y registrar páginas con beneficio y elegibilidad.,37,SI,SIN_CIERRE_ESENCIAL,Página de subsidios leída; reglamento de ayuda social enlazado devuelve 403. Falta leer apartado de educación y comprobar si existe programa superior específico.,REVISION_BLOQUE_ESENCIAL_50_2026_10_08.md
561cf61f3e18aa9785dd49bc40778fb3175aa8ac94f1bc71a0211eb10734b00d,Beca Familiar UCSH,Universidad Católica Silva Henriquez,EXCLUSION_HISTORICA_SIN_RATIFICAR,RECUPERAR_CONTENIDO,NO_CERRADA_EN_ANTECEDENTE,POR_ATRIBUIR_AL_CONTROL,NO_CERRADO_EN_ANTECEDENTE,NO_CERRADOS_EN_ANTECEDENTE,Acceso directo bloqueado; el instructivo distingue programas y convenios. No confirma descuento de 15% por hermanos UCSH.,https://www.ucsh.cl/becas-y-beneficios/ | https://admision.ucsh.cl/becas-y-beneficios/,DESCARTE_EDITORIAL_SEGUNDO_LOTE_50.md,Recuperar y leer visualmente el documento de Universidad Católica Silva Henriquez indicado en las fuentes; localizar el apartado de Beca Familiar UCSH y registrar páginas con beneficio y elegibilidad.,38,SI,SIN_CIERRE_ESENCIAL,Página familiar UCSH bloqueada 403. Formulario familiar de magíster no acredita pregrado; falta regla específica de familiares para el nivel candidato.,REVISION_BLOQUE_ESENCIAL_50_2026_10_08.md
5f17b62ec6ecb905ceed2b7e3271a2974e374ec3b003fbcd3816c06fac6b7578,Beca Intercultural UCT,Universidad Católica de Temuco,EXCLUSION_HISTORICA_SIN_RATIFICAR,RECUPERAR_CONTENIDO,NO_CERRADA_EN_ANTECEDENTE,POR_ATRIBUIR_AL_CONTROL,NO_CERRADO_EN_ANTECEDENTE,NO_CERRADOS_EN_ANTECEDENTE,URL histórica inaccesible; Beca Indígena estatal y actividades interculturales no prueban rebaja propia de 20%.,https://admision.uct.cl/becas-y-beneficios/,DESCARTE_EDITORIAL_SEGUNDO_LOTE_50.md,Recuperar y leer visualmente el documento de Universidad Católica de Temuco indicado en las fuentes; localizar el apartado de Beca Intercultural UCT y registrar páginas con beneficio y elegibilidad.,39,SI,SIN_CIERRE_ESENCIAL,Página intercultural UCT devuelve 404. Beca estatal indígena no acredita beneficio institucional propio; falta identificar programa.,REVISION_BLOQUE_ESENCIAL_50_2026_10_08.md
e88f2512a40acfc5e28efc57cb4cf115b82da9989b89dd025fe7bded0b389112,Beca de Apoyo Socioeconomico UCT,Universidad Católica de Temuco,EXCLUSION_HISTORICA_SIN_RATIFICAR,RECUPERAR_CONTENIDO,NO_CERRADA_EN_ANTECEDENTE,POR_ATRIBUIR_AL_CONTROL,NO_CERRADO_EN_ANTECEDENTE,NO_CERRADOS_EN_ANTECEDENTE,URL histórica respondió 404. La beca interna de residencia recuperada es otro programa; no prueba rebaja general de arancel 15–50%.,https://admision.uct.cl/becas-y-beneficios/,DESCARTE_EDITORIAL_SEGUNDO_LOTE_50.md,Recuperar y leer visualmente el documento de Universidad Católica de Temuco indicado en las fuentes; localizar el apartado de Beca de Apoyo Socioeconomico UCT y registrar páginas con beneficio y elegibilidad.,40,SI,SIN_CIERRE_ESENCIAL,Página social UCT devuelve 404. No sustituir por beneficio MEP de arancel de otra ficha ya confirmada; falta identidad de esta candidata.,REVISION_BLOQUE_ESENCIAL_50_2026_10_08.md
5254ac468066e3edc4853385821173bc489dfd44d9e6acb0db1ce3f5ff20ef7e,Beca Fomento Regional UDLA,Universidad de Las Américas,EXCLUSION_HISTORICA_SIN_RATIFICAR,RECUPERAR_CONTENIDO,NO_CERRADA_EN_ANTECEDENTE,POR_ATRIBUIR_AL_CONTROL,NO_CERRADO_EN_ANTECEDENTE,NO_CERRADOS_EN_ANTECEDENTE,URL histórica respondió 404. La diversidad geográfica de sedes no acredita beca regional propia de 20%.,https://admision.udla.cl/becas-y-financiamiento/ | Beca Fomento Regional UDLA con 20% de descuento para estudiantes de sedes regionales. Incentiva la diversidad geografica. Documentos: certificado de residencia en region. matricula. Renovable.,DESCARTE_EDITORIAL_SEGUNDO_LOTE_50.md,Recuperar y leer visualmente el documento de Universidad de Las Américas indicado en las fuentes; localizar el apartado de Beca Fomento Regional UDLA y registrar páginas con beneficio y elegibilidad.,41,SI,SIN_CIERRE_ESENCIAL,Enlace regional UDLA devuelve 404. Recuperar reglamento o ficha que identifique apoyo regional propio y su cobertura.,REVISION_BLOQUE_ESENCIAL_50_2026_10_08.md
1c47d8aba6a0d077201251fe750018ee5237e9ba394c6674085171b14e630c95,Beca Convenio Empresas AIEP,AIEP,EXCLUSION_HISTORICA_SIN_RATIFICAR,IDENTIDAD_O_MODALIDAD,NO_CERRADA_EN_ANTECEDENTE,POR_ATRIBUIR_AL_CONTROL,NO_CERRADO_EN_ANTECEDENTE,NO_CERRADOS_EN_ANTECEDENTE,La página de financiamiento distingue apoyos para funcionarios públicos y otros destinatarios. No acredita el convenio empresarial genérico de 10–25% ni sus cargas familiares.,https://www.aiep.cl/admision/becas-y-financiamiento/,DESCARTE_EDITORIAL_INSTITUCIONES_53.md,"Contrastar Beca Convenio Empresas AIEP con el apartado del programa de AIEP; documentar correspondencia de nivel, destinatarios y tipo de apoyo antes de corregir cifras.",42,SI,SIN_CIERRE_ESENCIAL,"Página AIEP leída: contempla funcionarios públicos, bomberos y mujeres STEM. No prueba convenio genérico de empresas del original; falta convenio aplicable.",REVISION_BLOQUE_ESENCIAL_50_2026_10_08.md
317fc4e2853c759fae7d0742bb8613f5dda0fdd0a57437f63741d2df0e998bc5,Beca Apoyo Familiar ENAC,CFT ENAC,EXCLUSION_HISTORICA_SIN_RATIFICAR,COMPLETAR_FICHA_ESENCIAL,NO_CERRADA_EN_ANTECEDENTE,POR_ATRIBUIR_AL_CONTROL,NO_CERRADO_EN_ANTECEDENTE,NO_CERRADOS_EN_ANTECEDENTE,La ficha de admisión no acredita el descuento familiar de 15% ni la regla de hermano en cualquier institución.,https://enac.cl/admision/,DESCARTE_EDITORIAL_INSTITUCIONES_53.md,Localizar las bases o ficha específica de Beca Apoyo Familiar ENAC en CFT ENAC; contrastar el beneficio y los destinatarios frente a la carencia individual descrita en el antecedente.,43,SI,SIN_CIERRE_ESENCIAL,Página ENAC leída enumera beneficios estatales; no acredita beca propia de esta candidata. Falta reglamento institucional específico.,REVISION_BLOQUE_ESENCIAL_50_2026_10_08.md
caf8058fd9dc82de04456bb99374a18534754876b7673ce78d485b5eb1b4945c,Beca Convenio Empresas ENAC,CFT ENAC,EXCLUSION_HISTORICA_SIN_RATIFICAR,IDENTIDAD_O_MODALIDAD,NO_CERRADA_EN_ANTECEDENTE,POR_ATRIBUIR_AL_CONTROL,NO_CERRADO_EN_ANTECEDENTE,NO_CERRADOS_EN_ANTECEDENTE,No se acredita el rango empresarial 10–20% ni la extensión a cargas. El convenio Serbima para trabajadores ENAC es otro beneficio.,https://enac.cl/admision/,DESCARTE_EDITORIAL_INSTITUCIONES_53.md,"Contrastar Beca Convenio Empresas ENAC con el apartado del programa de CFT ENAC; documentar correspondencia de nivel, destinatarios y tipo de apoyo antes de corregir cifras.",44,SI,SIN_CIERRE_ESENCIAL,Página ENAC leída enumera beneficios estatales; no acredita beca propia de esta candidata. Falta reglamento institucional específico.,REVISION_BLOQUE_ESENCIAL_50_2026_10_08.md
bc21440901dae5612e24a28e4cb4ef9d045428f756d255fdbb95ab65d8f3247e,Beca Deportiva ENAC,CFT ENAC,EXCLUSION_HISTORICA_SIN_RATIFICAR,COMPLETAR_FICHA_ESENCIAL,NO_CERRADA_EN_ANTECEDENTE,POR_ATRIBUIR_AL_CONTROL,NO_CERRADO_EN_ANTECEDENTE,NO_CERRADOS_EN_ANTECEDENTE,La ficha de admisión no define beca deportiva propia de 20%. Requiere reglamento específico; no afirmar inexistencia.,https://enac.cl/admision/ | [OBLIGATORIO] Certificado de matricula o alumno regular; [OPCIONAL] Registro Social de Hogares,DESCARTE_EDITORIAL_INSTITUCIONES_53.md,Localizar las bases o ficha específica de Beca Deportiva ENAC en CFT ENAC; contrastar el beneficio y los destinatarios frente a la carencia individual descrita en el antecedente.,45,SI,SIN_CIERRE_ESENCIAL,Página ENAC leída enumera beneficios estatales; no acredita beca propia de esta candidata. Falta reglamento institucional específico.,REVISION_BLOQUE_ESENCIAL_50_2026_10_08.md
ea0b3c58661cd4a8bb7fdcb61928b14a0790903b6fbfe7b1a739ba28d7365e30,Beca Excelencia Académica ENAC,CFT ENAC,EXCLUSION_HISTORICA_SIN_RATIFICAR,COMPLETAR_FICHA_ESENCIAL,NO_CERRADA_EN_ANTECEDENTE,POR_ATRIBUIR_AL_CONTROL,NO_CERRADO_EN_ANTECEDENTE,NO_CERRADOS_EN_ANTECEDENTE,"La ficha de admisión diferencia BEA estatal y excelencia técnica. No prueba una beca ENAC propia de 25% con NEM 5,5.",https://enac.cl/admision/ | [OBLIGATORIO] Certificado de matricula o alumno regular; [OPCIONAL] Registro Social de Hogares,DESCARTE_EDITORIAL_INSTITUCIONES_53.md,Localizar las bases o ficha específica de Beca Excelencia Académica ENAC en CFT ENAC; contrastar el beneficio y los destinatarios frente a la carencia individual descrita en el antecedente.,46,SI,SIN_CIERRE_ESENCIAL,Página ENAC leída enumera beneficios estatales; no acredita beca propia de esta candidata. Falta reglamento institucional específico.,REVISION_BLOQUE_ESENCIAL_50_2026_10_08.md
be15e902598267d92ab44f3ec66c63e0d20fe0daa3af99492030a0bc0a544b31,Beca Titulado ENAC,CFT ENAC,EXCLUSION_HISTORICA_SIN_RATIFICAR,COMPLETAR_FICHA_ESENCIAL,NO_CERRADA_EN_ANTECEDENTE,POR_ATRIBUIR_AL_CONTROL,NO_CERRADO_EN_ANTECEDENTE,NO_CERRADOS_EN_ANTECEDENTE,No se acredita el descuento de 15% para segunda carrera dentro de ENAC. El convenio ENAC-UCSH tiene otra institución de destino.,https://enac.cl/admision/,DESCARTE_EDITORIAL_INSTITUCIONES_53.md,Localizar las bases o ficha específica de Beca Titulado ENAC en CFT ENAC; contrastar el beneficio y los destinatarios frente a la carencia individual descrita en el antecedente.,47,SI,SIN_CIERRE_ESENCIAL,Página ENAC leída enumera beneficios estatales; no acredita beca propia de esta candidata. Falta reglamento institucional específico.,REVISION_BLOQUE_ESENCIAL_50_2026_10_08.md
1e99953c14c855e25d0c8dc49e63a2b99a3957f9459258142435bfe2bf1a5656,Beca Vocacion de Servicio ENAC,CFT ENAC,EXCLUSION_HISTORICA_SIN_RATIFICAR,COMPLETAR_FICHA_ESENCIAL,NO_CERRADA_EN_ANTECEDENTE,POR_ATRIBUIR_AL_CONTROL,NO_CERRADO_EN_ANTECEDENTE,NO_CERRADOS_EN_ANTECEDENTE,La admisión a carreras sociales no prueba la beca propia de 20% ni una carta de motivación como requisito de esa beca.,https://enac.cl/admision/ | [OBLIGATORIO] Certificado de matricula o alumno regular; [OPCIONAL] Registro Social de Hogares,DESCARTE_EDITORIAL_INSTITUCIONES_53.md,Localizar las bases o ficha específica de Beca Vocacion de Servicio ENAC en CFT ENAC; contrastar el beneficio y los destinatarios frente a la carencia individual descrita en el antecedente.,48,SI,SIN_CIERRE_ESENCIAL,Página ENAC leída enumera beneficios estatales; no acredita beca propia de esta candidata. Falta reglamento institucional específico.,REVISION_BLOQUE_ESENCIAL_50_2026_10_08.md
3d18e832d502f72a7526c52bcc01a709465772b0e57cdaacfc301ada94baf7ef,Beca de Articulacion EMTP,INACAP,EXCLUSION_HISTORICA_SIN_RATIFICAR,COMPLETAR_FICHA_ESENCIAL,NO_CERRADA_EN_ANTECEDENTE,POR_ATRIBUIR_AL_CONTROL,NO_CERRADO_EN_ANTECEDENTE,NO_CERRADOS_EN_ANTECEDENTE,La Beca de Articulación publicada es estatal para titulados técnicos superiores; no prueba 20% institucional para egresados de media técnico-profesional.,https://portal.inacap.cl/financiamiento-estudiantil/becas/beca-de-articulacion | https://www.inacap.cl/tportal/portales/tp4964b0e11802/becas-y-beneficios.html,DESCARTE_EDITORIAL_INSTITUCIONES_53.md,Localizar las bases o ficha específica de Beca de Articulacion EMTP en INACAP; contrastar el beneficio y los destinatarios frente a la carencia individual descrita en el antecedente.,49,SI,SIN_CIERRE_ESENCIAL,Página INACAP de articulación describe beca estatal TNS a carrera profesional de 750.000. No respalda convenio EMTP de 20% del original; falta documento propio.,REVISION_BLOQUE_ESENCIAL_50_2026_10_08.md
265188d05ce42208284cba01c4ef3c35ed8f99093de8e89d3e2d6ae535727dd3,Beca Convenio Empresas IP Chile,IP Chile,EXCLUSION_HISTORICA_SIN_RATIFICAR,IDENTIDAD_O_MODALIDAD,NO_CERRADA_EN_ANTECEDENTE,POR_ATRIBUIR_AL_CONTROL,NO_CERRADO_EN_ANTECEDENTE,NO_CERRADOS_EN_ANTECEDENTE,El catálogo de titulados distingue convenios individuales. No acredita rango empresarial genérico 10–25% para carreras IP Chile.,https://circulotitulados.ipchile.cl/convenios/,DESCARTE_EDITORIAL_INSTITUCIONES_53.md,"Contrastar Beca Convenio Empresas IP Chile con el apartado del programa de IP Chile; documentar correspondencia de nivel, destinatarios y tipo de apoyo antes de corregir cifras.",50,SI,SIN_CIERRE_ESENCIAL,Portal IP Chile de continuidad describe convenios para titulados hacia otras universidades. No acredita beca para trabajadores de empresas que estudian en IP Chile.,REVISION_BLOQUE_ESENCIAL_50_2026_10_08.md
6a714f7d1428f67456471f3806815b50cfac706cc432290d07a671af249e274c,Beca Copago IP Chile,IP Chile,EXCLUSION_HISTORICA_SIN_RATIFICAR,COMPLETAR_FICHA_ESENCIAL,NO_CERRADA_EN_ANTECEDENTE,POR_ATRIBUIR_AL_CONTROL,NO_CERRADO_EN_ANTECEDENTE,NO_CERRADOS_EN_ANTECEDENTE,La orientación FUAS no prueba complemento interno de copago. La gratuidad no es una beca institucional IP Chile.,https://www.ipchile.cl/becas-y-financiamiento/que-es-el-fuas/ | [OBLIGATORIO] Certificado de matricula o alumno regular; [OPCIONAL] Registro Social de Hogares,DESCARTE_EDITORIAL_INSTITUCIONES_53.md,Localizar las bases o ficha específica de Beca Copago IP Chile en IP Chile; contrastar el beneficio y los destinatarios frente a la carencia individual descrita en el antecedente.,51,NO,,,
9be88ff7a97c85dd8656adda7a434a6dc1156fb175917f84cc8fa7e98280a9fb,Beca Familiar IP Chile,IP Chile,EXCLUSION_HISTORICA_SIN_RATIFICAR,COMPLETAR_FICHA_ESENCIAL,NO_CERRADA_EN_ANTECEDENTE,POR_ATRIBUIR_AL_CONTROL,NO_CERRADO_EN_ANTECEDENTE,NO_CERRADOS_EN_ANTECEDENTE,El descuento para familia IPCHILE se refiere a cursos/diplomados. No prueba 10% en el arancel semestral de carreras para familiares directos.,https://campus.ipchile.cl/cursos-y-diplomados/ | [OBLIGATORIO] Certificado de matricula o alumno regular; [OPCIONAL] Registro Social de Hogares,DESCARTE_EDITORIAL_INSTITUCIONES_53.md,Localizar las bases o ficha específica de Beca Familiar IP Chile en IP Chile; contrastar el beneficio y los destinatarios frente a la carencia individual descrita en el antecedente.,52,NO,,,
985da9da2d35c58583858216ff1a5e630386dfa27350ff6ea15d253aabd91e65,Beca Titulado IP Chile,IP Chile,EXCLUSION_HISTORICA_SIN_RATIFICAR,COMPLETAR_FICHA_ESENCIAL,NO_CERRADA_EN_ANTECEDENTE,POR_ATRIBUIR_AL_CONTROL,NO_CERRADO_EN_ANTECEDENTE,NO_CERRADOS_EN_ANTECEDENTE,Los convenios de continuidad describen descuentos en instituciones de destino distintas. No acreditan 15% para segunda carrera en IP Chile.,https://www.ipchile.cl/becas-y-financiamiento/convenios-de-continuidad-de-estudios/,DESCARTE_EDITORIAL_INSTITUCIONES_53.md,Localizar las bases o ficha específica de Beca Titulado IP Chile en IP Chile; contrastar el beneficio y los destinatarios frente a la carencia individual descrita en el antecedente.,53,NO,,,
16a87f1001172cd1fe3a85de4a9c84690d53a5532b890db085fdb1017d563322,Aporte de Movilidad y Combustible Algarrobo,Municipalidad de Algarrobo,REQUIERE_ACLARACION,COMPLETAR_FICHA_ESENCIAL,NO_CERRADA_EN_ANTECEDENTE,POR_ATRIBUIR_AL_CONTROL,NO_CERRADO_EN_ANTECEDENTE,NO_CERRADOS_EN_ANTECEDENTE,El aporte de combustible 2026 beneficia familias según evaluación social; la fuente no acredita una beca educativa superior.,https://munialgarrobo.cl/postulacion-aporte-economico-de-movilidad-y-combustible/ | https://munialgarrobo.cl/postulaciones-aporte-economico-municipal-2026/,REVISION_FUENTES_51_2026_10_08.md,Localizar las bases o ficha específica de Aporte de Movilidad y Combustible Algarrobo en Municipalidad de Algarrobo; contrastar el beneficio y los destinatarios frente a la carencia individual descrita en el antecedente.,54,NO,,,
4442e480302d438f05cf0783dcc19e759d5a20c332865a007fa197bf5acb492f,Beca Municipal de Educación Superior Arica,Municipalidad de Arica,REQUIERE_ACLARACION,COMPLETAR_FICHA_ESENCIAL,NO_CERRADA_EN_ANTECEDENTE,POR_ATRIBUIR_AL_CONTROL,NO_CERRADO_EN_ANTECEDENTE,NO_CERRADOS_EN_ANTECEDENTE,"La noticia de Arica identifica residencia familiar estudiantil financiada por JUNAEB, para educación básica y media. DIDECO es una referencia institucional general; ninguna prueba un aporte municipal superior propio.",https://www.muniarica.cl/noticias/publicacion/municipalidad-lanza-programa-de-residencia-familiar-estudiantil-que-beneficiara-a-jovenes-vulnerables-de-zonas-alejadas-con-apoyo-integral | https://www.muniarica.cl/dideco,REVISION_INSTITUCIONES_PAINE_50_2026_10_08.md,Localizar las bases o ficha específica de Beca Municipal de Educación Superior Arica en Municipalidad de Arica; contrastar el beneficio y los destinatarios frente a la carencia individual descrita en el antecedente.,55,NO,,,
7a0664f019f258c3dcb76adfdd8961423a5dcb6df1f640006e2ca9d659226a74,Beca Pedro Aguirre Cerda,Municipalidad de Calle Larga,REQUIERE_ACLARACION,COMPLETAR_FICHA_ESENCIAL,NO_CERRADA_EN_ANTECEDENTE,POR_ATRIBUIR_AL_CONTROL,NO_CERRADO_EN_ANTECEDENTE,NO_CERRADOS_EN_ANTECEDENTE,"Prensa informa ejecución de Pedro Aguirre Cerda y presupuesto agregado. Búsqueda municipal sin ficha utilizable; falta respaldo primario de requisitos y cobertura, sin dividir el presupuesto.",https://www.uahurtado.cl/wp-images/uploads/2022/03/BENEFICIOS-ESTUDIANTILES-ADMISION-2022.pdf | https://www.municallelarga.cl/,REVISION_MUNICIPAL_50_2026_10_08.md,Localizar las bases o ficha específica de Beca Pedro Aguirre Cerda en Municipalidad de Calle Larga; contrastar el beneficio y los destinatarios frente a la carencia individual descrita en el antecedente.,56,NO,,,
5bec6bdc0c12d45035f6c5c3b12d702bb380e5d16aec03a2e70c82016963737d,Beca Municipal de Apoyo a la Educación Superior Camina,Municipalidad de Camina,REQUIERE_ACLARACION,COMPLETAR_FICHA_ESENCIAL,NO_CERRADA_EN_ANTECEDENTE,POR_ATRIBUIR_AL_CONTROL,NO_CERRADO_EN_ANTECEDENTE,NO_CERRADOS_EN_ANTECEDENTE,No se obtuvo fuente primaria utilizable; resultados de otra localidad o país no son evidencia.,https://wwwfs.mineduc.cl/Archivos/infoescuelas/documentos/12759/ProyectoEducativo12759.pdf | https://www.municamina.cl/,REVISION_FUENTES_51_2026_10_08.md,Localizar las bases o ficha específica de Beca Municipal de Apoyo a la Educación Superior Camina en Municipalidad de Camina; contrastar el beneficio y los destinatarios frente a la carencia individual descrita en el antecedente.,57,NO,,,
f01eabac42e8476ca5b8bebba55201b8a1cc93a2a521eb78c112f7a9bf987235,Beca Municipal de Educación Superior Catemu,Municipalidad de Catemu,REQUIERE_ACLARACION,IDENTIDAD_O_MODALIDAD,NO_CERRADA_EN_ANTECEDENTE,POR_ATRIBUIR_AL_CONTROL,NO_CERRADO_EN_ANTECEDENTE,NO_CERRADOS_EN_ANTECEDENTE,Página municipal es de becas deportivas. No equiparar a educación superior de mantención; revisar una fuente de la modalidad correcta.,https://www.municatemu.cl/index.php/2-uncategorised/32-becas-deportivas-municipalidad-de-catemu | https://municatemu.cl/,REVISION_MUNICIPAL_50_2026_10_08.md,"Contrastar Beca Municipal de Educación Superior Catemu con el apartado del programa de Municipalidad de Catemu; documentar correspondencia de nivel, destinatarios y tipo de apoyo antes de corregir cifras.",58,NO,,,
b7768323f77789c61255a04ca8bf4484d89afee9d6d622d26bc387c52a1a7a47,Beca Municipal Educación Superior Chanaral,Municipalidad de Chanaral,REQUIERE_ACLARACION,COMPLETAR_FICHA_ESENCIAL,NO_CERRADA_EN_ANTECEDENTE,POR_ATRIBUIR_AL_CONTROL,NO_CERRADO_EN_ANTECEDENTE,NO_CERRADOS_EN_ANTECEDENTE,Listado de noticias servido sin ficha utilizable de beca en texto. Buscar artículo específico o bases; no confirmar por listado.,https://www.munichanaral.cl/noticias.html | https://www.munichanaral.cl/,REVISION_MUNICIPAL_50_2026_10_08.md,Localizar las bases o ficha específica de Beca Municipal Educación Superior Chanaral en Municipalidad de Chanaral; contrastar el beneficio y los destinatarios frente a la carencia individual descrita en el antecedente.,59,NO,,,
e1c38b0822a3ca7475889b8d240c5c82843b8a2b41a57590a63958fbe16455d9,Beca Municipal Estudios Superiores Cholchol,Municipalidad de Cholchol,REQUIERE_ACLARACION,COMPLETAR_FICHA_ESENCIAL,NO_CERRADA_EN_ANTECEDENTE,POR_ATRIBUIR_AL_CONTROL,NO_CERRADO_EN_ANTECEDENTE,NO_CERRADOS_EN_ANTECEDENTE,La página de departamento no aporta cobertura y requisitos específicos.,https://municholchol.cl/municipio/ | https://municholchol.cl/contacto-5/ | https://www.municipalidadcholchol.cl/,REVISION_FUENTES_51_2026_10_08.md,Localizar las bases o ficha específica de Beca Municipal Estudios Superiores Cholchol en Municipalidad de Cholchol; contrastar el beneficio y los destinatarios frente a la carencia individual descrita en el antecedente.,60,NO,,,
25891bb62e4d316afba8830c7cc238ef5a753ae74adfe101a12a8a93e600fdba,Beca de Educación Superior Cholchol,Municipalidad de Cholchol,REQUIERE_ACLARACION,COMPLETAR_FICHA_ESENCIAL,NO_CERRADA_EN_ANTECEDENTE,POR_ATRIBUIR_AL_CONTROL,NO_CERRADO_EN_ANTECEDENTE,NO_CERRADOS_EN_ANTECEDENTE,Página social sin ficha específica de cobertura y requisitos.,https://municholchol.cl/contacto-5/ | https://www.municipalidadcholchol.cl/,REVISION_FUENTES_51_2026_10_08.md,Localizar las bases o ficha específica de Beca de Educación Superior Cholchol en Municipalidad de Cholchol; contrastar el beneficio y los destinatarios frente a la carencia individual descrita en el antecedente.,61,NO,,,
f6ee87674bac80bc6912223da830ad62d050cca1da1eaaeca41b7d08343a741d,Beca Municipal Educación Superior Cochamo,Municipalidad de Cochamo,REQUIERE_ACLARACION,COMPLETAR_FICHA_ESENCIAL,NO_CERRADA_EN_ANTECEDENTE,POR_ATRIBUIR_AL_CONTROL,NO_CERRADO_EN_ANTECEDENTE,NO_CERRADOS_EN_ANTECEDENTE,Prensa local informa primera cuota de $200.000 para varios niveles. Falta fuente municipal de criterios; no certificar aporte único ni RSH 70%.,https://elhuemul.cl/2026/07/21/municipalidad-de-cochamo-entrega-los-primeros-aportes-municipales-estudiantiles-a-34-estudiantes-de-la-comuna/ | https://www.cochamo.cl/,REVISION_FUENTES_51_2026_10_08.md,Localizar las bases o ficha específica de Beca Municipal Educación Superior Cochamo en Municipalidad de Cochamo; contrastar el beneficio y los destinatarios frente a la carencia individual descrita en el antecedente.,62,NO,,,
cd7505441fad6a5c493bbae62b20cde11e27b4602864641986f8dc1bacbdfc1f,Beca Municipal Educación Superior Coelemu,Municipalidad de Coelemu,REQUIERE_ACLARACION,COMPLETAR_FICHA_ESENCIAL,NO_CERRADA_EN_ANTECEDENTE,POR_ATRIBUIR_AL_CONTROL,NO_CERRADO_EN_ANTECEDENTE,NO_CERRADOS_EN_ANTECEDENTE,El decreto 2000/2024 publicado corresponde a excelencia y proyección deportiva. No acredita la beca superior de mantención del candidato.,https://www.municoelemu.cl/decreto-alcaldicio-n-2000-con-fecha-de-20-de-noviembre-de-2024-que-aprueba-bases-administrativas-de-beca-de-excelencia-y-proyeccion-deportiva-coelemu-2024/ | https://www.municoelemu.cl/,REVISION_MUNICIPAL_50_2026_10_08.md,Localizar las bases o ficha específica de Beca Municipal Educación Superior Coelemu en Municipalidad de Coelemu; contrastar el beneficio y los destinatarios frente a la carencia individual descrita en el antecedente.,63,NO,,,
c813d491edc595bdd474efd08d3229ec4cbe4ed24b63c059a979a5164dd422b5,Beca Municipal Educación Superior Concon,Municipalidad de Concon,REQUIERE_ACLARACION,IDENTIDAD_O_MODALIDAD,NO_CERRADA_EN_ANTECEDENTE,POR_ATRIBUIR_AL_CONTROL,NO_CERRADO_EN_ANTECEDENTE,NO_CERRADOS_EN_ANTECEDENTE,Reglamento deportivo 2026: modalidad distinta del candidato superior general.,https://transparenciaconcon.cl/upload/planilla/07_actosyresoluciones/Decretos/Decretos%20Alcaldicios%202026/Marzo/DA0718.pdf | https://concon.cl/,REVISION_FUENTES_51_2026_10_08.md,"Contrastar Beca Municipal Educación Superior Concon con el apartado del programa de Municipalidad de Concon; documentar correspondencia de nivel, destinatarios y tipo de apoyo antes de corregir cifras.",64,NO,,,
12b538ef6d46de6e96a66c6b59cc781840e337764bbc8fe1158ca44328d9d0cb,Beca Municipal de Educación Superior Copiapo,Municipalidad de Copiapo,REQUIERE_ACLARACION,IDENTIDAD_O_MODALIDAD,NO_CERRADA_EN_ANTECEDENTE,POR_ATRIBUIR_AL_CONTROL,NO_CERRADO_EN_ANTECEDENTE,NO_CERRADOS_EN_ANTECEDENTE,La noticia municipal Copiapó identifica Carmen Vilches para Medicina y Odontología en La Rioja. No es una beca municipal genérica de mantención nacional. Falta ficha específica de requisitos y cobertura de esa modalidad y acreditar su correspondencia con el registro.,https://copiapo.cl/index.php/2026/02/18/municipio-de-copiapo-se-reune-con-becados-de-medicina-y-proyecta-nuevas-alianzas-academicas-en-la-rioja/ | https://www.copiapo.cl/tramites-municipales/,REVISION_INSTITUCIONES_PAINE_50_2026_10_08.md,"Contrastar Beca Municipal de Educación Superior Copiapo con el apartado del programa de Municipalidad de Copiapo; documentar correspondencia de nivel, destinatarios y tipo de apoyo antes de corregir cifras.",65,NO,,,
f07686d2571b967768fbff52c4722d46b97c68f7a231705b1803180f7b55c9e4,Beca Municipal de Educación Superior Coronel,Municipalidad de Coronel,REQUIERE_ACLARACION,IDENTIDAD_O_MODALIDAD,NO_CERRADA_EN_ANTECEDENTE,POR_ATRIBUIR_AL_CONTROL,NO_CERRADO_EN_ANTECEDENTE,NO_CERRADOS_EN_ANTECEDENTE,Se reconsidera el antecedente individual y su alcance; sin nueva evidencia suficiente para cerrarlo. UCSC describe subvención de pasajes Coronel 2024. El premio municipal PAES es distinto; no asignar sus montos ni requisitos al registro genérico sin identificación positiva.,https://www.coronel.cl/noticias/orgullo-coronelino-alcalde-chamorro-premia-con-beca-a-dos-alumnos-del-liceo-bicentenario-por-puntaje-nacional-en-matematicas-paes/ | https://direcciones.ucsc.cl/content/uploads/sites/35/2024/12/Becas-Municipales.pdf | https://www.coronel.cl/,REVISION_INSTITUCIONES_PAINE_50_2026_10_08.md,"Contrastar Beca Municipal de Educación Superior Coronel con el apartado del programa de Municipalidad de Coronel; documentar correspondencia de nivel, destinatarios y tipo de apoyo antes de corregir cifras.",66,NO,,,
6e9fa1f5b3f2577cf61e596a308c1a07baf9dc18f187b60c50dd322909457131,Beca Municipal de Apoyo Estudiantil Visviri / General Lagos,Municipalidad de General Lagos,REQUIERE_ACLARACION,COMPLETAR_FICHA_ESENCIAL,NO_CERRADA_EN_ANTECEDENTE,POR_ATRIBUIR_AL_CONTROL,NO_CERRADO_EN_ANTECEDENTE,NO_CERRADOS_EN_ANTECEDENTE,Requisitos de Beca Indígena corresponden a JUNAEB; no prueban una beca municipal propia.,https://www.portalvisviri.cl/transparencia/documentos/social/REQUISITOS%20BECA%20INDIGENA.pdf | https://www.mungenerallagos.cl/,REVISION_FUENTES_51_2026_10_08.md,Localizar las bases o ficha específica de Beca Municipal de Apoyo Estudiantil Visviri / General Lagos en Municipalidad de General Lagos; contrastar el beneficio y los destinatarios frente a la carencia individual descrita en el antecedente.,67,NO,,,
349245ad74fc8dbe5e8eb93fb9b786d0a21cdba992eec27b0d9e03e14d4e868c,Beca Municipal Estudiantil Gorbea,Municipalidad de Gorbea,REQUIERE_ACLARACION,COMPLETAR_FICHA_ESENCIAL,NO_CERRADA_EN_ANTECEDENTE,POR_ATRIBUIR_AL_CONTROL,NO_CERRADO_EN_ANTECEDENTE,NO_CERRADOS_EN_ANTECEDENTE,Reglamento leído corresponde a Deportistas Destacados. No usar sus montos ni incompatibilidades para una beca superior de mantención.,https://www.municipalidadgorbea.cl/transparencia/images/ArchivosHOME/Anuncios/Bonos/2025/BASES%20BECAS%20DEPORTIVAS%202025%20WEB.pdf | https://municipalidadgorbea.cl/,REVISION_MUNICIPAL_50_2026_10_08.md,Localizar las bases o ficha específica de Beca Municipal Estudiantil Gorbea en Municipalidad de Gorbea; contrastar el beneficio y los destinatarios frente a la carencia individual descrita en el antecedente.,68,NO,,,
a8f912fccd636e21b44b40623366d008b52c4e9c71f2af449ff09cdbb9cd9e2a,Beca Municipal Estudiantil Hualane,Municipalidad de Hualane,REQUIERE_ACLARACION,IDENTIDAD_O_MODALIDAD,NO_CERRADA_EN_ANTECEDENTE,POR_ATRIBUIR_AL_CONTROL,NO_CERRADO_EN_ANTECEDENTE,NO_CERRADOS_EN_ANTECEDENTE,Transparencia marzo 2026 identifica reglamento de Deportistas Destacados. No acredita ayuda de educación superior; mantener modalidades separadas.,https://transparencia.hualane.cl/index.php?a=2026&action=plantillas_generar_plantilla&ia=12137&ig=411&m=3 | https://hualane.cl/,REVISION_MUNICIPAL_50_2026_10_08.md,"Contrastar Beca Municipal Estudiantil Hualane con el apartado del programa de Municipalidad de Hualane; documentar correspondencia de nivel, destinatarios y tipo de apoyo antes de corregir cifras.",69,NO,,,
156dd0bb62bd94aa399ff0ccfabd4a170ac4b527cde0c39d30b1d30a2508012a,Beca Municipal Educación Superior Hualpen,Municipalidad de Hualpen,REQUIERE_ACLARACION,IDENTIDAD_O_MODALIDAD,NO_CERRADA_EN_ANTECEDENTE,POR_ATRIBUIR_AL_CONTROL,NO_CERRADO_EN_ANTECEDENTE,NO_CERRADOS_EN_ANTECEDENTE,Descarga del PLADECO sin lectura utilizable. No atribuir un convenio de arancel a una beca de mantención.,https://www.hualpenciudad.cl/wp-content/uploads/2025/12/Pladeco-2026-2032-2-reducido.pdf | https://cade.udec.cl/wp-content/uploads/2024/10/Catastro-Beneficios-Municipales-2.pdf | https://hualpenciudad.cl/,REVISION_FUENTES_51_2026_10_08.md,"Contrastar Beca Municipal Educación Superior Hualpen con el apartado del programa de Municipalidad de Hualpen; documentar correspondencia de nivel, destinatarios y tipo de apoyo antes de corregir cifras.",70,NO,,,
15c8db341720668baebdd2a2be22b25bd8c99a733e5d854f6a53929b18b45b99,Beca de Mantención Educación Superior Huara,Municipalidad de Huara,REQUIERE_ACLARACION,IDENTIDAD_O_MODALIDAD,NO_CERRADA_EN_ANTECEDENTE,POR_ATRIBUIR_AL_CONTROL,NO_CERRADO_EN_ANTECEDENTE,NO_CERRADOS_EN_ANTECEDENTE,La entrega regional de computadores escolares es otro nivel y otro organismo.,https://www.goretarapaca.gov.cl/2-477-computadores-con-conexion-gratuita-a-internet-entrega-el-mineduc-a-estudiantes-de-tarapaca/ | https://www.imhuara.cl/,REVISION_FUENTES_51_2026_10_08.md,"Contrastar Beca de Mantención Educación Superior Huara con el apartado del programa de Municipalidad de Huara; documentar correspondencia de nivel, destinatarios y tipo de apoyo antes de corregir cifras.",71,NO,,,
38f0ee9c27d75d1036b0fad65fa5e3d4c3ceb98327a56087fbfa528843b42024,Beca Municipal Educación Superior Illapel,Municipalidad de Illapel,REQUIERE_ACLARACION,IDENTIDAD_O_MODALIDAD,NO_CERRADA_EN_ANTECEDENTE,POR_ATRIBUIR_AL_CONTROL,NO_CERRADO_EN_ANTECEDENTE,NO_CERRADOS_EN_ANTECEDENTE,Cuenta pública 2016 diferencia residencia estudiantil universitaria y prestaciones JUNAEB. No trasladar presupuestos globales o pagos a familias tutoras a un subsidio individual genérico.,https://municipalidadillapel.cl/trans_web/sitio/transparencia/cuentas_publicas/cuenta_publica_2016.pdf | https://www.municipalidadillapel.cl/,REVISION_MUNICIPAL_50_2026_10_08.md,"Contrastar Beca Municipal Educación Superior Illapel con el apartado del programa de Municipalidad de Illapel; documentar correspondencia de nivel, destinatarios y tipo de apoyo antes de corregir cifras.",72,NO,,,
b8b0e486aadb5a9ea10a112dcb4f875f4b70455792e81803392506fd81120baf,Beca Municipal de Educación Superior,Municipalidad de Iquique,REQUIERE_ACLARACION,COMPLETAR_FICHA_ESENCIAL,NO_CERRADA_EN_ANTECEDENTE,POR_ATRIBUIR_AL_CONTROL,NO_CERRADO_EN_ANTECEDENTE,NO_CERRADOS_EN_ANTECEDENTE,"El documento Iquique es Beca Artística Sixto Rojas, en dos líneas de apoyo y pago único para implementos o desarrollo artístico. No acredita mantención superior general.",https://www.municipioiquique.cl/files/1439 | https://www.municipioiquique.cl/,REVISION_INSTITUCIONES_PAINE_50_2026_10_08.md,Localizar las bases o ficha específica de Beca Municipal de Educación Superior en Municipalidad de Iquique; contrastar el beneficio y los destinatarios frente a la carencia individual descrita en el antecedente.,73,NO,,,
1d5e0e1a3d7093d6cd170875d30b640fc8e17c11a5ee6e1a0adf27f48e46680a,Beca Municipal de Educación Superior Iquique,Municipalidad de Iquique,REQUIERE_ACLARACION,IDENTIDAD_O_MODALIDAD,NO_CERRADA_EN_ANTECEDENTE,POR_ATRIBUIR_AL_CONTROL,NO_CERRADO_EN_ANTECEDENTE,NO_CERRADOS_EN_ANTECEDENTE,La fuente trata Sixto Rojas artística; no trasladar requisitos a una beca genérica superior.,https://www.municipioiquique.cl/files/1439 | https://www.municipioiquique.cl/,REVISION_FUENTES_51_2026_10_08.md,"Contrastar Beca Municipal de Educación Superior Iquique con el apartado del programa de Municipalidad de Iquique; documentar correspondencia de nivel, destinatarios y tipo de apoyo antes de corregir cifras.",74,NO,,,
e815bff334da2705dfa9de4cce04d097a1ab8b79c6ca323df0e83814a3ac50ed,Beca Municipal de Educación Superior Archipielago Juan Fernandez,Municipalidad de Juan Fernandez,REQUIERE_ACLARACION,COMPLETAR_FICHA_ESENCIAL,NO_CERRADA_EN_ANTECEDENTE,POR_ATRIBUIR_AL_CONTROL,NO_CERRADO_EN_ANTECEDENTE,NO_CERRADOS_EN_ANTECEDENTE,No se localizó una ficha primaria utilizable; conservar y buscar bases o cuenta pública.,https://www.comunajuanfernandez.cl/,REVISION_FUENTES_51_2026_10_08.md,Localizar las bases o ficha específica de Beca Municipal de Educación Superior Archipielago Juan Fernandez en Municipalidad de Juan Fernandez; contrastar el beneficio y los destinatarios frente a la carencia individual descrita en el antecedente.,75,NO,,,
bcf0f46a8e57d8c6393ed52c9728f1aae74ac4b4633b4f8620fd2559a9ca96a0,Beca Municipal Educación Superior La Florida,Municipalidad de La Florida,REQUIERE_ACLARACION,COMPLETAR_FICHA_ESENCIAL,NO_CERRADA_EN_ANTECEDENTE,POR_ATRIBUIR_AL_CONTROL,NO_CERRADO_EN_ANTECEDENTE,NO_CERRADOS_EN_ANTECEDENTE,La convocatoria escolar 2026 comprende kínder a cuarto medio. No acredita educación superior.,https://appx.laflorida.cl/beca_escolar/ | https://www.uahurtado.cl/wp-images/uploads/2022/03/BENEFICIOS-ESTUDIANTILES-ADMISION-2022.pdf | https://www.laflorida.cl/,REVISION_FUENTES_51_2026_10_08.md,Localizar las bases o ficha específica de Beca Municipal Educación Superior La Florida en Municipalidad de La Florida; contrastar el beneficio y los destinatarios frente a la carencia individual descrita en el antecedente.,76,NO,,,
3db63e158093f4ca059aa76fc230e609868cd150fbf00adc92115204f20847be,Beca Municipal de Educación Superior La Florida,Municipalidad de La Florida,REQUIERE_ACLARACION,COMPLETAR_FICHA_ESENCIAL,NO_CERRADA_EN_ANTECEDENTE,POR_ATRIBUIR_AL_CONTROL,NO_CERRADO_EN_ANTECEDENTE,NO_CERRADOS_EN_ANTECEDENTE,El catastro UAH 2022 indica ausencia de información de beneficios para este municipio. Ese vacío histórico no acredita inexistencia ni confirma beneficio y elegibilidad; conservar el registro y localizar una ficha municipal específica.,https://appx.laflorida.cl/beca_escolar/ | https://www.uahurtado.cl/wp-images/uploads/2022/03/BENEFICIOS-ESTUDIANTILES-ADMISION-2022.pdf | https://www.laflorida.cl/,REVISION_INSTITUCIONES_PAINE_50_2026_10_08.md,Localizar las bases o ficha específica de Beca Municipal de Educación Superior La Florida en Municipalidad de La Florida; contrastar el beneficio y los destinatarios frente a la carencia individual descrita en el antecedente.,77,NO,,,
82e713f0fbea43f22b9bfa7c6641b139e5f012e85a896aaad1d3d4194e7fdcd3,Subsidio de Pasajes La Serena,Municipalidad de La Serena,REQUIERE_ACLARACION,IDENTIDAD_O_MODALIDAD,NO_CERRADA_EN_ANTECEDENTE,POR_ATRIBUIR_AL_CONTROL,NO_CERRADO_EN_ANTECEDENTE,NO_CERRADOS_EN_ANTECEDENTE,El acta de 2013 describe apoyo SIPEE a estudiantes de liceos municipales. No acredita una modalidad general de pasajes.,https://transparencia.laserena.cl/documentos/898_06-03-2013_11-25-56_O.pdf | https://transparencia.laserena.cl/ptransact.php?n=104 | https://www.laserena.cl/dideco/,REVISION_FUENTES_51_2026_10_08.md,"Contrastar Subsidio de Pasajes La Serena con el apartado del programa de Municipalidad de La Serena; documentar correspondencia de nivel, destinatarios y tipo de apoyo antes de corregir cifras.",78,NO,,,
00f59b834069f459dac589b6fc8bdd7c4fb6b0ac0a0851ab4b99f4bc976f0f9a,Beca PAES y Educación Superior Lebu 2026,Municipalidad de Lebu,REQUIERE_ACLARACION,IDENTIDAD_O_MODALIDAD,NO_CERRADA_EN_ANTECEDENTE,POR_ATRIBUIR_AL_CONTROL,NO_CERRADO_EN_ANTECEDENTE,NO_CERRADOS_EN_ANTECEDENTE,El catastro UCSC 2026 distingue modalidades. No prueba equivalencia entre beca PAES y ayuda general de permanencia del candidato.,https://direcciones.ucsc.cl/content/uploads/sites/35/2026/01/Becas-Municipales-2026.pdf | https://lebu.cl/,REVISION_INSTITUCIONES_PAINE_50_2026_10_08.md,"Contrastar Beca PAES y Educación Superior Lebu 2026 con el apartado del programa de Municipalidad de Lebu; documentar correspondencia de nivel, destinatarios y tipo de apoyo antes de corregir cifras.",79,NO,,,
659599e5d6b312ea6c845ba9ce3e51441d5bf39887b404f07c3d2396df4e15d0,Beca Municipal Educación Superior Llay Llay,Municipalidad de Llay Llay,REQUIERE_ACLARACION,COMPLETAR_FICHA_ESENCIAL,NO_CERRADA_EN_ANTECEDENTE,POR_ATRIBUIR_AL_CONTROL,NO_CERRADO_EN_ANTECEDENTE,NO_CERRADOS_EN_ANTECEDENTE,La búsqueda dirigida municipal no entregó una ficha oficial utilizable. Conservar candidatura y buscar bases o cuenta pública del programa; no es evidencia de inexistencia.,https://www.munillay.cl/,REVISION_MUNICIPAL_50_2026_10_08.md,Localizar las bases o ficha específica de Beca Municipal Educación Superior Llay Llay en Municipalidad de Llay Llay; contrastar el beneficio y los destinatarios frente a la carencia individual descrita en el antecedente.,80,NO,,,
110abad952a6979326ffe1fe52a0ce8555f5d3020caab03b56c094ad4bf617c8,Beca Municipal de Educación Superior Lo Espejo,Municipalidad de Lo Espejo,REQUIERE_ACLARACION,COMPLETAR_FICHA_ESENCIAL,NO_CERRADA_EN_ANTECEDENTE,POR_ATRIBUIR_AL_CONTROL,NO_CERRADO_EN_ANTECEDENTE,NO_CERRADOS_EN_ANTECEDENTE,La función administrativa de postular becas superiores no acredita un aporte municipal propio.,https://www.loespejo.cl/departamento-de-desarrollo-social/ | https://www.uahurtado.cl/wp-images/uploads/2022/03/BENEFICIOS-ESTUDIANTILES-ADMISION-2022.pdf | https://loespejo.cl/,REVISION_FUENTES_51_2026_10_08.md,Localizar las bases o ficha específica de Beca Municipal de Educación Superior Lo Espejo en Municipalidad de Lo Espejo; contrastar el beneficio y los destinatarios frente a la carencia individual descrita en el antecedente.,81,NO,,,
5b2d79384e9951cbd6186815af578ecd7cc208c75becb98098212fa496dedfeb,Beca Municipal para Estudiantes de Educación Superior Los Vilos,Municipalidad de Los Vilos,REQUIERE_ACLARACION,IDENTIDAD_O_MODALIDAD,NO_CERRADA_EN_ANTECEDENTE,POR_ATRIBUIR_AL_CONTROL,NO_CERRADO_EN_ANTECEDENTE,NO_CERRADOS_EN_ANTECEDENTE,Transferencia oficial de 2005 corresponde a Residencia Familiar Estudiantil. Aporte institucional de convenio: no equivale a beca municipal propia ni monto individual.,https://registros19862.gob.cl/transferencia/25727 | https://www.losvilos.cl/,REVISION_MUNICIPAL_50_2026_10_08.md,"Contrastar Beca Municipal para Estudiantes de Educación Superior Los Vilos con el apartado del programa de Municipalidad de Los Vilos; documentar correspondencia de nivel, destinatarios y tipo de apoyo antes de corregir cifras.",82,NO,,,
77e791153f86a28a6e03f161d07e5a56385189d69ee93da6b4247b1f4d674b4d,Beca Municipal para Estudiantes de Educación Superior Lota,Municipalidad de Lota,REQUIERE_ACLARACION,IDENTIDAD_O_MODALIDAD,NO_CERRADA_EN_ANTECEDENTE,POR_ATRIBUIR_AL_CONTROL,NO_CERRADO_EN_ANTECEDENTE,NO_CERRADOS_EN_ANTECEDENTE,Noticias identifican Beca Pasajes 2026. Faltan bases y equivalencia con el aporte económico genérico original.,https://lota.cl/2026/04/ | https://direcciones.ucsc.cl/content/uploads/sites/35/2024/12/Becas-Municipales.pdf | https://lota.cl/,REVISION_FUENTES_51_2026_10_08.md,"Contrastar Beca Municipal para Estudiantes de Educación Superior Lota con el apartado del programa de Municipalidad de Lota; documentar correspondencia de nivel, destinatarios y tipo de apoyo antes de corregir cifras.",83,NO,,,
c23f9a26df1f5c65e25b477365c0556848bca3453f8fde442390638e729bdb9e,Beca Municipal Educación Superior Mafil,Municipalidad de Mafil,REQUIERE_ACLARACION,IDENTIDAD_O_MODALIDAD,NO_CERRADA_EN_ANTECEDENTE,POR_ATRIBUIR_AL_CONTROL,NO_CERRADO_EN_ANTECEDENTE,NO_CERRADOS_EN_ANTECEDENTE,Bases deportivas inaccesibles. No acreditan la modalidad superior candidata.,https://www.munimafil.cl/wp-content/uploads/2026/01/Becas-Deportivas-2026.pdf | https://munimafil.cl/,REVISION_FUENTES_51_2026_10_08.md,"Contrastar Beca Municipal Educación Superior Mafil con el apartado del programa de Municipalidad de Mafil; documentar correspondencia de nivel, destinatarios y tipo de apoyo antes de corregir cifras.",84,NO,,,
f2c8125ad91266de64f3916c120773b4e44f46191cd1b2d514c956df5c2ffae5,Beca Municipal Estudiantil Maria Pinto,Municipalidad de Maria Pinto,REQUIERE_ACLARACION,COMPLETAR_FICHA_ESENCIAL,NO_CERRADA_EN_ANTECEDENTE,POR_ATRIBUIR_AL_CONTROL,NO_CERRADO_EN_ANTECEDENTE,NO_CERRADOS_EN_ANTECEDENTE,Formularios FONDEVE son financiamiento vecinal; no acreditan una beca estudiantil.,https://www.mpinto.cl/formularios-fondeve/ | https://www.mpinto.cl/,REVISION_FUENTES_51_2026_10_08.md,Localizar las bases o ficha específica de Beca Municipal Estudiantil Maria Pinto en Municipalidad de Maria Pinto; contrastar el beneficio y los destinatarios frente a la carencia individual descrita en el antecedente.,85,NO,,,
10ff76533448d99eb23690b3de215c3d6181697366b60cd129e2ffc98b70b2f2,Beca Municipal Educación Superior Mejillones,Municipalidad de Mejillones,REQUIERE_ACLARACION,COMPLETAR_FICHA_ESENCIAL,NO_CERRADA_EN_ANTECEDENTE,POR_ATRIBUIR_AL_CONTROL,NO_CERRADO_EN_ANTECEDENTE,NO_CERRADOS_EN_ANTECEDENTE,Página DIDECO consultada: unidad de becas y prestaciones sociales. No se obtiene ficha específica con cobertura y requisitos de la beca superior candidata.,https://www.mejillones.cl/departamento-de-desarrollo-comunitario/ | https://www.mejillones.cl/,REVISION_MUNICIPAL_50_2026_10_08.md,Localizar las bases o ficha específica de Beca Municipal Educación Superior Mejillones en Municipalidad de Mejillones; contrastar el beneficio y los destinatarios frente a la carencia individual descrita en el antecedente.,86,NO,,,
18b9ad971e54340ff364e4ad816c4e9b99e30975d002a97c3f2849333c7092c9,Beca Municipal de Apoyo a la Educación Superior Panquehue,Municipalidad de Panquehue,REQUIERE_ACLARACION,COMPLETAR_FICHA_ESENCIAL,NO_CERRADA_EN_ANTECEDENTE,POR_ATRIBUIR_AL_CONTROL,NO_CERRADO_EN_ANTECEDENTE,NO_CERRADOS_EN_ANTECEDENTE,Página consultada sin información utilizable sobre beca. Buscar bases o servicio municipal específico.,https://www.impanquehue.cl/?page_id=89 | https://www.panquehue.cl/,REVISION_MUNICIPAL_50_2026_10_08.md,Localizar las bases o ficha específica de Beca Municipal de Apoyo a la Educación Superior Panquehue en Municipalidad de Panquehue; contrastar el beneficio y los destinatarios frente a la carencia individual descrita en el antecedente.,87,NO,,,
52f8af30f4a3f7b65fa2426b0a4c01d4d19f27274fa46ffd70efd4523cf3bcf4,Beca Municipal de Educación Superior Paredones,Municipalidad de Paredones,REQUIERE_ACLARACION,COMPLETAR_FICHA_ESENCIAL,NO_CERRADA_EN_ANTECEDENTE,POR_ATRIBUIR_AL_CONTROL,NO_CERRADO_EN_ANTECEDENTE,NO_CERRADOS_EN_ANTECEDENTE,Noticia de 2020 es una pista de convocatoria. Faltan bases primarias de beneficio y requisitos.,https://www.lavozdelaregion.cl/index.php/educacion | https://muparedones.cl/,REVISION_FUENTES_51_2026_10_08.md,Localizar las bases o ficha específica de Beca Municipal de Educación Superior Paredones en Municipalidad de Paredones; contrastar el beneficio y los destinatarios frente a la carencia individual descrita en el antecedente.,88,NO,,,
f3950ceac885049cfcac7eeb41284cb0f7652fa8444e7485caa128aa92a189d1,Beca Municipal para Estudiantes de Educación Superior Penaflor,Municipalidad de Penaflor,REQUIERE_ACLARACION,COMPLETAR_FICHA_ESENCIAL,NO_CERRADA_EN_ANTECEDENTE,POR_ATRIBUIR_AL_CONTROL,NO_CERRADO_EN_ANTECEDENTE,NO_CERRADOS_EN_ANTECEDENTE,La orientación sobre becas estatales no acredita esta beca municipal propia.,https://penaflor.cl/departamento-social/ | https://penaflor.cl/tramites/ | https://www.uahurtado.cl/wp-images/uploads/2022/03/BENEFICIOS-ESTUDIANTILES-ADMISION-2022.pdf | https://penaflor.cl/,REVISION_FUENTES_51_2026_10_08.md,Localizar las bases o ficha específica de Beca Municipal para Estudiantes de Educación Superior Penaflor en Municipalidad de Penaflor; contrastar el beneficio y los destinatarios frente a la carencia individual descrita en el antecedente.,89,NO,,,
3e8cd9c8cbf5ccf2d1ff61f34213f00dbdb478428ee2e6b7f9220af053ba6d2b,Beca de Educación Superior Municipalidad de Penaflor,Municipalidad de Penaflor,REQUIERE_ACLARACION,COMPLETAR_FICHA_ESENCIAL,NO_CERRADA_EN_ANTECEDENTE,POR_ATRIBUIR_AL_CONTROL,NO_CERRADO_EN_ANTECEDENTE,NO_CERRADOS_EN_ANTECEDENTE,Orientación sobre FUAS y JUNAEB no acredita una beca municipal propia.,https://penaflor.cl/departamento-social/ | https://penaflor.cl/tramites/ | https://www.uahurtado.cl/wp-images/uploads/2022/03/BENEFICIOS-ESTUDIANTILES-ADMISION-2022.pdf | https://penaflor.cl/,REVISION_FUENTES_51_2026_10_08.md,Localizar las bases o ficha específica de Beca de Educación Superior Municipalidad de Penaflor en Municipalidad de Penaflor; contrastar el beneficio y los destinatarios frente a la carencia individual descrita en el antecedente.,90,NO,,,
c771d5766f936a13d34cf61fbe11fe17f43c7dc615944a6cebd3233f3601518a,Beca Municipal Educación Superior Pencahue,Municipalidad de Pencahue,REQUIERE_ACLARACION,IDENTIDAD_O_MODALIDAD,NO_CERRADA_EN_ANTECEDENTE,POR_ATRIBUIR_AL_CONTROL,NO_CERRADO_EN_ANTECEDENTE,NO_CERRADOS_EN_ANTECEDENTE,Resultados de búsqueda mezclan trámite de Los Lagos con servicios de Pencahue. No atribuir la beca de otra comuna a esta candidatura.,https://www.mpencahue.cl/transparencia/TA-2019/PLADECO/PLADECO-19-26.pdf | https://www.mpencahue.cl/,REVISION_MUNICIPAL_50_2026_10_08.md,"Contrastar Beca Municipal Educación Superior Pencahue con el apartado del programa de Municipalidad de Pencahue; documentar correspondencia de nivel, destinatarios y tipo de apoyo antes de corregir cifras.",91,NO,,,
62db0c8f117014a3ff21582bed8636c64f733bc9a11ee9d324f7d775a9b1290a,Beca Municipal Educación Superior Perquenco,Municipalidad de Perquenco,REQUIERE_ACLARACION,COMPLETAR_FICHA_ESENCIAL,NO_CERRADA_EN_ANTECEDENTE,POR_ATRIBUIR_AL_CONTROL,NO_CERRADO_EN_ANTECEDENTE,NO_CERRADOS_EN_ANTECEDENTE,Referencia presupuestaria sin reglamento primario utilizable. No dividir presupuesto por beneficiarios para inventar importe.,https://perquenco.cl/,REVISION_FUENTES_51_2026_10_08.md,Localizar las bases o ficha específica de Beca Municipal Educación Superior Perquenco en Municipalidad de Perquenco; contrastar el beneficio y los destinatarios frente a la carencia individual descrita en el antecedente.,92,NO,,,
134c809033fadcecdb8aff678997abb675ac809e8107ce87aee3b3937ce65452,Beca Municipal Educación Superior Aysen,Municipalidad de Puerto Aysen,REQUIERE_ACLARACION,IDENTIDAD_O_MODALIDAD,NO_CERRADA_EN_ANTECEDENTE,POR_ATRIBUIR_AL_CONTROL,NO_CERRADO_EN_ANTECEDENTE,NO_CERRADOS_EN_ANTECEDENTE,No atribuir beneficios de otras comunas de la región de Aysén a esta municipalidad.,https://puertoaysen.cl/,REVISION_FUENTES_51_2026_10_08.md,"Contrastar Beca Municipal Educación Superior Aysen con el apartado del programa de Municipalidad de Puerto Aysen; documentar correspondencia de nivel, destinatarios y tipo de apoyo antes de corregir cifras.",93,NO,,,
ba64f69ca2f4923b0cc3eeaab9e3b32f62b3d1640a4d98961cc106164d9c7212,Beca Municipal Educación Superior,Municipalidad de Puerto Montt,REQUIERE_ACLARACION,IDENTIDAD_O_MODALIDAD,NO_CERRADA_EN_ANTECEDENTE,POR_ATRIBUIR_AL_CONTROL,NO_CERRADO_EN_ANTECEDENTE,NO_CERRADOS_EN_ANTECEDENTE,La noticia oficial de Puerto Montt diferencia beneficios para egresados municipales y otra beca deportiva de hasta $1 millón. No se identifica un aporte genérico superior equivalente al registro; no sumar categorías.,https://www.puertomontt.cl/hasta-el-27-de-marzo-se-amplia-el-plazo-para-postular-a-beneficios-para-estudiantes-de-la-educacion-superior-egresados-de-la-educacion-municipal/ | https://www.puertomontt.cl/puerto-montt-lanza-la-primera-beca-deportiva-municipal/ | https://www.puertomontt.cl/,REVISION_INSTITUCIONES_PAINE_50_2026_10_08.md,"Contrastar Beca Municipal Educación Superior con el apartado del programa de Municipalidad de Puerto Montt; documentar correspondencia de nivel, destinatarios y tipo de apoyo antes de corregir cifras.",94,NO,,,
8e06647a5b0809fa08e8825421fa64cc8f63723877eafde0470f1cef87df1216,Beca Municipal Educación Superior Puerto Montt,Municipalidad de Puerto Montt,REQUIERE_ACLARACION,COMPLETAR_FICHA_ESENCIAL,NO_CERRADA_EN_ANTECEDENTE,POR_ATRIBUIR_AL_CONTROL,NO_CERRADO_EN_ANTECEDENTE,NO_CERRADOS_EN_ANTECEDENTE,"La noticia corresponde a una cohorte PAES específica y exige residencia, matrícula y puntaje. No acredita beneficio general ni el importe del original.",https://www.puertomontt.cl/hasta-el-27-de-marzo-se-amplia-el-plazo-para-postular-a-beneficios-para-estudiantes-de-la-educacion-superior-egresados-de-la-educacion-municipal/ | https://www.puertomontt.cl/puerto-montt-lanza-la-primera-beca-deportiva-municipal/ | https://www.puertomontt.cl/,REVISION_FUENTES_51_2026_10_08.md,Localizar las bases o ficha específica de Beca Municipal Educación Superior Puerto Montt en Municipalidad de Puerto Montt; contrastar el beneficio y los destinatarios frente a la carencia individual descrita en el antecedente.,95,NO,,,
5840f712df04ee639d64d6b629fe7499810848e5a3426a01a50f5ad29f45e1a9,Beca Municipal y Beca Mérito Deportivo,Municipalidad de Punitaqui,REQUIERE_ACLARACION,COMPLETAR_FICHA_ESENCIAL,NO_CERRADA_EN_ANTECEDENTE,POR_ATRIBUIR_AL_CONTROL,NO_CERRADO_EN_ANTECEDENTE,NO_CERRADOS_EN_ANTECEDENTE,"Ficha municipal confirma Mérito Deportivo hasta 5 UTM anuales. Es programa deportivo, no evidencia de la beca superior candidata.",https://www.munipunitaqui.cl/noticias/beca-al-merito-deportivo-2026/ | https://www.munipunitaqui.cl/,REVISION_MUNICIPAL_50_2026_10_08.md,Localizar las bases o ficha específica de Beca Municipal y Beca Mérito Deportivo en Municipalidad de Punitaqui; contrastar el beneficio y los destinatarios frente a la carencia individual descrita en el antecedente.,96,NO,,,
dad3b6b78a519cd5ea718531a74e92716d4d2e427efed74552c171783c10b959,Beca Municipal para Educación Superior Punta Arenas,Municipalidad de Punta Arenas,REQUIERE_ACLARACION,COMPLETAR_FICHA_ESENCIAL,NO_CERRADA_EN_ANTECEDENTE,POR_ATRIBUIR_AL_CONTROL,NO_CERRADO_EN_ANTECEDENTE,NO_CERRADOS_EN_ANTECEDENTE,"Cuenta Pública Punta Arenas 2019 menciona tramitación y renovación de becas, sin ficha superior propia recuperada. La URL DIDECO no entrega contenido suficiente. No confundir gestión de beneficios estatales con financiación municipal.",https://www.puntaarenas.cl/archivos/Cuentas_Publicas/CUENTA_PUBLICA_2019.pdf | https://www.puntaarenas.cl/dideco,REVISION_INSTITUCIONES_PAINE_50_2026_10_08.md,Localizar las bases o ficha específica de Beca Municipal para Educación Superior Punta Arenas en Municipalidad de Punta Arenas; contrastar el beneficio y los destinatarios frente a la carencia individual descrita en el antecedente.,97,NO,,,
3e4673bc545382427a6ceab712fb1c04ad62322d3f7be60b28fab21f51f48367,Beca Municipal Estudiantil Putre (Educación Superior),Municipalidad de Putre,REQUIERE_ACLARACION,COMPLETAR_FICHA_ESENCIAL,NO_CERRADA_EN_ANTECEDENTE,POR_ATRIBUIR_AL_CONTROL,NO_CERRADO_EN_ANTECEDENTE,NO_CERRADOS_EN_ANTECEDENTE,Gestión 2019 informa tramitación de Indígena y Presidente de la República. No acredita un programa municipal propio; su ausencia en el apartado no demuestra inexistencia.,https://imputre.cl/wp-content/uploads/2020/04/LIBRO-CUENTA-PUBLICA-2019-FINAL.pdf | https://www.imputre.cl/,REVISION_MUNICIPAL_50_2026_10_08.md,Localizar las bases o ficha específica de Beca Municipal Estudiantil Putre (Educación Superior) en Municipalidad de Putre; contrastar el beneficio y los destinatarios frente a la carencia individual descrita en el antecedente.,98,NO,,,
9128e1de1498d39f011b4d87625c566b6fdcca045e04ae41361a03fa18ab2ae8,Beca Municipal Educación Superior Quinchao,Municipalidad de Quinchao,REQUIERE_ACLARACION,COMPLETAR_FICHA_ESENCIAL,NO_CERRADA_EN_ANTECEDENTE,POR_ATRIBUIR_AL_CONTROL,NO_CERRADO_EN_ANTECEDENTE,NO_CERRADOS_EN_ANTECEDENTE,Búsqueda municipal dirigida sin resultado utilizable. Mantener original y consultar bases/actas; no cambiar estado por ausencia de resultados.,https://www.municipalidadquinchao.cl/,REVISION_MUNICIPAL_50_2026_10_08.md,Localizar las bases o ficha específica de Beca Municipal Educación Superior Quinchao en Municipalidad de Quinchao; contrastar el beneficio y los destinatarios frente a la carencia individual descrita en el antecedente.,99,NO,,,
7e5103fb180e69c6b629ad32592c8527b6b854c0d0f7b912cace02c4818b544e,Beca Municipal Estudiantil Rauco,Municipalidad de Rauco,REQUIERE_ACLARACION,IDENTIDAD_O_MODALIDAD,NO_CERRADA_EN_ANTECEDENTE,POR_ATRIBUIR_AL_CONTROL,NO_CERRADO_EN_ANTECEDENTE,NO_CERRADOS_EN_ANTECEDENTE,Cuenta pública 2024 bloqueada. Búsqueda de cuentas 2019/2021 muestra beneficios estatales; no sustituir la beca propia ni descartarla.,https://www.munirauco.cl/sitio/wp-content/uploads/2025/04/INFORME-CTA.-PUB.-2024.pdf | https://www.munirauco.cl/,REVISION_MUNICIPAL_50_2026_10_08.md,"Contrastar Beca Municipal Estudiantil Rauco con el apartado del programa de Municipalidad de Rauco; documentar correspondencia de nivel, destinatarios y tipo de apoyo antes de corregir cifras.",100,NO,,,
b33db90fdf464549fc5c8f225a8bf642774711f5660eb30125ca60ea07359022,Beca Municipal para Estudios Superiores Retiro,Municipalidad de Retiro,REQUIERE_ACLARACION,COMPLETAR_FICHA_ESENCIAL,NO_CERRADA_EN_ANTECEDENTE,POR_ATRIBUIR_AL_CONTROL,NO_CERRADO_EN_ANTECEDENTE,NO_CERRADOS_EN_ANTECEDENTE,Página servida no aporta una descripción verificable de beca. Se requiere publicación específica; no completar con requisitos estándar municipales.,https://retiro.cl/noticias2/ | https://www.muniretiro.cl/,REVISION_MUNICIPAL_50_2026_10_08.md,Localizar las bases o ficha específica de Beca Municipal para Estudios Superiores Retiro en Municipalidad de Retiro; contrastar el beneficio y los destinatarios frente a la carencia individual descrita en el antecedente.,101,NO,,,
8630387a7f9cec25198a7c736bd5039038b22360da3437993b45b042ab224eb1,Beca de Educación Superior Rio Claro,Municipalidad de Rio Claro,REQUIERE_ACLARACION,IDENTIDAD_O_MODALIDAD,NO_CERRADA_EN_ANTECEDENTE,POR_ATRIBUIR_AL_CONTROL,NO_CERRADO_EN_ANTECEDENTE,NO_CERRADOS_EN_ANTECEDENTE,"La búsqueda por Río Claro recupera nombres de liceos y becas JUNAEB de otras comunas, sin bases superiores propias. No atribuir esos programas al municipio del registro.",https://www.munirioclaro.cl/,REVISION_INSTITUCIONES_PAINE_50_2026_10_08.md,"Contrastar Beca de Educación Superior Rio Claro con el apartado del programa de Municipalidad de Rio Claro; documentar correspondencia de nivel, destinatarios y tipo de apoyo antes de corregir cifras.",102,NO,,,
5ab3468f5021776c0496de2182244397e57fac292bee1f1a081a92dcc9dabd1b,Beca Municipal de Educación Superior Romeral,Municipalidad de Romeral,REQUIERE_ACLARACION,IDENTIDAD_O_MODALIDAD,NO_CERRADA_EN_ANTECEDENTE,POR_ATRIBUIR_AL_CONTROL,NO_CERRADO_EN_ANTECEDENTE,NO_CERRADOS_EN_ANTECEDENTE,Página consultada sin ficha de beneficio. Cuenta pública 2014 indexada describe prestaciones estatales; no atribuirlas al municipio como programa propio.,https://muniromeral.cl/romeral/?page_id=9336 | https://www.romeral.cl/,REVISION_MUNICIPAL_50_2026_10_08.md,"Contrastar Beca Municipal de Educación Superior Romeral con el apartado del programa de Municipalidad de Romeral; documentar correspondencia de nivel, destinatarios y tipo de apoyo antes de corregir cifras.",103,NO,,,
4a5de12a7ae56ae7b9bf5d12e00979bbec8894b72835c38cafbb24d508a8b8d6,Beca Municipal de Educación Superior Salamanca,Municipalidad de Salamanca,REQUIERE_ACLARACION,IDENTIDAD_O_MODALIDAD,NO_CERRADA_EN_ANTECEDENTE,POR_ATRIBUIR_AL_CONTROL,NO_CERRADO_EN_ANTECEDENTE,NO_CERRADOS_EN_ANTECEDENTE,DAE distingue devolución de matrícula y residencias CARES. El original describe subsidio de mantención anual: no está acreditado que sea la misma modalidad. No reemplazarlo automáticamente por reembolso.,https://salamanca.cl/direccion-de-asuntos-estudiantiles/ | https://www.salamanca.cl/,REVISION_MUNICIPAL_50_2026_10_08.md,"Contrastar Beca Municipal de Educación Superior Salamanca con el apartado del programa de Municipalidad de Salamanca; documentar correspondencia de nivel, destinatarios y tipo de apoyo antes de corregir cifras.",104,NO,,,
1e8969f1902fd0d2d7581a12d2f58769b41d39c99bc4f2870b8aca9b982d7fbc,Beca Municipal de Educación Superior San Miguel,Municipalidad de San Miguel,REQUIERE_ACLARACION,IDENTIDAD_O_MODALIDAD,NO_CERRADA_EN_ANTECEDENTE,POR_ATRIBUIR_AL_CONTROL,NO_CERRADO_EN_ANTECEDENTE,NO_CERRADOS_EN_ANTECEDENTE,El apartado educativo no acredita beneficio propio superior. No usar noticias de otra comuna.,https://web.sanmiguel.cl/category/educacion/ | https://web.sanmiguel.cl/category/ninos/ | https://www.uahurtado.cl/wp-images/uploads/2022/03/BENEFICIOS-ESTUDIANTILES-ADMISION-2022.pdf | https://www.sanmiguel.cl/,REVISION_FUENTES_51_2026_10_08.md,"Contrastar Beca Municipal de Educación Superior San Miguel con el apartado del programa de Municipalidad de San Miguel; documentar correspondencia de nivel, destinatarios y tipo de apoyo antes de corregir cifras.",105,NO,,,
ecec85e3fcec3c2300080131f2fe657701ff13bc3db3968e55a151adfd69eedc,Beca Municipal de Educación Superior San Pedro de la Paz,Municipalidad de San Pedro de la Paz,REQUIERE_ACLARACION,COMPLETAR_FICHA_ESENCIAL,NO_CERRADA_EN_ANTECEDENTE,POR_ATRIBUIR_AL_CONTROL,NO_CERRADO_EN_ANTECEDENTE,NO_CERRADOS_EN_ANTECEDENTE,El catálogo no entrega ficha completa de cobertura y requisitos.,https://www.transparencia.sanpedrodelapaz.cl/admin/programas.php | https://direcciones.ucsc.cl/content/uploads/sites/35/2024/12/Becas-Municipales.pdf | https://sanpedrodelapaz.cl/,REVISION_FUENTES_51_2026_10_08.md,Localizar las bases o ficha específica de Beca Municipal de Educación Superior San Pedro de la Paz en Municipalidad de San Pedro de la Paz; contrastar el beneficio y los destinatarios frente a la carencia individual descrita en el antecedente.,106,NO,,,
a8bc761f5e12dded29acfc7726e505e53b36717038b3335bda0a02f8bf7e6e3e,Beca de Educación Superior Santa Barbara,Municipalidad de Santa Barbara,REQUIERE_ACLARACION,COMPLETAR_FICHA_ESENCIAL,NO_CERRADA_EN_ANTECEDENTE,POR_ATRIBUIR_AL_CONTROL,NO_CERRADO_EN_ANTECEDENTE,NO_CERRADOS_EN_ANTECEDENTE,La plantilla de transparencia consultada no describe esta beca.,https://transparencia.santabarbara.cl/index.php?a=2019&action=plantillas_generar_plantilla&ia=3264&ig=237&m=3 | https://cade.udec.cl/wp-content/uploads/2024/10/Catastro-Beneficios-Municipales-2.pdf | https://www.santabarbara.cl/,REVISION_FUENTES_51_2026_10_08.md,Localizar las bases o ficha específica de Beca de Educación Superior Santa Barbara en Municipalidad de Santa Barbara; contrastar el beneficio y los destinatarios frente a la carencia individual descrita en el antecedente.,107,NO,,,
99de0a46cc9f5c789ec328b01648ec4c462293edd80439b9af8954df5d80c1c5,Beca Municipal de Educación Superior,Municipalidad de Santa Juana,REQUIERE_ACLARACION,COMPLETAR_FICHA_ESENCIAL,NO_CERRADA_EN_ANTECEDENTE,POR_ATRIBUIR_AL_CONTROL,NO_CERRADO_EN_ANTECEDENTE,NO_CERRADOS_EN_ANTECEDENTE,Noticia Mineduc trata computadores JUNAEB para escolares. No acredita beca municipal monetaria de educación superior.,https://biobio.mineduc.cl/2026/08/05/estudiantes-de-santa-juana-reciben-computadores-del-programa-becas-tic-de-junaeb/ | https://cade.udec.cl/wp-content/uploads/2024/10/Catastro-Beneficios-Municipales-2.pdf | https://santajuana.cl/,REVISION_MUNICIPAL_50_2026_10_08.md,Localizar las bases o ficha específica de Beca Municipal de Educación Superior en Municipalidad de Santa Juana; contrastar el beneficio y los destinatarios frente a la carencia individual descrita en el antecedente.,108,NO,,,
f84e049175177d690886a6c79b0793844cec14b0d7eefabfa23b34c6b22f44fc,Beca de Transporte Escolar Superior Santiago,Municipalidad de Santiago,REQUIERE_ACLARACION,IDENTIDAD_O_MODALIDAD,NO_CERRADA_EN_ANTECEDENTE,POR_ATRIBUIR_AL_CONTROL,NO_CERRADO_EN_ANTECEDENTE,NO_CERRADOS_EN_ANTECEDENTE,Beca de Estudios tiene requisitos propios. Falta vincularla con la modalidad de transporte del original; no sustituir automáticamente.,https://www.munistgo.cl/beca-de-estudios/ | https://www.munistgo.cl/fondos-y-becas/ | https://www.munistgo.cl/becas-y-fondos/,REVISION_FUENTES_51_2026_10_08.md,"Contrastar Beca de Transporte Escolar Superior Santiago con el apartado del programa de Municipalidad de Santiago; documentar correspondencia de nivel, destinatarios y tipo de apoyo antes de corregir cifras.",109,NO,,,
432bc766ba02a9ecf7043053e5814f4b8f35b635ef17c242820016a24f5bb399,Beca Municipal para Estudios Superiores Talcahuano,Municipalidad de Talcahuano,REQUIERE_ACLARACION,IDENTIDAD_O_MODALIDAD,NO_CERRADA_EN_ANTECEDENTE,POR_ATRIBUIR_AL_CONTROL,NO_CERRADO_EN_ANTECEDENTE,NO_CERRADOS_EN_ANTECEDENTE,Acceso fallido a la fuente; no acredita inexistencia. Buscar bases de la modalidad superior.,https://www.talcahuano.cl/centro-de-servicios/apoyo-social/subsidios-y-beneficios | https://cade.udec.cl/wp-content/uploads/2024/10/Catastro-Beneficios-Municipales-2.pdf | https://direcciones.ucsc.cl/content/uploads/sites/35/2024/12/Becas-Municipales.pdf | https://www.talcahuano.cl/,REVISION_FUENTES_51_2026_10_08.md,"Contrastar Beca Municipal para Estudios Superiores Talcahuano con el apartado del programa de Municipalidad de Talcahuano; documentar correspondencia de nivel, destinatarios y tipo de apoyo antes de corregir cifras.",110,NO,,,
06b82c37a5226bd77f19eade94f49903073e6b494caf7dbeecb57fc89982a488,Beca Municipal Enseñanza Superior Tierra Amarilla,Municipalidad de Tierra Amarilla,REQUIERE_ACLARACION,COMPLETAR_FICHA_ESENCIAL,NO_CERRADA_EN_ANTECEDENTE,POR_ATRIBUIR_AL_CONTROL,NO_CERRADO_EN_ANTECEDENTE,NO_CERRADOS_EN_ANTECEDENTE,Búsqueda distingue becas de compañías mineras y apoyo a preuniversitario. Ninguno acredita automáticamente una beca municipal propia de enseñanza superior.,https://www.tierraamarilla.cl/,REVISION_MUNICIPAL_50_2026_10_08.md,Localizar las bases o ficha específica de Beca Municipal Enseñanza Superior Tierra Amarilla en Municipalidad de Tierra Amarilla; contrastar el beneficio y los destinatarios frente a la carencia individual descrita en el antecedente.,111,NO,,,
f6544cfccaf444bc6d458753b2c10ab81419fde7073b2a24f83946322b228392,Beca Municipal de Educación Superior Timaukel,Municipalidad de Timaukel,REQUIERE_ACLARACION,IDENTIDAD_O_MODALIDAD,NO_CERRADA_EN_ANTECEDENTE,POR_ATRIBUIR_AL_CONTROL,NO_CERRADO_EN_ANTECEDENTE,NO_CERRADOS_EN_ANTECEDENTE,Fuente de Porvenir sobre apoyo escolar: otra comuna y otro nivel.,https://www.muniporvenir.cl/2024/07/ | https://www.municipalidadtimaukel.cl/,REVISION_FUENTES_51_2026_10_08.md,"Contrastar Beca Municipal de Educación Superior Timaukel con el apartado del programa de Municipalidad de Timaukel; documentar correspondencia de nivel, destinatarios y tipo de apoyo antes de corregir cifras.",112,NO,,,
a69f0f20b7c4cba05bdc50c486cb245a3f854a9a24c5e692f793aeda64b9083d,Beca Municipal de Educación Superior Tocopilla,Municipalidad de Tocopilla,REQUIERE_ACLARACION,COMPLETAR_FICHA_ESENCIAL,NO_CERRADA_EN_ANTECEDENTE,POR_ATRIBUIR_AL_CONTROL,NO_CERRADO_EN_ANTECEDENTE,NO_CERRADOS_EN_ANTECEDENTE,DIDECO reconoce beneficios económicos mediante Beca Municipal. Faltan nivel educativo y requisitos principales de esa beca; no certificar una ayuda superior solo por la función administrativa.,https://imtocopilla.cl/direccion-de-desarrollo-comunitario/ | https://www.imtocopilla.cl/,REVISION_MUNICIPAL_50_2026_10_08.md,Localizar las bases o ficha específica de Beca Municipal de Educación Superior Tocopilla en Municipalidad de Tocopilla; contrastar el beneficio y los destinatarios frente a la carencia individual descrita en el antecedente.,113,NO,,,
93aef50ce30d3e104174ab6bd53045b8892722b7f3c4d506dbf1e2d46a45e2c8,Beca Municipal Educación Superior Tolten,Municipalidad de Tolten,REQUIERE_ACLARACION,IDENTIDAD_O_MODALIDAD,NO_CERRADA_EN_ANTECEDENTE,POR_ATRIBUIR_AL_CONTROL,NO_CERRADO_EN_ANTECEDENTE,NO_CERRADOS_EN_ANTECEDENTE,La referencia de convocatoria no entrega bases legibles. No equiparar al beneficio deportivo.,https://munitolten.cl/,REVISION_FUENTES_51_2026_10_08.md,"Contrastar Beca Municipal Educación Superior Tolten con el apartado del programa de Municipalidad de Tolten; documentar correspondencia de nivel, destinatarios y tipo de apoyo antes de corregir cifras.",114,NO,,,
dbcdf820447cc2d3a206a3db3a4943a999a500d92860f58843dd045b194c6e18,Beca Municipal para Estudiantes de Educación Superior,Municipalidad de Valdivia,REQUIERE_ACLARACION,IDENTIDAD_O_MODALIDAD,NO_CERRADA_EN_ANTECEDENTE,POR_ATRIBUIR_AL_CONTROL,NO_CERRADO_EN_ANTECEDENTE,NO_CERRADOS_EN_ANTECEDENTE,La noticia de Valdivia trata preuniversitario municipal de 2026. Es otro nivel de apoyo; no acredita beca superior de mantención del registro ni justifica descartarlo.,https://munivaldivia.cl/2026/03/25/llaman-a-postular-al-preuniversitario-municipal-en-valdivia-clases-parten-en-abril/ | https://www.munivaldivia.cl/,REVISION_INSTITUCIONES_PAINE_50_2026_10_08.md,"Contrastar Beca Municipal para Estudiantes de Educación Superior con el apartado del programa de Municipalidad de Valdivia; documentar correspondencia de nivel, destinatarios y tipo de apoyo antes de corregir cifras.",115,NO,,,
35f9a8955aef575df868a6d378cbd6bc7ba653a0bdd2a242aedfc9d46fe5b313,Beca Municipal para Estudiantes de Educación Superior Valdivia,Municipalidad de Valdivia,REQUIERE_ACLARACION,IDENTIDAD_O_MODALIDAD,NO_CERRADA_EN_ANTECEDENTE,POR_ATRIBUIR_AL_CONTROL,NO_CERRADO_EN_ANTECEDENTE,NO_CERRADOS_EN_ANTECEDENTE,El preuniversitario 2026 es otro beneficio; no acredita una beca propia de educación superior.,https://munivaldivia.cl/2026/03/25/llaman-a-postular-al-preuniversitario-municipal-en-valdivia-clases-parten-en-abril/ | https://www.munivaldivia.cl/,REVISION_FUENTES_51_2026_10_08.md,"Contrastar Beca Municipal para Estudiantes de Educación Superior Valdivia con el apartado del programa de Municipalidad de Valdivia; documentar correspondencia de nivel, destinatarios y tipo de apoyo antes de corregir cifras.",116,NO,,,
5c2cf6dda66f201f1755ba293ff38adf6a858dca012b111cc4184753ae34dc3d,Beca Municipal Educación Superior Valparaíso,Municipalidad de Valparaíso,REQUIERE_ACLARACION,COMPLETAR_FICHA_ESENCIAL,NO_CERRADA_EN_ANTECEDENTE,POR_ATRIBUIR_AL_CONTROL,NO_CERRADO_EN_ANTECEDENTE,NO_CERRADOS_EN_ANTECEDENTE,La ficha Valparaíso describe Presidente de la República y otros beneficios estatales tramitados por asistencia social. No acredita una beca superior municipal propia del alias.,https://municipalidaddevalparaiso.cl/becas/ | https://www.municipalidaddevalparaiso.cl/,REVISION_INSTITUCIONES_PAINE_50_2026_10_08.md,Localizar las bases o ficha específica de Beca Municipal Educación Superior Valparaíso en Municipalidad de Valparaíso; contrastar el beneficio y los destinatarios frente a la carencia individual descrita en el antecedente.,117,NO,,,
aa013b0146553e7b0e067b6f4679bc116ca2adb1d0236724a07e06c2632f743c,Beca Municipalidad de Valparaíso DIDECO,Municipalidad de Valparaíso,REQUIERE_ACLARACION,COMPLETAR_FICHA_ESENCIAL,NO_CERRADA_EN_ANTECEDENTE,POR_ATRIBUIR_AL_CONTROL,NO_CERRADO_EN_ANTECEDENTE,NO_CERRADOS_EN_ANTECEDENTE,El portal orienta postulaciones JUNAEB. No prueba un aporte municipal propio.,https://municipalidaddevalparaiso.cl/becas/ | https://www.municipalidaddevalparaiso.cl/dideco/,REVISION_FUENTES_51_2026_10_08.md,Localizar las bases o ficha específica de Beca Municipalidad de Valparaíso DIDECO en Municipalidad de Valparaíso; contrastar el beneficio y los destinatarios frente a la carencia individual descrita en el antecedente.,118,NO,,,
80328011768c2c041309c054119de2d6507bff94e8c44f7e3936689fcb085068,Beca de Transporte Valparaíso,Municipalidad de Valparaíso,REQUIERE_ACLARACION,IDENTIDAD_O_MODALIDAD,NO_CERRADA_EN_ANTECEDENTE,POR_ATRIBUIR_AL_CONTROL,NO_CERRADO_EN_ANTECEDENTE,NO_CERRADOS_EN_ANTECEDENTE,La orientación JUNAEB no prueba esta modalidad municipal de transporte.,https://municipalidaddevalparaiso.cl/becas/ | https://www.municipalidaddevalparaiso.cl/dideco/,REVISION_FUENTES_51_2026_10_08.md,"Contrastar Beca de Transporte Valparaíso con el apartado del programa de Municipalidad de Valparaíso; documentar correspondencia de nivel, destinatarios y tipo de apoyo antes de corregir cifras.",119,NO,,,
c21da95a1b806b83d898e0790f1ad6a8d7dfada981df871e2604864ba98fb715,Beca Municipal Educación Superior Villa Alemana,Municipalidad de Villa Alemana,REQUIERE_ACLARACION,COMPLETAR_FICHA_ESENCIAL,NO_CERRADA_EN_ANTECEDENTE,POR_ATRIBUIR_AL_CONTROL,NO_CERRADO_EN_ANTECEDENTE,NO_CERRADOS_EN_ANTECEDENTE,El apartado educativo consultado no describe cobertura y requisitos de esta beca superior.,https://www.villalemana.cl/secciones/educacion/ | https://villalemana.cl/2024/11/con-un-historico-aumento-de-casi-mil-millones-en-salud-concejo-municipal-de-villa-alemana-aprueba-presupuesto-2025/ | https://www.villalemana.cl/,REVISION_FUENTES_51_2026_10_08.md,Localizar las bases o ficha específica de Beca Municipal Educación Superior Villa Alemana en Municipalidad de Villa Alemana; contrastar el beneficio y los destinatarios frente a la carencia individual descrita en el antecedente.,120,NO,,,
cddf9c877f17413c534f34ec36c7c28be662cfffd14ce0989d52f5dd218fdd6d,Beca Municipal de Educación Superior Viña del Mar,Municipalidad de Viña del Mar,REQUIERE_ACLARACION,IDENTIDAD_O_MODALIDAD,NO_CERRADA_EN_ANTECEDENTE,POR_ATRIBUIR_AL_CONTROL,NO_CERRADO_EN_ANTECEDENTE,NO_CERRADOS_EN_ANTECEDENTE,Departamento social: falta ficha específica de la modalidad superior.,https://www.munivina.cl/desarrollo-comunitario/desarrollo-social/ | https://www.munivina.cl/desarrollo-comunitario/desarrollo-social/seccion-servicio-social/,REVISION_FUENTES_51_2026_10_08.md,"Contrastar Beca Municipal de Educación Superior Viña del Mar con el apartado del programa de Municipalidad de Viña del Mar; documentar correspondencia de nivel, destinatarios y tipo de apoyo antes de corregir cifras.",121,NO,,,
fff8ddd0931c4ac06f660ca2016c26455745fd05fcf0bfbd9e97dd61fdececac,Beca de Educación Superior Viña del Mar,Municipalidad de Viña del Mar,REQUIERE_ACLARACION,IDENTIDAD_O_MODALIDAD,NO_CERRADA_EN_ANTECEDENTE,POR_ATRIBUIR_AL_CONTROL,NO_CERRADO_EN_ANTECEDENTE,NO_CERRADOS_EN_ANTECEDENTE,Servicio Social de Viña del Mar describe validación de Presidente de la República e Indígena. Sus importes y condiciones pertenecen a JUNAEB; no trasladarlos al supuesto aporte municipal superior propio.,https://www.munivina.cl/desarrollo-comunitario/desarrollo-social/ | https://www.munivina.cl/desarrollo-comunitario/desarrollo-social/seccion-servicio-social/ | https://www.munivina.cl/,REVISION_INSTITUCIONES_PAINE_50_2026_10_08.md,"Contrastar Beca de Educación Superior Viña del Mar con el apartado del programa de Municipalidad de Viña del Mar; documentar correspondencia de nivel, destinatarios y tipo de apoyo antes de corregir cifras.",122,NO,,,
b9853a50ac6449a5f933f87aa7c7dbcc26a735d7399bd1ea7aa1296e20584cb8,Beca de Pasajes Viña del Mar,Municipalidad de Viña del Mar,REQUIERE_ACLARACION,IDENTIDAD_O_MODALIDAD,NO_CERRADA_EN_ANTECEDENTE,POR_ATRIBUIR_AL_CONTROL,NO_CERRADO_EN_ANTECEDENTE,NO_CERRADOS_EN_ANTECEDENTE,Departamento social: no acredita la modalidad de pasajes del candidato.,https://www.munivina.cl/desarrollo-comunitario/desarrollo-social/ | https://www.munivina.cl/desarrollo-comunitario/desarrollo-social/seccion-servicio-social/,REVISION_FUENTES_51_2026_10_08.md,"Contrastar Beca de Pasajes Viña del Mar con el apartado del programa de Municipalidad de Viña del Mar; documentar correspondencia de nivel, destinatarios y tipo de apoyo antes de corregir cifras.",123,NO,,,
c0bdc07760312c8208ca965c3160c4028bf74895cc9b9547daf49291cd2c6d36,Beca de Educación Superior Ilustre Municipalidad de Zapallar,Municipalidad de Zapallar,REQUIERE_ACLARACION,COMPLETAR_FICHA_ESENCIAL,NO_CERRADA_EN_ANTECEDENTE,POR_ATRIBUIR_AL_CONTROL,NO_CERRADO_EN_ANTECEDENTE,NO_CERRADOS_EN_ANTECEDENTE,Team Zapallar corresponde a deporte; no prueba la beca superior candidata.,https://www.munizapallar.cl/blog/becas-deportivas-team-zapallar-2026 | https://www.munizapallar.cl/,REVISION_FUENTES_51_2026_10_08.md,Localizar las bases o ficha específica de Beca de Educación Superior Ilustre Municipalidad de Zapallar en Municipalidad de Zapallar; contrastar el beneficio y los destinatarios frente a la carencia individual descrita en el antecedente.,124,NO,,,
eda6fbb494f175bb8f42a92153a7d68fe4ddd2890370d0ecb67f9f316fc7a9fd,Beca de Excelencia Académica,Pontificia Universidad Católica de Chile,EXCLUSION_HISTORICA_SIN_RATIFICAR,COMPLETAR_FICHA_ESENCIAL,NO_CERRADA_EN_ANTECEDENTE,POR_ATRIBUIR_AL_CONTROL,NO_CERRADO_EN_ANTECEDENTE,NO_CERRADOS_EN_ANTECEDENTE,"El portal consultado no proporciona ficha verificable de una beca UC propia de 50% con NEM 6,0 y percentil PAES.",https://arancelesybeneficios.uc.cl/,DESCARTE_EDITORIAL_SEGUNDO_LOTE_50.md,Localizar las bases o ficha específica de Beca de Excelencia Académica en Pontificia Universidad Católica de Chile; contrastar el beneficio y los destinatarios frente a la carencia individual descrita en el antecedente.,125,NO,,,
70699bc9ed88bac846b5399646c77d71c8027a40a10a5a2d46ec72db13e327f6,Beca Deportiva PUCV,Pontificia Universidad Católica de Valparaíso,EXCLUSION_HISTORICA_SIN_RATIFICAR,IDENTIDAD_O_MODALIDAD,NO_CERRADA_EN_ANTECEDENTE,POR_ATRIBUIR_AL_CONTROL,NO_CERRADO_EN_ANTECEDENTE,NO_CERRADOS_EN_ANTECEDENTE,Los premios de ingreso y alimentación PUCV no prueban Premio al Mérito Deportivo ni 30% deportivo. No trasladar un premio de la UACh a PUCV.,https://www.pucv.cl/pucv/futuros-estudiantes/becas-y-beneficios | https://admision.pucv.cl/beneficios/,DESCARTE_EDITORIAL_INSTITUCIONES_53.md,"Contrastar Beca Deportiva PUCV con el apartado del programa de Pontificia Universidad Católica de Valparaíso; documentar correspondencia de nivel, destinatarios y tipo de apoyo antes de corregir cifras.",126,NO,,,
7da1a73e9d802a0e0d76bf67ccd91d25879519df9f645b3d8dd4dfb402650d92,Beca Copago Santo Tomas,Santo Tomás,EXCLUSION_HISTORICA_SIN_RATIFICAR,COMPLETAR_FICHA_ESENCIAL,NO_CERRADA_EN_ANTECEDENTE,POR_ATRIBUIR_AL_CONTROL,NO_CERRADO_EN_ANTECEDENTE,NO_CERRADOS_EN_ANTECEDENTE,Respuesta servida con contenido ilegible; no se leyó una ficha de copago. Los documentos familiares del original tampoco permiten identificar este beneficio.,https://tupuedes.cl/becas-y-beneficios/,DESCARTE_EDITORIAL_INSTITUCIONES_53.md,Localizar las bases o ficha específica de Beca Copago Santo Tomas en Santo Tomás; contrastar el beneficio y los destinatarios frente a la carencia individual descrita en el antecedente.,127,NO,,,
cf5a13346643aa8078e67571c454f401da0f9bf79486ff2cd1eb543ede05b134,Beca Deportiva UAI,Universidad Adolfo Ibanez,EXCLUSION_HISTORICA_SIN_RATIFICAR,COMPLETAR_FICHA_ESENCIAL,NO_CERRADA_EN_ANTECEDENTE,POR_ATRIBUIR_AL_CONTROL,NO_CERRADO_EN_ANTECEDENTE,NO_CERRADOS_EN_ANTECEDENTE,El ingreso deportivo especial no prueba 25–50% del arancel. Se mantiene separado de las becas por admisión regular.,https://www.uai.cl/admision/como-postular/admision-directa-especial | https://admision.uai.cl/becas-y-beneficios/,DESCARTE_EDITORIAL_SEGUNDO_LOTE_50.md,Localizar las bases o ficha específica de Beca Deportiva UAI en Universidad Adolfo Ibanez; contrastar el beneficio y los destinatarios frente a la carencia individual descrita en el antecedente.,128,NO,,,
b63145bc2bc7b48135118afcb914e671ce8d350ec138979cb4939c39f172cc02,Beca Hermanos UAI,Universidad Adolfo Ibanez,EXCLUSION_HISTORICA_SIN_RATIFICAR,IDENTIDAD_O_MODALIDAD,NO_CERRADA_EN_ANTECEDENTE,POR_ATRIBUIR_AL_CONTROL,NO_CERRADO_EN_ANTECEDENTE,NO_CERRADOS_EN_ANTECEDENTE,La página de becas no acredita 25% para hermanos. No atribuir el 10% de hermanos de otra universidad a la UAI.,https://www.uai.cl/admision/becas-y-aranceles/becas | https://admision.uai.cl/becas-y-beneficios/,DESCARTE_EDITORIAL_SEGUNDO_LOTE_50.md,"Contrastar Beca Hermanos UAI con el apartado del programa de Universidad Adolfo Ibanez; documentar correspondencia de nivel, destinatarios y tipo de apoyo antes de corregir cifras.",129,NO,,,
83d07b99691da9504f6e88798c1328e38a92c2fac793afcf88e0d3f94d6f7fc0,Beca Deporte Destacado UAI,Universidad Adolfo Ibáñez,EXCLUSION_HISTORICA_SIN_RATIFICAR,COMPLETAR_FICHA_ESENCIAL,NO_CERRADA_EN_ANTECEDENTE,POR_ATRIBUIR_AL_CONTROL,NO_CERRADO_EN_ANTECEDENTE,NO_CERRADOS_EN_ANTECEDENTE,La admisión deportiva puede bonificar puntaje. No acredita una beca arancelaria 30–50% ni selección por nivel regional/nacional.,https://www.uai.cl/admision/como-postular/admision-directa-especial | https://www.uai.cl/admision/becas-y-aranceles/becas,DESCARTE_EDITORIAL_SEGUNDO_LOTE_50.md,Localizar las bases o ficha específica de Beca Deporte Destacado UAI en Universidad Adolfo Ibáñez; contrastar el beneficio y los destinatarios frente a la carencia individual descrita en el antecedente.,130,NO,,,
2eb06d5d5510162226c3140cf27af430eda6469758dea7357132fdeee5e04bbb,Beca Fomento Regional UAI,Universidad Adolfo Ibáñez,EXCLUSION_HISTORICA_SIN_RATIFICAR,IDENTIDAD_O_MODALIDAD,NO_CERRADA_EN_ANTECEDENTE,POR_ATRIBUIR_AL_CONTROL,NO_CERRADO_EN_ANTECEDENTE,NO_CERRADOS_EN_ANTECEDENTE,Mantención Regiones es un aporte en UF con requisitos propios; no equivale al descuento de arancel de 20% del original.,https://www.uai.cl/admision/becas-y-aranceles/becas | Beca Fomento Regional UAI con 20% de descuento del arancel para estudiantes con residencia familiar acreditada en regiones distintas a la Region Metropolitana. Incentiva la diversidad geografica en el campus. Documentos: certificado de residencia en region. matricula UAI. Renovable manteniendo calidad de alumno regular.,DESCARTE_EDITORIAL_SEGUNDO_LOTE_50.md,"Contrastar Beca Fomento Regional UAI con el apartado del programa de Universidad Adolfo Ibáñez; documentar correspondencia de nivel, destinatarios y tipo de apoyo antes de corregir cifras.",131,NO,,,
d31299b2e19fcc0dd645c9835dbc8e3ce844c6fc23eeaa02f26c8fe702f5f18e,Beca Hijo Funcionario UAI,Universidad Adolfo Ibáñez,EXCLUSION_HISTORICA_SIN_RATIFICAR,COMPLETAR_FICHA_ESENCIAL,NO_CERRADA_EN_ANTECEDENTE,POR_ATRIBUIR_AL_CONTROL,NO_CERRADO_EN_ANTECEDENTE,NO_CERRADOS_EN_ANTECEDENTE,El catálogo de becas publicado no acredita 40% para hijos de funcionarios; requiere reglamento laboral o de becas específico.,https://www.uai.cl/admision/becas-y-aranceles/becas,DESCARTE_EDITORIAL_SEGUNDO_LOTE_50.md,Localizar las bases o ficha específica de Beca Hijo Funcionario UAI en Universidad Adolfo Ibáñez; contrastar el beneficio y los destinatarios frente a la carencia individual descrita en el antecedente.,132,NO,,,
83840acd4c10e820a4db4a0f7c1fba524b7e382ea277f8c3784874536e8b447e,Beca Vocacion Social UAH,Universidad Alberto Hurtado,EXCLUSION_HISTORICA_SIN_RATIFICAR,COMPLETAR_FICHA_ESENCIAL,NO_CERRADA_EN_ANTECEDENTE,POR_ATRIBUIR_AL_CONTROL,NO_CERRADO_EN_ANTECEDENTE,NO_CERRADOS_EN_ANTECEDENTE,"La beca para pedagogías y las becas de excelencia tienen criterios propios. No prueban Vocación Social de 30% para toda una facultad y NEM 5,5.",https://admision.uahurtado.cl/becas-y-beneficios/,DESCARTE_EDITORIAL_SEGUNDO_LOTE_50.md,Localizar las bases o ficha específica de Beca Vocacion Social UAH en Universidad Alberto Hurtado; contrastar el beneficio y los destinatarios frente a la carencia individual descrita en el antecedente.,133,NO,,,
7f5037292bf58c5621286521ad656c054990f6cf18515e4ff4ee028d055d10fa,Beca de Apoyo Socioeconomico UAH,Universidad Alberto Hurtado,EXCLUSION_HISTORICA_SIN_RATIFICAR,IDENTIDAD_O_MODALIDAD,NO_CERRADA_EN_ANTECEDENTE,POR_ATRIBUIR_AL_CONTROL,NO_CERRADO_EN_ANTECEDENTE,NO_CERRADOS_EN_ANTECEDENTE,La página separa Alberto Hurtado para ingreso y Complementaria al CAE para continuidad. Falta equivalencia del rótulo genérico y su supuesto máximo 40%.,https://admision.uahurtado.cl/becas-y-beneficios/,DESCARTE_EDITORIAL_SEGUNDO_LOTE_50.md,"Contrastar Beca de Apoyo Socioeconomico UAH con el apartado del programa de Universidad Alberto Hurtado; documentar correspondencia de nivel, destinatarios y tipo de apoyo antes de corregir cifras.",134,NO,,,
f0c9572600ee6cde88eba8f498d66d00ecf129ff379842ce655675431d3a63d1,Beca de Apoyo Institucional UNAP,Universidad Arturo Prat,EXCLUSION_HISTORICA_SIN_RATIFICAR,COMPLETAR_FICHA_ESENCIAL,NO_CERRADA_EN_ANTECEDENTE,POR_ATRIBUIR_AL_CONTROL,NO_CERRADO_EN_ANTECEDENTE,NO_CERRADOS_EN_ANTECEDENTE,"El reglamento 2025 diferencia Rectoría, manutención y emergencias. Rectoría exige desempeño y evaluación excepcional; no prueba equivalencia del rótulo Apoyo Institucional ni el rango 15–50%.",https://transparencia.unap.cl/activa/web/index.php?a=2026&action=plantillas_generar_archivo&ia=9310&ig=92&m=2 | https://admision.unap.cl/becas/,DESCARTE_EDITORIAL_SEGUNDO_LOTE_50.md,Localizar las bases o ficha específica de Beca de Apoyo Institucional UNAP en Universidad Arturo Prat; contrastar el beneficio y los destinatarios frente a la carencia individual descrita en el antecedente.,135,NO,,,
f88bb7b264553f2353696cfbecf1de2bb767000cc03aa82b7a3cb09251a49c0c,Beca Alumni UA,Universidad Autónoma de Chile,EXCLUSION_HISTORICA_SIN_RATIFICAR,IDENTIDAD_O_MODALIDAD,NO_CERRADA_EN_ANTECEDENTE,POR_ATRIBUIR_AL_CONTROL,NO_CERRADO_EN_ANTECEDENTE,NO_CERRADOS_EN_ANTECEDENTE,La página de becas no prueba 20% para segunda carrera de titulados ni renovación automática de esa modalidad.,https://admision.uautonoma.cl/becas-y-creditos/becas-internas/,DESCARTE_EDITORIAL_INSTITUCIONES_53.md,"Contrastar Beca Alumni UA con el apartado del programa de Universidad Autónoma de Chile; documentar correspondencia de nivel, destinatarios y tipo de apoyo antes de corregir cifras.",136,NO,,,
0eb2e27ef8fea6544e1097291e058a86a7d689d3150d65f40233dd356378c750,Beca Socioeconomica UA,Universidad Autónoma de Chile,EXCLUSION_HISTORICA_SIN_RATIFICAR,COMPLETAR_FICHA_ESENCIAL,NO_CERRADA_EN_ANTECEDENTE,POR_ATRIBUIR_AL_CONTROL,NO_CERRADO_EN_ANTECEDENTE,NO_CERRADOS_EN_ANTECEDENTE,"La página distingue copago, mérito y otros programas. No acredita un descuento socioeconómico general 15–40% con RSH 60%.",https://admision.uautonoma.cl/becas-y-creditos/becas-internas/,DESCARTE_EDITORIAL_INSTITUCIONES_53.md,Localizar las bases o ficha específica de Beca Socioeconomica UA en Universidad Autónoma de Chile; contrastar el beneficio y los destinatarios frente a la carencia individual descrita en el antecedente.,137,NO,,,
1f5b64abcd3fbfbdb0f07a9c4b8f3e27c33931d3c570c7cb6b9a3ccc0d48d97c,Beca Socioeconomica UBO,Universidad Bernardo O'Higgins,EXCLUSION_HISTORICA_SIN_RATIFICAR,COMPLETAR_FICHA_ESENCIAL,NO_CERRADA_EN_ANTECEDENTE,POR_ATRIBUIR_AL_CONTROL,NO_CERRADO_EN_ANTECEDENTE,NO_CERRADOS_EN_ANTECEDENTE,"La página identifica beneficios por ingreso, carrera y convenios. No prueba beca socioeconómica general de 15–40% y RSH 60%.",https://admision.ubo.cl/financiamiento/,DESCARTE_EDITORIAL_SEGUNDO_LOTE_50.md,Localizar las bases o ficha específica de Beca Socioeconomica UBO en Universidad Bernardo O'Higgins; contrastar el beneficio y los destinatarios frente a la carencia individual descrita en el antecedente.,138,NO,,,
2e9e62d5e80a0773c231c899e11a1f8a0c554377f78bff67ac2a75ac6fb0c866,Beca Excelencia Académica UCSH,Universidad Católica Silva Henriquez,EXCLUSION_HISTORICA_SIN_RATIFICAR,COMPLETAR_FICHA_ESENCIAL,NO_CERRADA_EN_ANTECEDENTE,POR_ATRIBUIR_AL_CONTROL,NO_CERRADO_EN_ANTECEDENTE,NO_CERRADOS_EN_ANTECEDENTE,"El instructivo publicado en 2024 lleva encabezado 2023 y define Excelencia Complementaria para beneficiarios BEA Mineduc. No demuestra equivalencia con la beca automática de 40% y NEM 5,8 del original.",https://www.ucsh.cl/assets/uploads/2024/01/Instructivos-Ayudas-Estudiantiles-ENERO-2024.pdf | https://admision.ucsh.cl/becas-y-beneficios/,DESCARTE_EDITORIAL_SEGUNDO_LOTE_50.md,Localizar las bases o ficha específica de Beca Excelencia Académica UCSH en Universidad Católica Silva Henriquez; contrastar el beneficio y los destinatarios frente a la carencia individual descrita en el antecedente.,139,NO,,,
ee4ccb1aa4a89edcfd46d1e017ee676f143f27985d44e9701a118d93e1bfdfaa,Beca Socioeconomica UCSC,Universidad Católica de la Santísima Concepción,EXCLUSION_HISTORICA_SIN_RATIFICAR,IDENTIDAD_O_MODALIDAD,NO_CERRADA_EN_ANTECEDENTE,POR_ATRIBUIR_AL_CONTROL,NO_CERRADO_EN_ANTECEDENTE,NO_CERRADOS_EN_ANTECEDENTE,Texto servido insuficiente para leer becas. Mantener el rótulo socioeconómico pendiente y no sustituirlo por beneficios de ingreso.,https://admision.ucsc.cl/becas-y-beneficios/,DESCARTE_EDITORIAL_SEGUNDO_LOTE_50.md,"Contrastar Beca Socioeconomica UCSC con el apartado del programa de Universidad Católica de la Santísima Concepción; documentar correspondencia de nivel, destinatarios y tipo de apoyo antes de corregir cifras.",140,NO,,,
805b6e58c31cda7605f9e2eb6f70c69176bed44854792ff519e2c813a97376d9,Beca Fundadores UCentral,Universidad Central de Chile,REQUIERE_ACLARACION,COMPLETAR_FICHA_ESENCIAL,NO_CERRADA_EN_ANTECEDENTE,POR_ATRIBUIR_AL_CONTROL,NO_CERRADO_EN_ANTECEDENTE,NO_CERRADOS_EN_ANTECEDENTE,No se identifica Fundadores en la página consultada; otras becas no prueban equivalencia.,https://admision.ucentral.cl/becas-y-financiamiento/becas-ucen-aplicables-desde-primer-ano/ | https://www.ucentral.cl/admision/becas-y-beneficios,REVISION_FUENTES_51_2026_10_08.md,Localizar las bases o ficha específica de Beca Fundadores UCentral en Universidad Central de Chile; contrastar el beneficio y los destinatarios frente a la carencia individual descrita en el antecedente.,141,NO,,,
58c8bafe48f523b309998df46b2dba7d9aaec8ef91525886a73a5af0f4a152a7,Beca Deportiva UMayor,Universidad Mayor,EXCLUSION_HISTORICA_SIN_RATIFICAR,COMPLETAR_FICHA_ESENCIAL,NO_CERRADA_EN_ANTECEDENTE,POR_ATRIBUIR_AL_CONTROL,NO_CERRADO_EN_ANTECEDENTE,NO_CERRADOS_EN_ANTECEDENTE,La página de apoyo y becas no acredita 25% para deportistas seleccionados. El ingreso especial por talento no garantiza esa rebaja.,https://www.admisionmayor.cl/becas-y-creditos,DESCARTE_EDITORIAL_INSTITUCIONES_53.md,Localizar las bases o ficha específica de Beca Deportiva UMayor en Universidad Mayor; contrastar el beneficio y los destinatarios frente a la carencia individual descrita en el antecedente.,142,NO,,,
28419e40546a00015949dfd6c4a3a002aa17bac9befd30109cde13d7ecd87019,Beca Talento Emprendedor UMayor,Universidad Mayor,EXCLUSION_HISTORICA_SIN_RATIFICAR,COMPLETAR_FICHA_ESENCIAL,NO_CERRADA_EN_ANTECEDENTE,POR_ATRIBUIR_AL_CONTROL,NO_CERRADO_EN_ANTECEDENTE,NO_CERRADOS_EN_ANTECEDENTE,El nombre Espíritu Emprendedor designa el sistema de apoyo. No demuestra una beca de 20% para proyectos de emprendimiento.,https://www.admisionmayor.cl/becas-y-creditos,DESCARTE_EDITORIAL_INSTITUCIONES_53.md,Localizar las bases o ficha específica de Beca Talento Emprendedor UMayor en Universidad Mayor; contrastar el beneficio y los destinatarios frente a la carencia individual descrita en el antecedente.,143,NO,,,
cfb90f338bf474a6fd91fba28d38420f6cc7ae5a338cf3383d0ff54b6e0c7598,Beca de Arancel UdeC,Universidad de Concepción,EXCLUSION_HISTORICA_SIN_RATIFICAR,COMPLETAR_FICHA_ESENCIAL,NO_CERRADA_EN_ANTECEDENTE,POR_ATRIBUIR_AL_CONTROL,NO_CERRADO_EN_ANTECEDENTE,NO_CERRADOS_EN_ANTECEDENTE,La página presenta becas de carreras y mérito con requisitos específicos. No prueba un beneficio general DISE de 50–100% por evaluación social.,https://admision.udec.cl/beneficios/ | https://admision.udec.cl/becas-y-beneficios/,DESCARTE_EDITORIAL_INSTITUCIONES_53.md,Localizar las bases o ficha específica de Beca de Arancel UdeC en Universidad de Concepción; contrastar el beneficio y los destinatarios frente a la carencia individual descrita en el antecedente.,144,NO,,,
8be893cd6d836b64c8865febc653653af6cb1fed5a4a7180a542d316dc5a9967,Beca Deportiva UFRO,Universidad de La Frontera,REQUIERE_ACLARACION,COMPLETAR_FICHA_ESENCIAL,NO_CERRADA_EN_ANTECEDENTE,POR_ATRIBUIR_AL_CONTROL,NO_CERRADO_EN_ANTECEDENTE,NO_CERRADOS_EN_ANTECEDENTE,El apartado UFRO del catálogo Mineduc describe otros beneficios y servicios. No acredita rebaja deportiva 25–50% del candidato.,https://acceso.mineduc.cl/wp-content/uploads/2024/11/Servicios-2025_19_11_24_compressed.pdf | https://admision.ufro.cl/becas-y-beneficios/,REVISION_INSTITUCIONES_PAINE_50_2026_10_08.md,Localizar las bases o ficha específica de Beca Deportiva UFRO en Universidad de La Frontera; contrastar el beneficio y los destinatarios frente a la carencia individual descrita en el antecedente.,145,NO,,,
d5f97ce59d9fba8b7820cfa630c6cc9e8c257564e04394118a9bd49d43dae997,Beca de Apoyo Socioeconomico UFRO,Universidad de La Frontera,REQUIERE_ACLARACION,COMPLETAR_FICHA_ESENCIAL,NO_CERRADA_EN_ANTECEDENTE,POR_ATRIBUIR_AL_CONTROL,NO_CERRADO_EN_ANTECEDENTE,NO_CERRADOS_EN_ANTECEDENTE,El apartado UFRO diferencia acompañamiento y orientación estatal. No acredita una beca interna general socioeconómica de arancel.,https://acceso.mineduc.cl/wp-content/uploads/2024/11/Servicios-2025_19_11_24_compressed.pdf | https://admision.ufro.cl/becas-y-beneficios/,REVISION_INSTITUCIONES_PAINE_50_2026_10_08.md,Localizar las bases o ficha específica de Beca de Apoyo Socioeconomico UFRO en Universidad de La Frontera; contrastar el beneficio y los destinatarios frente a la carencia individual descrita en el antecedente.,146,NO,,,
eca3a961c94b847ef1e8f6c0c119a377bd1f91968ba7ab68d0a3f2808d318677,Beca Excelencia Académica UMAG,Universidad de Magallanes,REQUIERE_ACLARACION,IDENTIDAD_O_MODALIDAD,NO_CERRADA_EN_ANTECEDENTE,POR_ATRIBUIR_AL_CONTROL,NO_CERRADO_EN_ANTECEDENTE,NO_CERRADOS_EN_ANTECEDENTE,"UMAG distingue Distinción PAES y Mayor Puntaje PAES de Ingreso, con cupos y requisitos distintos. Excelencia Académica genérica no identifica inequívocamente uno; no asignar NEM, PAES o cobertura de otra modalidad.",https://admision.umag.cl/becas/ | https://admision.umag.cl/?page_id=4099 | https://acceso.mineduc.cl/wp-content/uploads/2025/11/SERV-Y-BENEF-2026-181125.pdf | https://admision.umag.cl/?page_id=678,REVISION_INSTITUCIONES_PAINE_50_2026_10_08.md,"Contrastar Beca Excelencia Académica UMAG con el apartado del programa de Universidad de Magallanes; documentar correspondencia de nivel, destinatarios y tipo de apoyo antes de corregir cifras.",147,NO,,,
ec336267e6863dc06ee5e692b4fba940673ba7c826abf8eb150a800d87e0940c,Beca de Mantención UMAG,Universidad de Magallanes,REQUIERE_ACLARACION,IDENTIDAD_O_MODALIDAD,NO_CERRADA_EN_ANTECEDENTE,POR_ATRIBUIR_AL_CONTROL,NO_CERRADO_EN_ANTECEDENTE,NO_CERRADOS_EN_ANTECEDENTE,"La información UMAG distingue apoyos de arancel, alojamiento y alimentación de ayudas estatales de mantención. No acredita el importe ni las reglas de una beca interna genérica en efectivo.",https://admision.umag.cl/becas/ | https://acceso.mineduc.cl/wp-content/uploads/2025/11/SERV-Y-BENEF-2026-181125.pdf | https://admision.umag.cl/?page_id=678,REVISION_INSTITUCIONES_PAINE_50_2026_10_08.md,"Contrastar Beca de Mantención UMAG con el apartado del programa de Universidad de Magallanes; documentar correspondencia de nivel, destinatarios y tipo de apoyo antes de corregir cifras.",148,NO,,,
68f9c2b1bf2aaf92ca59b1903cf03046310091d29f81533e1475abce2c88b4b3,Beca de Alimentación UPLA,Universidad de Playa Ancha,EXCLUSION_HISTORICA_SIN_RATIFICAR,COMPLETAR_FICHA_ESENCIAL,NO_CERRADA_EN_ANTECEDENTE,POR_ATRIBUIR_AL_CONTROL,NO_CERRADO_EN_ANTECEDENTE,NO_CERRADOS_EN_ANTECEDENTE,La FAQ describe almuerzo para seleccionados deportivos y alimentación asociada a actividad musical. No demuestra almuerzo y cena para cualquier estudiante vulnerable.,https://www.upla.cl/admision/2025/01/21/preguntas-frecuentes-sobre-el-proceso-de-admision-y-matricula-2025/ | https://admision.upla.cl/becas-y-beneficios/,DESCARTE_EDITORIAL_SEGUNDO_LOTE_50.md,Localizar las bases o ficha específica de Beca de Alimentación UPLA en Universidad de Playa Ancha; contrastar el beneficio y los destinatarios frente a la carencia individual descrita en el antecedente.,149,NO,,,
329107086a1ae9bdd602e66bcc8067941be5b9d5aef977702c312e2e1a7eaccd,Beca de Residencia UPLA,Universidad de Playa Ancha,EXCLUSION_HISTORICA_SIN_RATIFICAR,IDENTIDAD_O_MODALIDAD,NO_CERRADA_EN_ANTECEDENTE,POR_ATRIBUIR_AL_CONTROL,NO_CERRADO_EN_ANTECEDENTE,NO_CERRADOS_EN_ANTECEDENTE,La ayuda para dificultades de alojamiento publicada es un préstamo de urgencia. No prueba cupo residencial o subsidio propio; la nómina histórica de residencia necesita reglamento de esa modalidad.,https://www.upla.cl/desarrolloestudiantil/beneficios-estudiantiles-upla/ | https://www.upla.cl/admision/becas-y-beneficios/,DESCARTE_EDITORIAL_SEGUNDO_LOTE_50.md,"Contrastar Beca de Residencia UPLA con el apartado del programa de Universidad de Playa Ancha; documentar correspondencia de nivel, destinatarios y tipo de apoyo antes de corregir cifras.",150,NO,,,
b1a2df581f33a23e380d1c9ff533c236b0a037797f6b65b26fe1011f13ab47ff,Beca de Excelencia Académica USACH,Universidad de Santiago de Chile,REQUIERE_ACLARACION,COMPLETAR_FICHA_ESENCIAL,NO_CERRADA_EN_ANTECEDENTE,POR_ATRIBUIR_AL_CONTROL,NO_CERRADO_EN_ANTECEDENTE,NO_CERRADOS_EN_ANTECEDENTE,"Se deben separar becas deportivas, estatales y mérito PAES; falta atribución específica de la cobertura del original.",https://vrae.usach.cl/beneficios-estudiantiles | https://acceso.mineduc.cl/wp-content/uploads/2025/11/SERV-Y-BENEF-2026-181125.pdf,REVISION_FUENTES_51_2026_10_08.md,Localizar las bases o ficha específica de Beca de Excelencia Académica USACH en Universidad de Santiago de Chile; contrastar el beneficio y los destinatarios frente a la carencia individual descrita en el antecedente.,151,NO,,,
7bef7d41d7b3ee6e69e8c2af55f784beab29a49f3476ff21b09128d34946bae3,Beca de Apoyo Estudiantil UTA,Universidad de Tarapacá,EXCLUSION_HISTORICA_SIN_RATIFICAR,COMPLETAR_FICHA_ESENCIAL,NO_CERRADA_EN_ANTECEDENTE,POR_ATRIBUIR_AL_CONTROL,NO_CERRADO_EN_ANTECEDENTE,NO_CERRADOS_EN_ANTECEDENTE,"La fuente complementaria define residencia solidaria. Además, el catálogo Mineduc distingue Beca Estudiantil por hermanos/matrimonio; ninguna identifica automáticamente el apoyo monetario general del original.",https://webdae.uta.cl/index.php/beneficios-complementarios/ | https://webdae.uta.cl/index.php/becas/,DESCARTE_EDITORIAL_SEGUNDO_LOTE_50.md,Localizar las bases o ficha específica de Beca de Apoyo Estudiantil UTA en Universidad de Tarapacá; contrastar el beneficio y los destinatarios frente a la carencia individual descrita en el antecedente.,152,NO,,,
33ec94d4fb3a968b3de117432023d23c16f0f8309478f65c576115e780cf56a9,Beca de Apoyo Socioeconomico UV,Universidad de Valparaíso,REQUIERE_ACLARACION,COMPLETAR_FICHA_ESENCIAL,NO_CERRADA_EN_ANTECEDENTE,POR_ATRIBUIR_AL_CONTROL,NO_CERRADO_EN_ANTECEDENTE,NO_CERRADOS_EN_ANTECEDENTE,La orientación DAE no define cobertura y requisitos del programa socioeconómico candidato.,https://acceso.mineduc.cl/wp-content/uploads/2025/11/SERV-Y-BENEF-2026-181125.pdf | Beneficio de Bienestar Estudiantil de la DAE UV que entrega apoyo economico a estudiantes con acreditacion socioeconomica vigente. Evaluado por el equipo de Asistentes Sociales de la Direccion de Asuntos Estudiantiles. Documentos: certificado RSH. informe social. cartola de alumno regular. Requiere pertenecer al 60% mas vulnerable. Renovacion anual con reevaluacion.,REVISION_FUENTES_51_2026_10_08.md,Localizar las bases o ficha específica de Beca de Apoyo Socioeconomico UV en Universidad de Valparaíso; contrastar el beneficio y los destinatarios frente a la carencia individual descrita en el antecedente.,153,NO,,,
92e4ad7a0560c3a831af47c3412ee193c26746839a7b4fbc7e949183226b0c26,Beca Alumni UDD,Universidad del Desarrollo,EXCLUSION_HISTORICA_SIN_RATIFICAR,COMPLETAR_FICHA_ESENCIAL,NO_CERRADA_EN_ANTECEDENTE,POR_ATRIBUIR_AL_CONTROL,NO_CERRADO_EN_ANTECEDENTE,NO_CERRADOS_EN_ANTECEDENTE,El catálogo no vincula la condición de Alumni con 20% para una segunda carrera de pregrado.,https://www.udd.cl/admision/becas/,DESCARTE_EDITORIAL_INSTITUCIONES_53.md,Localizar las bases o ficha específica de Beca Alumni UDD en Universidad del Desarrollo; contrastar el beneficio y los destinatarios frente a la carencia individual descrita en el antecedente.,154,NO,,,
635cf6ce0b82c6c433f06f0106aaf7517e423bc0b35ab1d61cd78675582db316,Beca Convenio Empresas UDD,Universidad del Desarrollo,EXCLUSION_HISTORICA_SIN_RATIFICAR,IDENTIDAD_O_MODALIDAD,NO_CERRADA_EN_ANTECEDENTE,POR_ATRIBUIR_AL_CONTROL,NO_CERRADO_EN_ANTECEDENTE,NO_CERRADOS_EN_ANTECEDENTE,El catálogo distingue programas de mérito; no acredita rango genérico empresarial 10–30% ni condiciones de cada convenio.,https://www.udd.cl/admision/becas/,DESCARTE_EDITORIAL_INSTITUCIONES_53.md,"Contrastar Beca Convenio Empresas UDD con el apartado del programa de Universidad del Desarrollo; documentar correspondencia de nivel, destinatarios y tipo de apoyo antes de corregir cifras.",155,NO,,,
e553144c6bf6ba33aed11e5686df067afdf6b8b07b621e2519997b7e7385953e,Beca Hijo Funcionario UDD,Universidad del Desarrollo,EXCLUSION_HISTORICA_SIN_RATIFICAR,COMPLETAR_FICHA_ESENCIAL,NO_CERRADA_EN_ANTECEDENTE,POR_ATRIBUIR_AL_CONTROL,NO_CERRADO_EN_ANTECEDENTE,NO_CERRADOS_EN_ANTECEDENTE,La vía de Medicina para hijos de funcionarios establece admisión y cupos. No acredita descuento arancelario de 40%.,https://medicina.udd.cl/medicina-santiago/admision-directa/ | https://www.udd.cl/admision/becas/,DESCARTE_EDITORIAL_INSTITUCIONES_53.md,Localizar las bases o ficha específica de Beca Hijo Funcionario UDD en Universidad del Desarrollo; contrastar el beneficio y los destinatarios frente a la carencia individual descrita en el antecedente.,156,NO,,,
61c89463a41b047f3c0d9cdc29eb0511549fc9f907a9fc7f6388afc82fd836a4,Beca Socioeconomica UDD,Universidad del Desarrollo,EXCLUSION_HISTORICA_SIN_RATIFICAR,COMPLETAR_FICHA_ESENCIAL,NO_CERRADA_EN_ANTECEDENTE,POR_ATRIBUIR_AL_CONTROL,NO_CERRADO_EN_ANTECEDENTE,NO_CERRADOS_EN_ANTECEDENTE,La URL redirige a contenido institucional sin ficha socioeconómica utilizable; no prueba hasta 50% de arancel.,https://admision.udd.cl/becas/,DESCARTE_EDITORIAL_INSTITUCIONES_53.md,Localizar las bases o ficha específica de Beca Socioeconomica UDD en Universidad del Desarrollo; contrastar el beneficio y los destinatarios frente a la carencia individual descrita en el antecedente.,157,NO,,,
