numero,candidato,nombre,institucion,estado,referencias_originales,campos_vacios_en_todas_las_referencias,campos_con_versiones_distintas,monto_original_sin_ratificar,rsh_original_sin_ratificar,nem_original_sin_ratificar,fechas_originales_no_certificadas,carencia_esencial_o_contradiccion,candidatos_a_comparar_no_duplicados_confirmados,decision_sobre_borrado,siguiente_comprobacion_individual,fuentes_del_expediente,tratamiento,relectura_fuente_2026_10_09,fuente_relectura
1,0c50c557857a93b275993deff71701b135075b48885dbc8e53c6827b577748ff,Beca Municipal de Incentivo al Rendimiento Académico de Estudios Superior,Municipalidad de Colchane,REQUIERE_ACLARACION,1,Ninguno: tener texto no certifica su contenido,Sin conflicto entre referencias originales,Asignacion unica anual (fomento educativo zona fronteriza),60,5.5,"{""fecha_inicio"": [""2026-03-01""], ""fecha_cierre"": [""2026-04-30""]}",Identidad y pago por cheque respaldados por decreto 1112/2022 leído visualmente. Falta elegibilidad de bases modificadas por decreto 562/2022 de 2 de junio.,,No borrar: falta evidencia positiva individual de duplicidad o fuera de alcance.,Recuperar decreto exento 562/2022 de 2 de junio y sus bases anexas desde transparencia de Colchane; leer exclusivamente elegibilidad y correspondencia de programa. No exigir importe exacto para cerrar lo esencial.,https://imcolchane.cl/Becas.php | https://imcolchane.cl/documentos/Becas/Decreto%2011122022.pdf | https://www.imcolchane.cl/,Conservar inactiva; completar la comprobación esencial indicada.,Sin lectura externa nueva en este diagnóstico; conserva la carencia del expediente.,
2,7b32991aa64fc28ef4dc7f1df6a1aee4da3c366a0b257a738ac100a101bc5ee9,Beca Educación Superior,Municipalidad de Cartagena,REQUIERE_ACLARACION,1,Ninguno: tener texto no certifica su contenido,Sin conflicto entre referencias originales,Aporte monetario anual segun presupuesto DIDECO,80,5.5,"{""fecha_inicio"": [""2026-03-01""], ""fecha_cierre"": [""2026-03-31""]}","Requisitos 2025 leídos: residencia cinco años; RSH 40–80%; educación superior reconocida; notas 5,0 o 5,5. Falta descripción del beneficio de esta convocatoria; no usar importes periodísticos 2026.",,No borrar: falta evidencia positiva individual de duplicidad o fuera de alcance.,"Contrastar Beca Educación Superior con el apartado del programa de Municipalidad de Cartagena; documentar correspondencia de nivel, destinatarios y tipo de apoyo antes de corregir cifras.",https://cms.municipalidadcartagena.cl/uploads/REQUISITOS_Y_DOCUMENTOS_A_PRESENTAR_BECAS_MUNICIPALES_2025_0d01e13d4a.pdf | https://municipalidadcartagena.cl/,Conservar inactiva; completar la comprobación esencial indicada.,Sin lectura externa nueva en este diagnóstico; conserva la carencia del expediente.,
3,c14a2cd973b875eb0c2adbca23c5743f9b20feb7ac6a0b1fc8424cb4c78de870,Beca de Estudios Superiores Municipalidad de Purranque,Municipalidad de Purranque,REQUIERE_ACLARACION,1,Ninguno: tener texto no certifica su contenido,Sin conflicto entre referencias originales,$150.000 de libre disposicion. Solo carreras presenciales.,60,5.0,"{""fecha_inicio"": [""2026-03-15""], ""fecha_cierre"": [""2026-04-07""]}","La página municipal menciona aporte de educación superior; faltan condiciones y alcance del beneficio. Localizar bases del aporte, no usar proyecto sin aprobar de terceros.",,No borrar: falta evidencia positiva individual de duplicidad o fuera de alcance.,Localizar las bases o ficha específica de Beca de Estudios Superiores Municipalidad de Purranque en Municipalidad de Purranque; contrastar el beneficio y los destinatarios frente a la carencia individual descrita en el antecedente.,https://www.purranque.cl/?s=beca | https://www.purranque.cl/,Conservar inactiva; completar la comprobación esencial indicada.,Sin lectura externa nueva en este diagnóstico; conserva la carencia del expediente.,
4,8f26745c82ef1e3b42462b3ae90bfdf7fe4e6bc7ba2a5d35932dd892c7edbf09,Beca de Mantención Educación Superior Fresia,Municipalidad de Fresia,REQUIERE_ACLARACION,1,Ninguno: tener texto no certifica su contenido,Sin conflicto entre referencias originales,$120.000 anuales en cuota unica,60,5.0,"{""fecha_inicio"": [""2026-03-15""], ""fecha_cierre"": [""2026-04-15""]}",Cuenta pública 2023 distingue Beca Concejo Municipal (750.000 universidad; 500.000 IP/CFT) y movilización (4 UTM). La candidata de mantención no tiene correspondencia inequívoca con una de ellas; falta identificar modalidad.,,No borrar: falta evidencia positiva individual de duplicidad o fuera de alcance.,"Contrastar Beca de Mantención Educación Superior Fresia con el apartado del programa de Municipalidad de Fresia; documentar correspondencia de nivel, destinatarios y tipo de apoyo antes de corregir cifras.",https://www.munifresia.cl/transparencia/descargas/MecanismoParticipacionCiudadana/CuentaPublica/2024/CuentaPublica2024-Gestion2023.pdf | https://www.munifresia.cl/,Conservar inactiva; completar la comprobación esencial indicada.,Sin lectura externa nueva en este diagnóstico; conserva la carencia del expediente.,
5,c1bfe255f8585bb0c9e79bc82a7b66ce7b915310b1913e5111a334a3fce1b005,Beca Municipal Incentivo al Rendimiento Taltal,Municipalidad de Taltal,REQUIERE_ACLARACION,1,Ninguno: tener texto no certifica su contenido,Sin conflicto entre referencias originales,Aporte economico anual (85 beneficiarios),60,5.0,"{""fecha_inicio"": [""2026-03-01""], ""fecha_cierre"": [""2026-03-31""]}","Cuenta pública 2025 distingue Beca Municipal y Paranal, con fondos agregados. Falta elegibilidad; no dividir presupuesto por beneficiarios para deducir importe.",,No borrar: falta evidencia positiva individual de duplicidad o fuera de alcance.,"Contrastar Beca Municipal Incentivo al Rendimiento Taltal con el apartado del programa de Municipalidad de Taltal; documentar correspondencia de nivel, destinatarios y tipo de apoyo antes de corregir cifras.",https://municipalidadtaltal.cl/portal9/wp-content/uploads/2026/04/RESUMEN-CUENTA-PUBLICA-ANO-2025-1.pdf | https://www.municipalidadtaltal.cl/,Conservar inactiva; completar la comprobación esencial indicada.,Sin lectura externa nueva en este diagnóstico; conserva la carencia del expediente.,
6,f60b937cac06b69d259df3f6d4a8e4e8a2c288f04f40e8814bf925b36ca2b451,Beca Municipal de Educación Superior 2026,Municipalidad de Calera de Tango,REQUIERE_ACLARACION,1,Ninguno: tener texto no certifica su contenido,Sin conflicto entre referencias originales,Aporte segun evaluacion del equipo social,60,5.0,"{""fecha_inicio"": [""2026-04-01""], ""fecha_cierre"": [""2026-04-17""]}","Página social identifica beca municipal superior y evaluación social, pero no precisa beneficio. Falta leer bases o acuerdo de creación; URL original contiene texto ajeno.",,No borrar: falta evidencia positiva individual de duplicidad o fuera de alcance.,Localizar las bases o ficha específica de Beca Municipal de Educación Superior 2026 en Municipalidad de Calera de Tango; contrastar el beneficio y los destinatarios frente a la carencia individual descrita en el antecedente.,https://www.caleradetango.cl/departamento-social | https://www.uahurtado.cl/wp-images/uploads/2022/03/BENEFICIOS-ESTUDIANTILES-ADMISION-2022.pdf |  vie 16:30) o digital.,Conservar inactiva; completar la comprobación esencial indicada.,Sin lectura externa nueva en este diagnóstico; conserva la carencia del expediente.,
7,0d2f745ea1726bbaa603ca4933f75a62150cd37bdceddf02b3b1c5315737ba9b,Beca de Educación Superior Maria Elena,Municipalidad de Maria Elena,REQUIERE_ACLARACION,1,Ninguno: tener texto no certifica su contenido,Sin conflicto entre referencias originales,$300.000 en cuota unica (cofinanciado con mineras),60,5.0,"{""fecha_inicio"": [""2026-03-01""], ""fecha_cierre"": [""2026-03-21""]}",Informe de secretaría 2015 identifica aprobación del programa de educación superior. Falta contenido del reglamento: beneficio y elegibilidad.,,No borrar: falta evidencia positiva individual de duplicidad o fuera de alcance.,Localizar las bases o ficha específica de Beca de Educación Superior Maria Elena en Municipalidad de Maria Elena; contrastar el beneficio y los destinatarios frente a la carencia individual descrita en el antecedente.,https://transparencia.imme.cl/transparencia/datos/111/116/1698/15193_departamento-de-secretaria-municipal.pdf | https://www.immariaelena.cl/,Conservar inactiva; completar la comprobación esencial indicada.,Sin lectura externa nueva en este diagnóstico; conserva la carencia del expediente.,
8,005bf2a8ea132fd3c3f5233c170a6340ab3022fc135ed97e6a412d347616904c,Beca Educación Superior Ilustre Municipalidad de Papudo,Municipalidad de Papudo,REQUIERE_ACLARACION,1,Ninguno: tener texto no certifica su contenido,Sin conflicto entre referencias originales,$250.000 en 2 cuotas: mayo $125.000 y octubre $125.000,60,5.0,"{""fecha_inicio"": [""2026-02-01""], ""fecha_cierre"": [""2026-03-31""]}",Cuenta pública 2017 identifica beneficiarios de educación superior; no trasladar el aporte de enseñanza media. Recuperación tiene discrepancia TLS; falta reglamento de superior.,,No borrar: falta evidencia positiva individual de duplicidad o fuera de alcance.,Recuperar y leer visualmente el documento de Municipalidad de Papudo indicado en las fuentes; localizar el apartado de Beca Educación Superior Ilustre Municipalidad de Papudo y registrar páginas con beneficio y elegibilidad.,https://www.municipalidadpapudo.cl/Archivos/cuenta_publica/cuenta_publica_2017.pdf | https://www.municipalidadpapudo.cl/,Conservar inactiva; completar la comprobación esencial indicada.,Sin lectura externa nueva en este diagnóstico; conserva la carencia del expediente.,
9,f791e7c86277c3314f6d3fc2e5793a325104b13c892b8b7030d0b46253a1b612,Beca Municipal de Educación Superior 2025/2026,Municipalidad de Carahue,REQUIERE_ACLARACION,1,Ninguno: tener texto no certifica su contenido,Sin conflicto entre referencias originales,Aporte segun presupuesto DIDECO,40,6.0,"{""fecha_inicio"": [""2026-03-24""], ""fecha_cierre"": [""2026-04-17""]}",Acta 42 de 2 de febrero 2026 no recuperada por tiempo de espera. Leer acuerdo y anexos correspondientes a beca universitaria; noticia histórica de terceros no basta.,,No borrar: falta evidencia positiva individual de duplicidad o fuera de alcance.,Recuperar y leer visualmente el documento de Municipalidad de Carahue indicado en las fuentes; localizar el apartado de Beca Municipal de Educación Superior 2025/2026 y registrar páginas con beneficio y elegibilidad.,https://sidmun.carahue.cl/web/Archivos/Actas/2026/2026-02-02-42.pdf | https://carahue.cl/,Conservar inactiva; completar la comprobación esencial indicada.,Sin lectura externa nueva en este diagnóstico; conserva la carencia del expediente.,
10,ca0e6229369a472919fca235617e8fca06aa229bffb66fd73d32f0e1952e9c65,Beca Estudiantil Municipal Yumbel,Municipalidad de Yumbel,REQUIERE_ACLARACION,1,Ninguno: tener texto no certifica su contenido,Sin conflicto entre referencias originales,Aporte por evaluacion del departamento social y presupuesto del concejo,60,5.0,"{""fecha_inicio"": [""2026-03-01""], ""fecha_cierre"": [""2026-04-30""]}","Formulario 2025 corresponde a residencia estudiantil en Concepción. Respalda matrícula y domicilio, pero no equivalencia con aporte monetario original; falta resolver modalidad.",,No borrar: falta evidencia positiva individual de duplicidad o fuera de alcance.,"Contrastar Beca Estudiantil Municipal Yumbel con el apartado del programa de Municipalidad de Yumbel; documentar correspondencia de nivel, destinatarios y tipo de apoyo antes de corregir cifras.",https://yumbel.cl/wp-content/uploads/2024/12/POSTULACION-BECA-RESIDENCIA-2025-2.pdf | https://www.yumbel.cl/,Conservar inactiva; completar la comprobación esencial indicada.,"Página 68: Beca Residencia Yumbel, estadía en hogares de Concepción marzo–diciembre; matrícula en institución superior de Concepción–Talcahuano, domicilio, notas, RSH y formulario. No describe un cheque ni un aporte general según presupuesto. Falta fuente que demuestre el supuesto apoyo monetario original; no sustituirlo por alojamiento.",https://direcciones.ucsc.cl/content/uploads/sites/35/2024/12/Becas-Municipales.pdf
11,6b040bf2cb8c5732b3e9f3b9fb223cc457e78044fc235ded186e8fd32fbddd20,Beca Municipal Estudiantil El Monte,Municipalidad de El Monte,REQUIERE_ACLARACION,1,Ninguno: tener texto no certifica su contenido,Sin conflicto entre referencias originales,$100.000 en 1 cuota,60,5.0,"{""fecha_inicio"": [""2026-03-15""], ""fecha_cierre"": [""2026-04-15""]}",Cuenta pública 2024 muestra gestión de BPR/BI de JUNAEB; no acredita beca municipal propia. Falta fuente específica de esta última; no concluir inexistencia.,,No borrar: falta evidencia positiva individual de duplicidad o fuera de alcance.,Recuperar y leer visualmente el documento de Municipalidad de El Monte indicado en las fuentes; localizar el apartado de Beca Municipal Estudiantil El Monte y registrar páginas con beneficio y elegibilidad.,https://www.munielmonte.cl/files/CUENTA%20PUBLICA%202024.pdf | https://www.munielmonte.cl/,Conservar inactiva; completar la comprobación esencial indicada.,Sin lectura externa nueva en este diagnóstico; conserva la carencia del expediente.,
12,cbccb00c7d8d89014ac78ebbcc2f3d49de80f58164b82f8d32881e161bcb6f90,Beca Concejo Municipal de Osorno para Educación Superior,Municipalidad de Osorno,REQUIERE_ACLARACION,1,Ninguno: tener texto no certifica su contenido,Sin conflicto entre referencias originales,$180.000 anuales de libre disposicion,60,5.0,"{""fecha_inicio"": [""2026-02-01""], ""fecha_cierre"": [""2026-03-15""]}",PDF 2011 sin texto extraíble. Requiere lectura visual del acuerdo del Concejo; no sustituir por becas deportivas o culturales actuales.,,No borrar: falta evidencia positiva individual de duplicidad o fuera de alcance.,Recuperar y leer visualmente el documento de Municipalidad de Osorno indicado en las fuentes; localizar el apartado de Beca Concejo Municipal de Osorno para Educación Superior y registrar páginas con beneficio y elegibilidad.,https://www.municipalidadosorno.cl/docs/site/cuentapublica/cuentapublica2011.pdf | https://www.municipalidadosorno.cl/dideco,Conservar inactiva; completar la comprobación esencial indicada.,Sin lectura externa nueva en este diagnóstico; conserva la carencia del expediente.,
13,1cd51c0d2ec1a24b6be88ad42557efc2a2d72e8d0312311c715338b7ffc5582b,Beca Municipal de Mantención Pudahuel,Municipalidad de Pudahuel,REQUIERE_ACLARACION,1,Ninguno: tener texto no certifica su contenido,Sin conflicto entre referencias originales,$200.000 anuales de libre disposicion,60,5.5,"{""fecha_inicio"": [""2026-03-01""], ""fecha_cierre"": [""2026-03-31""]}","Boletín municipal agosto 2024 respalda pago económico, pero no elegibilidad. Catastro UAH 2022 corresponde a otro año; recuperar bases de una misma convocatoria antes de combinarlos.",,No borrar: falta evidencia positiva individual de duplicidad o fuera de alcance.,Localizar las bases o ficha específica de Beca Municipal de Mantención Pudahuel en Municipalidad de Pudahuel; contrastar el beneficio y los destinatarios frente a la carencia individual descrita en el antecedente.,https://dideco.mpudahuel.cl/app/tramites/home.asp | https://www.mpudahuel.cl/dideco,Conservar inactiva; completar la comprobación esencial indicada.,Sin lectura externa nueva en este diagnóstico; conserva la carencia del expediente.,
14,19df4e73e6b31fa7b919bf2dd7aa58a2c44778ea6fc63ab1ec69d4cb57554abc,Beca Ilustre Municipalidad de Linares,Municipalidad de Linares,REQUIERE_ACLARACION,1,Ninguno: tener texto no certifica su contenido,Sin conflicto entre referencias originales,Aporte unico anual para estudiantes destacados de escasos recursos,60,5.5,"{""fecha_inicio"": [""2026-03-01""], ""fecha_cierre"": [""2026-03-31""]}","Acta municipal 2024 no recuperada por certificado TLS. PDF de corporación sobre estudios requiere acceso y contraste: podría ser convenio CFT, no misma beca; no confirmar alias.",,No borrar: falta evidencia positiva individual de duplicidad o fuera de alcance.,Recuperar y leer visualmente el documento de Municipalidad de Linares indicado en las fuentes; localizar el apartado de Beca Ilustre Municipalidad de Linares y registrar páginas con beneficio y elegibilidad.,https://www.corporacionlinares.cl/ley20285/pdf/07/actas_de_concejo/ACTA_121_del_12_11_2024.pdf | https://www.corporacionlinares.cl/,Conservar inactiva; completar la comprobación esencial indicada.,Sin lectura externa nueva en este diagnóstico; conserva la carencia del expediente.,
15,f8b6eed134d17b2e4dbc41b3563fafb078b7b4af683348ddafd031d71c9dbc55,Beca Educación Superior,Municipalidad de Concepción,REQUIERE_ACLARACION,1,Ninguno: tener texto no certifica su contenido,Sin conflicto entre referencias originales,Monto variable según presupuesto anual DIDECO,60,5.0,"{""fecha_inicio"": [""2026-01-01""], ""fecha_cierre"": [""2026-04-30""]}",Acta 2015 sin texto extraíble requiere lectura visual. Documento de 2018 para funcionarios no acredita candidata general de educación superior.,,No borrar: falta evidencia positiva individual de duplicidad o fuera de alcance.,Recuperar y leer visualmente el documento de Municipalidad de Concepción indicado en las fuentes; localizar el apartado de Beca Educación Superior y registrar páginas con beneficio y elegibilidad.,https://www.concepcion.cl/transparencia/documentos/actas_ord_2012_2016/Acta_111-2015.pdf | https://www.concepcion.cl/servicios-municipales/,Conservar inactiva; completar la comprobación esencial indicada.,Sin lectura externa nueva en este diagnóstico; conserva la carencia del expediente.,
16,a6bf4aee68f0b0f2711c04cfb093afc6d84a2733bd86970f277b8fb572c709b6,Beca Municipal de Educación Superior,Municipalidad de Temuco,REQUIERE_ACLARACION,1,Ninguno: tener texto no certifica su contenido,Sin conflicto entre referencias originales,Monto variable según evaluación socioeconómica DIDECO,60,5.0,"{""fecha_inicio"": [""2026-01-01""], ""fecha_cierre"": [""2026-04-30""]}",Acta 2024 consultada describe becas deportivas. No respalda candidata de mantención superior; falta reglamento de esta modalidad.,,No borrar: falta evidencia positiva individual de duplicidad o fuera de alcance.,Recuperar y leer visualmente el documento de Municipalidad de Temuco indicado en las fuentes; localizar el apartado de Beca Municipal de Educación Superior y registrar páginas con beneficio y elegibilidad.,https://transparencia.temuco.cl/theconcejo/2024/junio/18-06.pdf | https://www.temuco.cl/dideco/,Conservar inactiva; completar la comprobación esencial indicada.,Sin lectura externa nueva en este diagnóstico; conserva la carencia del expediente.,
17,c184494125231a03affcbe31c17eca4b7cea9a9bcb454850a996fa9460a3f51a,Beca Municipal para Estudiantes de Educación Superior,Municipalidad de Estacion Central,REQUIERE_ACLARACION,1,Ninguno: tener texto no certifica su contenido,Sin conflicto entre referencias originales,Aporte monetario segun evaluacion y presupuesto DIDECO,60,5.0,"{""fecha_inicio"": [""2026-03-01""], ""fecha_cierre"": [""2026-03-31""]}",Enlace a bases 2026 redirige a portada municipal. Recuperar archivo desde transparencia o publicación original; portada no prueba requisitos.,,No borrar: falta evidencia positiva individual de duplicidad o fuera de alcance.,Recuperar y leer visualmente el documento de Municipalidad de Estacion Central indicado en las fuentes; localizar el apartado de Beca Municipal para Estudiantes de Educación Superior y registrar páginas con beneficio y elegibilidad.,https://www.muniestacioncentral.cl/wp-content/uploads/2026/03/bases-BTC.pdf | https://estacioncentral.cl/,Conservar inactiva; completar la comprobación esencial indicada.,Sin lectura externa nueva en este diagnóstico; conserva la carencia del expediente.,
18,a11c77c03e7be7edc71ab53364ab40f2ccd66a4c3086294643c90019584e4777,Beca Municipal Educación Superior Caldera,Municipalidad de Caldera,REQUIERE_ACLARACION,1,Ninguno: tener texto no certifica su contenido,Sin conflicto entre referencias originales,Aporte monetario anual segun decreto presupuestario,60,5.0,"{""fecha_inicio"": [""2026-03-01""], ""fecha_cierre"": [""2026-03-31""]}","Ruta FONDESCO 2025 devuelve HTML, no bases PDF. Falta demostrar beneficio individual superior; contratación de transporte no acredita aporte monetario propio.",,No borrar: falta evidencia positiva individual de duplicidad o fuera de alcance.,Recuperar y leer visualmente el documento de Municipalidad de Caldera indicado en las fuentes; localizar el apartado de Beca Municipal Educación Superior Caldera y registrar páginas con beneficio y elegibilidad.,https://caldera.cl/wp-content/uploads/2025/06/BASES-TECNICAS-Y-ADMINISTRATIVAS-FONDESCO-2025-of.pdf | https://www.caldera.cl/,Conservar inactiva; completar la comprobación esencial indicada.,Sin lectura externa nueva en este diagnóstico; conserva la carencia del expediente.,
19,cb716976a191d01fa438e26b99e4b8f475d99bb9d201934d3ee43226ad7f0925,Beca Municipal Estudiantil,Municipalidad de Coltauco,REQUIERE_ACLARACION,1,Ninguno: tener texto no certifica su contenido,Sin conflicto entre referencias originales,Monto anual definido por decreto alcaldicio en 1 sola cuota,80,5.0,"{""fecha_inicio"": [""2026-03-01""], ""fecha_cierre"": [""2026-03-31""]}","Noticia municipal anuncia postulaciones de superior, sin precisar aporte ni condiciones. Leer bases o formulario público enlazado sin enviar solicitud.",,No borrar: falta evidencia positiva individual de duplicidad o fuera de alcance.,Localizar las bases o ficha específica de Beca Municipal Estudiantil en Municipalidad de Coltauco; contrastar el beneficio y los destinatarios frente a la carencia individual descrita en el antecedente.,https://www.coltauco.cl/rsp/noticias.php?id=359 | https://www.coltauco.cl/,Conservar inactiva; completar la comprobación esencial indicada.,Sin lectura externa nueva en este diagnóstico; conserva la carencia del expediente.,
20,e4dc133f45e6b4b4870334d7e653bf322f1e15fe933dbb4eba16ea9770896c67,Beca Municipal Capital del Mimbre,Municipalidad de Chimbarongo,REQUIERE_ACLARACION,1,Ninguno: tener texto no certifica su contenido,Sin conflicto entre referencias originales,Aporte en cuotas mensuales regulado por decreto DIDECO,60,5.0,"{""fecha_inicio"": [""2026-03-01""], ""fecha_cierre"": [""2026-05-13""]}",Documento alojado en Cámara no recuperado por 403. Buscar reglamento municipal Capital del Mimbre y verificar alcance de superior.,,No borrar: falta evidencia positiva individual de duplicidad o fuera de alcance.,Recuperar y leer visualmente el documento de Municipalidad de Chimbarongo indicado en las fuentes; localizar el apartado de Beca Municipal Capital del Mimbre y registrar páginas con beneficio y elegibilidad.,https://www.camara.cl/verDoc.aspx?prmID=372191&prmTIPO=DOCUMENTO_COMISION | https://www.municipalidadchimbarongo.com/,Conservar inactiva; completar la comprobación esencial indicada.,Sin lectura externa nueva en este diagnóstico; conserva la carencia del expediente.,
21,7a3ec8f3d5c492303812028da43f2af7317e056921f3fbfe6d274386952927f1,Beca Municipal de Educación Superior,Municipalidad de Peumo,REQUIERE_ACLARACION,1,Ninguno: tener texto no certifica su contenido,Sin conflicto entre referencias originales,Aporte economico anual para continuidad de estudios,60,5.0,"{""fecha_inicio"": [""2026-05-01""], ""fecha_cierre"": [""2026-05-31""]}","Documento oficial contiene beneficiarios, no bases ni cobertura. Falta acuerdo o reglamento del mismo programa; no deducir criterios desde nómina.",,No borrar: falta evidencia positiva individual de duplicidad o fuera de alcance.,Localizar las bases o ficha específica de Beca Municipal de Educación Superior en Municipalidad de Peumo; contrastar el beneficio y los destinatarios frente a la carencia individual descrita en el antecedente.,https://mpeumo.cl/page/2/?paged=2 | https://mpeumo.cl/,Conservar inactiva; completar la comprobación esencial indicada.,Sin lectura externa nueva en este diagnóstico; conserva la carencia del expediente.,
22,34caa8abfdbea88cf08a57fa33f7e0629f9dec390d260879a8dfa6869d1d936c,Beca Red de Egresados,INACAP,EXCLUSION_HISTORICA_SIN_RATIFICAR,1,nem_minimo | regiones | rsh_maximo,Sin conflicto entre referencias originales,15% descuento arancel semestral,,,"{""fecha_inicio"": [""2026-01-01""], ""fecha_cierre"": [""2026-12-31""]}",Página Red de Egresados devuelve 404. Recuperar beneficio propio para familiares de egresados; beca estatal de articulación no prueba esta candidata.,,No borrar: falta evidencia positiva individual de duplicidad o fuera de alcance.,Recuperar y leer visualmente el documento de INACAP indicado en las fuentes; localizar el apartado de Beca Red de Egresados y registrar páginas con beneficio y elegibilidad.,https://www.inacap.cl/tportal/portales/tp4964b0e11802/becas-y-beneficios.html,Revisar exclusión histórica: no ratificada; conservar original y no usar la exclusión como evidencia.,Sin lectura externa nueva en este diagnóstico; conserva la carencia del expediente.,
23,d180e8d90434d731b878be62de9c8e31bdcff85544b9ca440e8552d94bdb72c5,Beca de Mantención Municipal para Estudios Superiores,Municipalidad de Coquimbo,REQUIERE_ACLARACION,1,Ninguno: tener texto no certifica su contenido,Sin conflicto entre referencias originales,$200.000 anuales en dos cuotas semestrales,60,5.5,"{""fecha_inicio"": [""2026-03-01""], ""fecha_cierre"": [""2026-03-31""]}",Página DIDECO devuelve 404. Falta fuente específica de beca superior propia; distinguir convenios con universidades.,,No borrar: falta evidencia positiva individual de duplicidad o fuera de alcance.,Recuperar y leer visualmente el documento de Municipalidad de Coquimbo indicado en las fuentes; localizar el apartado de Beca de Mantención Municipal para Estudios Superiores y registrar páginas con beneficio y elegibilidad.,https://www.municoquimbo.cl/direccion-de-desarrollo-comunitario/,Conservar inactiva; completar la comprobación esencial indicada.,Sin lectura externa nueva en este diagnóstico; conserva la carencia del expediente.,
24,6bfaa7776894bbb9ca4951e00f219cff008f3c8027061b44b818cedf965f986d,Beca de Estudio Graneros Nueva Ciudad,Municipalidad de Graneros,REQUIERE_ACLARACION,1,Ninguno: tener texto no certifica su contenido,Sin conflicto entre referencias originales,Aporte en 2 cuotas (marzo-julio y agosto-diciembre) via Cuenta RUT,70,5.5,"{""fecha_inicio"": [""2026-03-01""], ""fecha_cierre"": [""2026-03-04""]}",PADEM 2019 devuelve 404. Recuperar sección del programa y sus condiciones; no certificar desde la URL.,,No borrar: falta evidencia positiva individual de duplicidad o fuera de alcance.,Recuperar y leer visualmente el documento de Municipalidad de Graneros indicado en las fuentes; localizar el apartado de Beca de Estudio Graneros Nueva Ciudad y registrar páginas con beneficio y elegibilidad.,https://www.daemgraneros.cl/file/padem2019.pdf | https://municipalidadgraneros.cl/,Conservar inactiva; completar la comprobación esencial indicada.,Sin lectura externa nueva en este diagnóstico; conserva la carencia del expediente.,
25,d429a131ee5eb0da8f128b67ea6826d736362150fb9214050db6838af03ab93c,Beca de Mantención Educación Superior Hualpen,Municipalidad de Hualpen,REQUIERE_ACLARACION,1,Ninguno: tener texto no certifica su contenido,Sin conflicto entre referencias originales,$200.000 anuales por Concejo,60,5.0,"{""fecha_inicio"": [""2026-03-01""], ""fecha_cierre"": [""2026-03-31""]}","Catastro UdeC 2024 detalla convenio IDP de descuento de arancel, no mantención monetaria. Falta demostrar candidata de mantención independiente.",,No borrar: falta evidencia positiva individual de duplicidad o fuera de alcance.,Recuperar y leer visualmente el documento de Municipalidad de Hualpen indicado en las fuentes; localizar el apartado de Beca de Mantención Educación Superior Hualpen y registrar páginas con beneficio y elegibilidad.,https://www.hualpenciudad.cl/wp-content/uploads/2025/12/Pladeco-2026-2032-2-reducido.pdf | https://cade.udec.cl/wp-content/uploads/2024/10/Catastro-Beneficios-Municipales-2.pdf | https://www.hualpenciudad.cl/,Conservar inactiva; completar la comprobación esencial indicada.,Sin lectura externa nueva en este diagnóstico; conserva la carencia del expediente.,
26,14abd2d4252d535d32030eead8a43b45fd448a5d3ea087c749f43ad2b6ba85cb,Beca Estudiantil Municipal Lautaro,Municipalidad de Lautaro,REQUIERE_ACLARACION,1,Ninguno: tener texto no certifica su contenido,Sin conflicto entre referencias originales,$150.000 anuales de libre disposicion,60,5.0,"{""fecha_inicio"": [""2026-03-15""], ""fecha_cierre"": [""2026-04-15""]}",Portal devuelve 406. Falta documento específico del programa superior con beneficio y requisitos; no marcar como inexistente.,,No borrar: falta evidencia positiva individual de duplicidad o fuera de alcance.,Recuperar y leer visualmente el documento de Municipalidad de Lautaro indicado en las fuentes; localizar el apartado de Beca Estudiantil Municipal Lautaro y registrar páginas con beneficio y elegibilidad.,https://www.munilautaro.cl/trabajos-de-veranos-2023/ | https://www.munilautaro.cl/,Conservar inactiva; completar la comprobación esencial indicada.,Sin lectura externa nueva en este diagnóstico; conserva la carencia del expediente.,
27,9ce906481d31a5afe650ce6ce496adbb9f95ba8b1254a2e2e1837d71d408a519,Beca Educación Superior Santa Maria,Municipalidad de Santa Maria,REQUIERE_ACLARACION,1,Ninguno: tener texto no certifica su contenido,Sin conflicto entre referencias originales,Ayuda economica anual renovable por 2 anos,60,5.0,"{""fecha_inicio"": [""2026-03-01""], ""fecha_cierre"": [""2026-03-31""]}",Noticia de deportes bloqueada 403; título no respalda educación superior. Falta localizar beca estudiantil propia.,,No borrar: falta evidencia positiva individual de duplicidad o fuera de alcance.,Recuperar y leer visualmente el documento de Municipalidad de Santa Maria indicado en las fuentes; localizar el apartado de Beca Educación Superior Santa Maria y registrar páginas con beneficio y elegibilidad.,https://imsantamaria.cl/municipalidad-de-santa-maria-entrega-30-becas-deportivas-a-destacados-deportistas-locales/ | https://www.imsantamaria.cl/,Conservar inactiva; completar la comprobación esencial indicada.,Sin lectura externa nueva en este diagnóstico; conserva la carencia del expediente.,
28,49a1cf4554d04de646e6729a5b2bcfb8b652a5eaa22066ea9e55686fe7800759,Beca Municipal Educación Superior Talca,Municipalidad de Talca,REQUIERE_ACLARACION,1,Ninguno: tener texto no certifica su contenido,Sin conflicto entre referencias originales,Monto segun evaluacion socioeconomica del departamento social,60,5.0,"{""fecha_inicio"": [""2026-03-01""], ""fecha_cierre"": [""2026-03-31""]}","Documento municipal no recuperado por cadena TLS. Recuperar archivo de bases, sin inferir cobertura del nombre.",,No borrar: falta evidencia positiva individual de duplicidad o fuera de alcance.,Recuperar y leer visualmente el documento de Municipalidad de Talca indicado en las fuentes; localizar el apartado de Beca Municipal Educación Superior Talca y registrar páginas con beneficio y elegibilidad.,https://www.talca.cl/?p=26627 | https://www.talca.cl/,Conservar inactiva; completar la comprobación esencial indicada.,Sin lectura externa nueva en este diagnóstico; conserva la carencia del expediente.,
29,c5a89ab81b7d1fca835bb09dbbe5414aea0b1b008180247495c14f5355fe72cc,Beca Municipal de Educación Superior Victoria,Municipalidad de Victoria,REQUIERE_ACLARACION,1,Ninguno: tener texto no certifica su contenido,Sin conflicto entre referencias originales,Aporte monetario anual segun decreto presupuestario,60,5.0,"{""fecha_inicio"": [""2026-03-01""], ""fecha_cierre"": [""2026-03-31""]}",Página de subsidios leída; reglamento de ayuda social enlazado devuelve 403. Falta leer apartado de educación y comprobar si existe programa superior específico.,,No borrar: falta evidencia positiva individual de duplicidad o fuera de alcance.,Recuperar y leer visualmente el documento de Municipalidad de Victoria indicado en las fuentes; localizar el apartado de Beca Municipal de Educación Superior Victoria y registrar páginas con beneficio y elegibilidad.,https://victoriachile.cl/departamentos-y-direcciones/secretaria-municipal/transparencia-subsidios-y-beneficios-propios/ | https://www.victoria.cl/,Conservar inactiva; completar la comprobación esencial indicada.,Sin lectura externa nueva en este diagnóstico; conserva la carencia del expediente.,
30,561cf61f3e18aa9785dd49bc40778fb3175aa8ac94f1bc71a0211eb10734b00d,Beca Familiar UCSH,Universidad Católica Silva Henriquez,EXCLUSION_HISTORICA_SIN_RATIFICAR,2,nem_minimo | rsh_maximo,descripcion | descripcion_larga | documentos_requeridos | monto | regiones,10% descuento arancel | 15% arancel anual,,,"{""fecha_inicio"": [""2026-01-01""], ""fecha_cierre"": [""2026-12-31""]}",Página familiar UCSH bloqueada 403. Formulario familiar de magíster no acredita pregrado; falta regla específica de familiares para el nivel candidato.,,No borrar: falta evidencia positiva individual de duplicidad o fuera de alcance.,Recuperar y leer visualmente el documento de Universidad Católica Silva Henriquez indicado en las fuentes; localizar el apartado de Beca Familiar UCSH y registrar páginas con beneficio y elegibilidad.,https://www.ucsh.cl/becas-y-beneficios/ | https://admision.ucsh.cl/becas-y-beneficios/,Revisar exclusión histórica: no ratificada; conservar original y no usar la exclusión como evidencia.,Sin lectura externa nueva en este diagnóstico; conserva la carencia del expediente.,
31,5f17b62ec6ecb905ceed2b7e3271a2974e374ec3b003fbcd3816c06fac6b7578,Beca Intercultural UCT,Universidad Católica de Temuco,EXCLUSION_HISTORICA_SIN_RATIFICAR,1,nem_minimo | rsh_maximo,Sin conflicto entre referencias originales,20% descuento arancel,,,"{""fecha_inicio"": [""2026-01-01""], ""fecha_cierre"": [""2026-12-31""]}",Página intercultural UCT devuelve 404. Beca estatal indígena no acredita beneficio institucional propio; falta identificar programa.,,No borrar: falta evidencia positiva individual de duplicidad o fuera de alcance.,Recuperar y leer visualmente el documento de Universidad Católica de Temuco indicado en las fuentes; localizar el apartado de Beca Intercultural UCT y registrar páginas con beneficio y elegibilidad.,https://admision.uct.cl/becas-y-beneficios/,Revisar exclusión histórica: no ratificada; conservar original y no usar la exclusión como evidencia.,Sin lectura externa nueva en este diagnóstico; conserva la carencia del expediente.,
32,e88f2512a40acfc5e28efc57cb4cf115b82da9989b89dd025fe7bded0b389112,Beca de Apoyo Socioeconomico UCT,Universidad Católica de Temuco,EXCLUSION_HISTORICA_SIN_RATIFICAR,1,nem_minimo,Sin conflicto entre referencias originales,15-50% arancel,60,,"{""fecha_inicio"": [""2026-01-01""], ""fecha_cierre"": [""2026-12-31""]}",Página social UCT devuelve 404. No sustituir por beneficio MEP de arancel de otra ficha ya confirmada; falta identidad de esta candidata.,,No borrar: falta evidencia positiva individual de duplicidad o fuera de alcance.,Recuperar y leer visualmente el documento de Universidad Católica de Temuco indicado en las fuentes; localizar el apartado de Beca de Apoyo Socioeconomico UCT y registrar páginas con beneficio y elegibilidad.,https://admision.uct.cl/becas-y-beneficios/,Revisar exclusión histórica: no ratificada; conservar original y no usar la exclusión como evidencia.,Sin lectura externa nueva en este diagnóstico; conserva la carencia del expediente.,
33,5254ac468066e3edc4853385821173bc489dfd44d9e6acb0db1ce3f5ff20ef7e,Beca Fomento Regional UDLA,Universidad de Las Américas,EXCLUSION_HISTORICA_SIN_RATIFICAR,1,nem_minimo | regiones | rsh_maximo,Sin conflicto entre referencias originales,20% descuento arancel,,,"{""fecha_inicio"": [""2026-01-01""], ""fecha_cierre"": [""2026-12-31""]}",Enlace regional UDLA devuelve 404. Recuperar reglamento o ficha que identifique apoyo regional propio y su cobertura.,,No borrar: falta evidencia positiva individual de duplicidad o fuera de alcance.,Recuperar y leer visualmente el documento de Universidad de Las Américas indicado en las fuentes; localizar el apartado de Beca Fomento Regional UDLA y registrar páginas con beneficio y elegibilidad.,https://admision.udla.cl/becas-y-financiamiento/ | Beca Fomento Regional UDLA con 20% de descuento para estudiantes de sedes regionales. Incentiva la diversidad geografica. Documentos: certificado de residencia en region. matricula. Renovable.,Revisar exclusión histórica: no ratificada; conservar original y no usar la exclusión como evidencia.,Sin lectura externa nueva en este diagnóstico; conserva la carencia del expediente.,
34,1c47d8aba6a0d077201251fe750018ee5237e9ba394c6674085171b14e630c95,Beca Convenio Empresas AIEP,AIEP,EXCLUSION_HISTORICA_SIN_RATIFICAR,1,nem_minimo | regiones | rsh_maximo,Sin conflicto entre referencias originales,10% a 25% descuento arancel,,,"{""fecha_inicio"": [""2026-01-01""], ""fecha_cierre"": [""2026-12-31""]}","Página AIEP leída: contempla funcionarios públicos, bomberos y mujeres STEM. No prueba convenio genérico de empresas del original; falta convenio aplicable.",,No borrar: falta evidencia positiva individual de duplicidad o fuera de alcance.,"Contrastar Beca Convenio Empresas AIEP con el apartado del programa de AIEP; documentar correspondencia de nivel, destinatarios y tipo de apoyo antes de corregir cifras.",https://www.aiep.cl/admision/becas-y-financiamiento/,Revisar exclusión histórica: no ratificada; conservar original y no usar la exclusión como evidencia.,"La ficha específica establece financiación de la carrera por el empleador mediante orden de compra y factura; si la factura queda impaga y se anula, la deuda vuelve al estudiante. No establece descuento propio del 10–25% ni extensión a cargas familiares. Distinguir financiación empresarial de descuento por convenio; falta acreditar el convenio que afirma el original.",https://www.aiep.cl/admision/becas-y-financiamiento/beneficio-empresas/
35,317fc4e2853c759fae7d0742bb8613f5dda0fdd0a57437f63741d2df0e998bc5,Beca Apoyo Familiar ENAC,CFT ENAC,EXCLUSION_HISTORICA_SIN_RATIFICAR,1,nem_minimo | regiones,Sin conflicto entre referencias originales,15% descuento arancel semestral,60,,"{""fecha_inicio"": [""2026-01-01""], ""fecha_cierre"": [""2026-12-31""]}",Página ENAC leída enumera beneficios estatales; no acredita beca propia de esta candidata. Falta reglamento institucional específico.,,No borrar: falta evidencia positiva individual de duplicidad o fuera de alcance.,Localizar las bases o ficha específica de Beca Apoyo Familiar ENAC en CFT ENAC; contrastar el beneficio y los destinatarios frente a la carencia individual descrita en el antecedente.,https://enac.cl/admision/,Revisar exclusión histórica: no ratificada; conservar original y no usar la exclusión como evidencia.,"El informe oficial 2022, páginas 150–151 y 302, describe financiamiento estatal y orientación a beneficios internos/externos sin identificar esta beca ni sus requisitos. Página 318 menciona becas para pagar el proceso de título: no una beca de segunda carrera para titulados. No permite confirmar porcentajes ni requisitos del registro. No demuestra inexistencia del programa; se requiere instrumento específico.",https://acreditacion.enac.cl/wp-content/uploads/2022/07/Informe-Autoevaluacion-Institucional.pdf
36,caf8058fd9dc82de04456bb99374a18534754876b7673ce78d485b5eb1b4945c,Beca Convenio Empresas ENAC,CFT ENAC,EXCLUSION_HISTORICA_SIN_RATIFICAR,1,nem_minimo | regiones | rsh_maximo,Sin conflicto entre referencias originales,10% a 20% descuento arancel,,,"{""fecha_inicio"": [""2026-01-01""], ""fecha_cierre"": [""2026-12-31""]}",Página ENAC leída enumera beneficios estatales; no acredita beca propia de esta candidata. Falta reglamento institucional específico.,,No borrar: falta evidencia positiva individual de duplicidad o fuera de alcance.,"Contrastar Beca Convenio Empresas ENAC con el apartado del programa de CFT ENAC; documentar correspondencia de nivel, destinatarios y tipo de apoyo antes de corregir cifras.",https://enac.cl/admision/,Revisar exclusión histórica: no ratificada; conservar original y no usar la exclusión como evidencia.,"El informe oficial 2022, páginas 150–151 y 302, describe financiamiento estatal y orientación a beneficios internos/externos sin identificar esta beca ni sus requisitos. Página 318 menciona becas para pagar el proceso de título: no una beca de segunda carrera para titulados. No permite confirmar porcentajes ni requisitos del registro. No demuestra inexistencia del programa; se requiere instrumento específico.",https://acreditacion.enac.cl/wp-content/uploads/2022/07/Informe-Autoevaluacion-Institucional.pdf
37,bc21440901dae5612e24a28e4cb4ef9d045428f756d255fdbb95ab65d8f3247e,Beca Deportiva ENAC,CFT ENAC,EXCLUSION_HISTORICA_SIN_RATIFICAR,1,documentos_requeridos | nem_minimo | regiones | rsh_maximo,Sin conflicto entre referencias originales,20% descuento arancel semestral,,,"{""fecha_inicio"": [""2026-01-01""], ""fecha_cierre"": [""2026-12-31""]}",Página ENAC leída enumera beneficios estatales; no acredita beca propia de esta candidata. Falta reglamento institucional específico.,,No borrar: falta evidencia positiva individual de duplicidad o fuera de alcance.,Localizar las bases o ficha específica de Beca Deportiva ENAC en CFT ENAC; contrastar el beneficio y los destinatarios frente a la carencia individual descrita en el antecedente.,https://enac.cl/admision/ | [OBLIGATORIO] Certificado de matricula o alumno regular; [OPCIONAL] Registro Social de Hogares,Revisar exclusión histórica: no ratificada; conservar original y no usar la exclusión como evidencia.,"El informe oficial 2022, páginas 150–151 y 302, describe financiamiento estatal y orientación a beneficios internos/externos sin identificar esta beca ni sus requisitos. Página 318 menciona becas para pagar el proceso de título: no una beca de segunda carrera para titulados. No permite confirmar porcentajes ni requisitos del registro. No demuestra inexistencia del programa; se requiere instrumento específico.",https://acreditacion.enac.cl/wp-content/uploads/2022/07/Informe-Autoevaluacion-Institucional.pdf
38,ea0b3c58661cd4a8bb7fdcb61928b14a0790903b6fbfe7b1a739ba28d7365e30,Beca Excelencia Académica ENAC,CFT ENAC,EXCLUSION_HISTORICA_SIN_RATIFICAR,1,documentos_requeridos | regiones | rsh_maximo,Sin conflicto entre referencias originales,25% descuento arancel semestral,,5.5,"{""fecha_inicio"": [""2026-01-01""], ""fecha_cierre"": [""2026-12-31""]}",Página ENAC leída enumera beneficios estatales; no acredita beca propia de esta candidata. Falta reglamento institucional específico.,,No borrar: falta evidencia positiva individual de duplicidad o fuera de alcance.,Localizar las bases o ficha específica de Beca Excelencia Académica ENAC en CFT ENAC; contrastar el beneficio y los destinatarios frente a la carencia individual descrita en el antecedente.,https://enac.cl/admision/ | [OBLIGATORIO] Certificado de matricula o alumno regular; [OPCIONAL] Registro Social de Hogares,Revisar exclusión histórica: no ratificada; conservar original y no usar la exclusión como evidencia.,"El informe oficial 2022, páginas 150–151 y 302, describe financiamiento estatal y orientación a beneficios internos/externos sin identificar esta beca ni sus requisitos. Página 318 menciona becas para pagar el proceso de título: no una beca de segunda carrera para titulados. No permite confirmar porcentajes ni requisitos del registro. No demuestra inexistencia del programa; se requiere instrumento específico.",https://acreditacion.enac.cl/wp-content/uploads/2022/07/Informe-Autoevaluacion-Institucional.pdf
39,be15e902598267d92ab44f3ec66c63e0d20fe0daa3af99492030a0bc0a544b31,Beca Titulado ENAC,CFT ENAC,EXCLUSION_HISTORICA_SIN_RATIFICAR,1,nem_minimo | regiones | rsh_maximo,Sin conflicto entre referencias originales,15% descuento arancel semestral,,,"{""fecha_inicio"": [""2026-01-01""], ""fecha_cierre"": [""2026-12-31""]}",Página ENAC leída enumera beneficios estatales; no acredita beca propia de esta candidata. Falta reglamento institucional específico.,,No borrar: falta evidencia positiva individual de duplicidad o fuera de alcance.,Localizar las bases o ficha específica de Beca Titulado ENAC en CFT ENAC; contrastar el beneficio y los destinatarios frente a la carencia individual descrita en el antecedente.,https://enac.cl/admision/,Revisar exclusión histórica: no ratificada; conservar original y no usar la exclusión como evidencia.,"El informe oficial 2022, páginas 150–151 y 302, describe financiamiento estatal y orientación a beneficios internos/externos sin identificar esta beca ni sus requisitos. Página 318 menciona becas para pagar el proceso de título: no una beca de segunda carrera para titulados. No permite confirmar porcentajes ni requisitos del registro. No demuestra inexistencia del programa; se requiere instrumento específico.",https://acreditacion.enac.cl/wp-content/uploads/2022/07/Informe-Autoevaluacion-Institucional.pdf
40,1e99953c14c855e25d0c8dc49e63a2b99a3957f9459258142435bfe2bf1a5656,Beca Vocacion de Servicio ENAC,CFT ENAC,EXCLUSION_HISTORICA_SIN_RATIFICAR,1,documentos_requeridos | regiones | rsh_maximo,Sin conflicto entre referencias originales,20% descuento arancel semestral,,5.0,"{""fecha_inicio"": [""2026-01-01""], ""fecha_cierre"": [""2026-12-31""]}",Página ENAC leída enumera beneficios estatales; no acredita beca propia de esta candidata. Falta reglamento institucional específico.,,No borrar: falta evidencia positiva individual de duplicidad o fuera de alcance.,Localizar las bases o ficha específica de Beca Vocacion de Servicio ENAC en CFT ENAC; contrastar el beneficio y los destinatarios frente a la carencia individual descrita en el antecedente.,https://enac.cl/admision/ | [OBLIGATORIO] Certificado de matricula o alumno regular; [OPCIONAL] Registro Social de Hogares,Revisar exclusión histórica: no ratificada; conservar original y no usar la exclusión como evidencia.,"El informe oficial 2022, páginas 150–151 y 302, describe financiamiento estatal y orientación a beneficios internos/externos sin identificar esta beca ni sus requisitos. Página 318 menciona becas para pagar el proceso de título: no una beca de segunda carrera para titulados. No permite confirmar porcentajes ni requisitos del registro. No demuestra inexistencia del programa; se requiere instrumento específico.",https://acreditacion.enac.cl/wp-content/uploads/2022/07/Informe-Autoevaluacion-Institucional.pdf
41,3d18e832d502f72a7526c52bcc01a709465772b0e57cdaacfc301ada94baf7ef,Beca de Articulacion EMTP,INACAP,EXCLUSION_HISTORICA_SIN_RATIFICAR,1,nem_minimo | regiones | rsh_maximo,Sin conflicto entre referencias originales,20% descuento arancel semestral,,,"{""fecha_inicio"": [""2026-01-01""], ""fecha_cierre"": [""2026-12-31""]}",Página INACAP de articulación describe beca estatal TNS a carrera profesional de 750.000. No respalda convenio EMTP de 20% del original; falta documento propio.,,No borrar: falta evidencia positiva individual de duplicidad o fuera de alcance.,Localizar las bases o ficha específica de Beca de Articulacion EMTP en INACAP; contrastar el beneficio y los destinatarios frente a la carencia individual descrita en el antecedente.,https://portal.inacap.cl/financiamiento-estudiantil/becas/beca-de-articulacion | https://www.inacap.cl/tportal/portales/tp4964b0e11802/becas-y-beneficios.html,Revisar exclusión histórica: no ratificada; conservar original y no usar la exclusión como evidencia.,Sin lectura externa nueva en este diagnóstico; conserva la carencia del expediente.,
42,265188d05ce42208284cba01c4ef3c35ed8f99093de8e89d3e2d6ae535727dd3,Beca Convenio Empresas IP Chile,IP Chile,EXCLUSION_HISTORICA_SIN_RATIFICAR,1,nem_minimo | regiones | rsh_maximo,Sin conflicto entre referencias originales,10% a 25% descuento arancel,,,"{""fecha_inicio"": [""2026-01-01""], ""fecha_cierre"": [""2026-12-31""]}",Portal IP Chile de continuidad describe convenios para titulados hacia otras universidades. No acredita beca para trabajadores de empresas que estudian en IP Chile.,,No borrar: falta evidencia positiva individual de duplicidad o fuera de alcance.,"Contrastar Beca Convenio Empresas IP Chile con el apartado del programa de IP Chile; documentar correspondencia de nivel, destinatarios y tipo de apoyo antes de corregir cifras.",https://circulotitulados.ipchile.cl/convenios/,Revisar exclusión histórica: no ratificada; conservar original y no usar la exclusión como evidencia.,Sin lectura externa nueva en este diagnóstico; conserva la carencia del expediente.,
43,6a714f7d1428f67456471f3806815b50cfac706cc432290d07a671af249e274c,Beca Copago IP Chile,IP Chile,EXCLUSION_HISTORICA_SIN_RATIFICAR,1,documentos_requeridos | nem_minimo | regiones,Sin conflicto entre referencias originales,Complemento de arancel hasta cubrir brecha entre beneficio estatal y arancel real,60,,"{""fecha_inicio"": [""2026-01-01""], ""fecha_cierre"": [""2026-12-31""]}",La ficha explica FUAS y beneficios estatales; no identifica una beca institucional de copago IPCHILE.,,No borrar: falta evidencia positiva individual de duplicidad o fuera de alcance.,Localizar las bases o ficha específica de Beca Copago IP Chile en IP Chile; contrastar el beneficio y los destinatarios frente a la carencia individual descrita en el antecedente.,https://www.ipchile.cl/becas-y-financiamiento/que-es-el-fuas/ | [OBLIGATORIO] Certificado de matricula o alumno regular; [OPCIONAL] Registro Social de Hogares,Revisar exclusión histórica: no ratificada; conservar original y no usar la exclusión como evidencia.,Sin lectura externa nueva en este diagnóstico; conserva la carencia del expediente.,
44,9be88ff7a97c85dd8656adda7a434a6dc1156fb175917f84cc8fa7e98280a9fb,Beca Familiar IP Chile,IP Chile,EXCLUSION_HISTORICA_SIN_RATIFICAR,1,documentos_requeridos | nem_minimo | regiones | rsh_maximo,Sin conflicto entre referencias originales,10% descuento arancel semestral,,,"{""fecha_inicio"": [""2026-01-01""], ""fecha_cierre"": [""2026-12-31""]}",La página de cursos y diplomados menciona descuento para titulados; no acredita descuento familiar para hermanos de pregrado.,,No borrar: falta evidencia positiva individual de duplicidad o fuera de alcance.,Localizar las bases o ficha específica de Beca Familiar IP Chile en IP Chile; contrastar el beneficio y los destinatarios frente a la carencia individual descrita en el antecedente.,https://campus.ipchile.cl/cursos-y-diplomados/ | [OBLIGATORIO] Certificado de matricula o alumno regular; [OPCIONAL] Registro Social de Hogares,Revisar exclusión histórica: no ratificada; conservar original y no usar la exclusión como evidencia.,Sin lectura externa nueva en este diagnóstico; conserva la carencia del expediente.,
45,985da9da2d35c58583858216ff1a5e630386dfa27350ff6ea15d253aabd91e65,Beca Titulado IP Chile,IP Chile,EXCLUSION_HISTORICA_SIN_RATIFICAR,1,nem_minimo | regiones | rsh_maximo,Sin conflicto entre referencias originales,15% descuento arancel semestral,,,"{""fecha_inicio"": [""2026-01-01""], ""fecha_cierre"": [""2026-12-31""]}",Los convenios financian continuidad en UNIACC y UNAP. No acreditan segunda carrera dentro de IPCHILE.,,No borrar: falta evidencia positiva individual de duplicidad o fuera de alcance.,Localizar las bases o ficha específica de Beca Titulado IP Chile en IP Chile; contrastar el beneficio y los destinatarios frente a la carencia individual descrita en el antecedente.,https://www.ipchile.cl/becas-y-financiamiento/convenios-de-continuidad-de-estudios/,Revisar exclusión histórica: no ratificada; conservar original y no usar la exclusión como evidencia.,Sin lectura externa nueva en este diagnóstico; conserva la carencia del expediente.,
46,16a87f1001172cd1fe3a85de4a9c84690d53a5532b890db085fdb1017d563322,Aporte de Movilidad y Combustible Algarrobo,Municipalidad de Algarrobo,REQUIERE_ACLARACION,3,Ninguno: tener texto no certifica su contenido,descripcion | descripcion_larga | documentos_requeridos | fecha_cierre | monto | nem_minimo,Entre .000 y .000 anuales para transporte | Entre $30.000 y $80.000 anuales para transporte | Aporte economico para transporte,60,5.0 | ,"{""fecha_inicio"": [""2026-01-01""], ""fecha_cierre"": [""2026-04-30"", ""2026-12-31""]}",El aporte de movilidad y combustible 2026 se dirige a familias vulnerables y otros grupos sociales; no se acredita la condición de estudiante de educación superior del original.,,No borrar: falta evidencia positiva individual de duplicidad o fuera de alcance.,Localizar las bases o ficha específica de Aporte de Movilidad y Combustible Algarrobo en Municipalidad de Algarrobo; contrastar el beneficio y los destinatarios frente a la carencia individual descrita en el antecedente.,https://munialgarrobo.cl/postulacion-aporte-economico-de-movilidad-y-combustible/ | https://munialgarrobo.cl/postulaciones-aporte-economico-municipal-2026/,Conservar inactiva; completar la comprobación esencial indicada.,Sin lectura externa nueva en este diagnóstico; conserva la carencia del expediente.,
47,4442e480302d438f05cf0783dcc19e759d5a20c332865a007fa197bf5acb492f,Beca Municipal de Educación Superior Arica,Municipalidad de Arica,REQUIERE_ACLARACION,1,Ninguno: tener texto no certifica su contenido,Sin conflicto entre referencias originales,$250.000 pago unico anual,60,5.0,"{""fecha_inicio"": [""2026-03-01""], ""fecha_cierre"": [""2026-04-30""]}",La noticia del 7 de abril de 2026 corresponde a Residencia Familiar Estudiantil JUNAEB; no al aporte municipal de dinero de la candidata.,,No borrar: falta evidencia positiva individual de duplicidad o fuera de alcance.,Localizar las bases o ficha específica de Beca Municipal de Educación Superior Arica en Municipalidad de Arica; contrastar el beneficio y los destinatarios frente a la carencia individual descrita en el antecedente.,https://www.muniarica.cl/noticias/publicacion/municipalidad-lanza-programa-de-residencia-familiar-estudiantil-que-beneficiara-a-jovenes-vulnerables-de-zonas-alejadas-con-apoyo-integral | https://www.muniarica.cl/dideco,Conservar inactiva; completar la comprobación esencial indicada.,Sin lectura externa nueva en este diagnóstico; conserva la carencia del expediente.,
48,7a0664f019f258c3dcb76adfdd8961423a5dcb6df1f640006e2ca9d659226a74,Beca Pedro Aguirre Cerda,Municipalidad de Calle Larga,REQUIERE_ACLARACION,1,Ninguno: tener texto no certifica su contenido,Sin conflicto entre referencias originales,Pto $30.350.000. 87 Univ + 23 Tecnico Superior.,60,5.0,"{""fecha_inicio"": [""2026-03-01""], ""fecha_cierre"": [""2026-04-30""]}",El catastro UAH 2022 refiere la comuna Pedro Aguirre Cerda. No acredita un programa homónimo de Calle Larga.,,No borrar: falta evidencia positiva individual de duplicidad o fuera de alcance.,Localizar las bases o ficha específica de Beca Pedro Aguirre Cerda en Municipalidad de Calle Larga; contrastar el beneficio y los destinatarios frente a la carencia individual descrita en el antecedente.,https://www.uahurtado.cl/wp-images/uploads/2022/03/BENEFICIOS-ESTUDIANTILES-ADMISION-2022.pdf | https://www.municallelarga.cl/,Conservar inactiva; completar la comprobación esencial indicada.,Sin lectura externa nueva en este diagnóstico; conserva la carencia del expediente.,
49,5bec6bdc0c12d45035f6c5c3b12d702bb380e5d16aec03a2e70c82016963737d,Beca Municipal de Apoyo a la Educación Superior Camina,Municipalidad de Camina,REQUIERE_ACLARACION,1,Ninguno: tener texto no certifica su contenido,Sin conflicto entre referencias originales,Aporte anual en 1 remesa,60,5.0,"{""fecha_inicio"": [""2026-03-01""], ""fecha_cierre"": [""2026-03-31""]}",El proyecto educativo del Liceo Camiña menciona redes de becas; no detalla una beca municipal propia para educación superior.,,No borrar: falta evidencia positiva individual de duplicidad o fuera de alcance.,Localizar las bases o ficha específica de Beca Municipal de Apoyo a la Educación Superior Camina en Municipalidad de Camina; contrastar el beneficio y los destinatarios frente a la carencia individual descrita en el antecedente.,https://wwwfs.mineduc.cl/Archivos/infoescuelas/documentos/12759/ProyectoEducativo12759.pdf | https://www.municamina.cl/,Conservar inactiva; completar la comprobación esencial indicada.,Sin lectura externa nueva en este diagnóstico; conserva la carencia del expediente.,
50,f01eabac42e8476ca5b8bebba55201b8a1cc93a2a521eb78c112f7a9bf987235,Beca Municipal de Educación Superior Catemu,Municipalidad de Catemu,REQUIERE_ACLARACION,1,Ninguno: tener texto no certifica su contenido,Sin conflicto entre referencias originales,Aporte segun disponibilidad DIDECO,70,5.5,"{""fecha_inicio"": [""2026-03-01""], ""fecha_cierre"": [""2026-03-31""]}",La publicación corresponde a becas deportivas; no acredita una beca general de educación superior de Catemu.,,No borrar: falta evidencia positiva individual de duplicidad o fuera de alcance.,"Contrastar Beca Municipal de Educación Superior Catemu con el apartado del programa de Municipalidad de Catemu; documentar correspondencia de nivel, destinatarios y tipo de apoyo antes de corregir cifras.",https://www.municatemu.cl/index.php/2-uncategorised/32-becas-deportivas-municipalidad-de-catemu | https://municatemu.cl/,Conservar inactiva; completar la comprobación esencial indicada.,Sin lectura externa nueva en este diagnóstico; conserva la carencia del expediente.,
51,b7768323f77789c61255a04ca8bf4484d89afee9d6d622d26bc387c52a1a7a47,Beca Municipal Educación Superior Chanaral,Municipalidad de Chanaral,REQUIERE_ACLARACION,1,Ninguno: tener texto no certifica su contenido,Sin conflicto entre referencias originales,Aporte monetario anual de libre disposicion,70,5.0,"{""fecha_inicio"": [""2026-03-01""], ""fecha_cierre"": [""2026-04-30""]}",La página recuperada es un índice de noticias; no contiene beneficio y requisitos atribuibles a esta candidata.,,No borrar: falta evidencia positiva individual de duplicidad o fuera de alcance.,Localizar las bases o ficha específica de Beca Municipal Educación Superior Chanaral en Municipalidad de Chanaral; contrastar el beneficio y los destinatarios frente a la carencia individual descrita en el antecedente.,https://www.munichanaral.cl/noticias.html | https://www.munichanaral.cl/,Conservar inactiva; completar la comprobación esencial indicada.,Sin lectura externa nueva en este diagnóstico; conserva la carencia del expediente.,
52,e1c38b0822a3ca7475889b8d240c5c82843b8a2b41a57590a63958fbe16455d9,Beca Municipal Estudios Superiores Cholchol,Municipalidad de Cholchol,REQUIERE_ACLARACION,1,Ninguno: tener texto no certifica su contenido,Sin conflicto entre referencias originales,Aporte monetario segun asignacion presupuestaria DIDECO (100 beneficiarios),60,5.0,"{""fecha_inicio"": [""2026-03-01""], ""fecha_cierre"": [""2026-04-30""]}",La página de organización municipal no contiene las reglas del aporte de educación superior de Cholchol.,,No borrar: falta evidencia positiva individual de duplicidad o fuera de alcance.,Localizar las bases o ficha específica de Beca Municipal Estudios Superiores Cholchol en Municipalidad de Cholchol; contrastar el beneficio y los destinatarios frente a la carencia individual descrita en el antecedente.,https://municholchol.cl/municipio/ | https://municholchol.cl/contacto-5/ | https://www.municipalidadcholchol.cl/,Conservar inactiva; completar la comprobación esencial indicada.,Sin lectura externa nueva en este diagnóstico; conserva la carencia del expediente.,
53,25891bb62e4d316afba8830c7cc238ef5a753ae74adfe101a12a8a93e600fdba,Beca de Educación Superior Cholchol,Municipalidad de Cholchol,REQUIERE_ACLARACION,1,Ninguno: tener texto no certifica su contenido,Sin conflicto entre referencias originales,$200.000 anuales,60,5.0,"{""fecha_inicio"": [""2026-03-01""], ""fecha_cierre"": [""2026-03-31""]}",El directorio de contactos no describe monto ni condiciones del programa; no prueba duplicidad con la otra candidata Cholchol.,,No borrar: falta evidencia positiva individual de duplicidad o fuera de alcance.,Localizar las bases o ficha específica de Beca de Educación Superior Cholchol en Municipalidad de Cholchol; contrastar el beneficio y los destinatarios frente a la carencia individual descrita en el antecedente.,https://municholchol.cl/contacto-5/ | https://www.municipalidadcholchol.cl/,Conservar inactiva; completar la comprobación esencial indicada.,Sin lectura externa nueva en este diagnóstico; conserva la carencia del expediente.,
54,f6ee87674bac80bc6912223da830ad62d050cca1da1eaaeca41b7d08343a741d,Beca Municipal Educación Superior Cochamo,Municipalidad de Cochamo,REQUIERE_ACLARACION,1,Ninguno: tener texto no certifica su contenido,Sin conflicto entre referencias originales,$200.000 en 1 cuota por transferencia,70,5.0,"{""fecha_inicio"": [""2026-03-01""], ""fecha_cierre"": [""2026-03-31""]}",La noticia de El Huemul describe aportes 2026 para 34 estudiantes de varios niveles; es un medio externo. Falta publicación oficial que establezca requisitos de selección.,,No borrar: falta evidencia positiva individual de duplicidad o fuera de alcance.,Localizar las bases o ficha específica de Beca Municipal Educación Superior Cochamo en Municipalidad de Cochamo; contrastar el beneficio y los destinatarios frente a la carencia individual descrita en el antecedente.,https://elhuemul.cl/2026/07/21/municipalidad-de-cochamo-entrega-los-primeros-aportes-municipales-estudiantiles-a-34-estudiantes-de-la-comuna/ | https://www.cochamo.cl/,Conservar inactiva; completar la comprobación esencial indicada.,Sin lectura externa nueva en este diagnóstico; conserva la carencia del expediente.,
55,cd7505441fad6a5c493bbae62b20cde11e27b4602864641986f8dc1bacbdfc1f,Beca Municipal Educación Superior Coelemu,Municipalidad de Coelemu,REQUIERE_ACLARACION,1,Ninguno: tener texto no certifica su contenido,Sin conflicto entre referencias originales,Subsidio municipal de mantencion de libre disposicion,60,5.0,"{""fecha_inicio"": [""2026-03-01""], ""fecha_cierre"": [""2026-04-30""]}",Las bases deportivas no acreditan la modalidad de mantención estudiantil de Coelemu.,,No borrar: falta evidencia positiva individual de duplicidad o fuera de alcance.,Localizar las bases o ficha específica de Beca Municipal Educación Superior Coelemu en Municipalidad de Coelemu; contrastar el beneficio y los destinatarios frente a la carencia individual descrita en el antecedente.,https://www.municoelemu.cl/decreto-alcaldicio-n-2000-con-fecha-de-20-de-noviembre-de-2024-que-aprueba-bases-administrativas-de-beca-de-excelencia-y-proyeccion-deportiva-coelemu-2024/ | https://www.municoelemu.cl/,Conservar inactiva; completar la comprobación esencial indicada.,Sin lectura externa nueva en este diagnóstico; conserva la carencia del expediente.,
56,c813d491edc595bdd474efd08d3229ec4cbe4ed24b63c059a979a5164dd422b5,Beca Municipal Educación Superior Concon,Municipalidad de Concon,REQUIERE_ACLARACION,2,Ninguno: tener texto no certifica su contenido,descripcion | descripcion_larga | documentos_requeridos | fecha_cierre | fecha_inicio | monto,Monto de libre disposicion segun presupuesto anual | $250.000 en cuota unica por Concejo Municipal,60,5.0,"{""fecha_inicio"": [""2026-02-01"", ""2026-03-15""], ""fecha_cierre"": [""2026-03-31"", ""2026-04-15""]}",El antecedente de transparencia requiere identificar el artículo del programa y sus beneficiarios; la referencia por sí sola no respalda las reglas originales.,,No borrar: falta evidencia positiva individual de duplicidad o fuera de alcance.,"Contrastar Beca Municipal Educación Superior Concon con el apartado del programa de Municipalidad de Concon; documentar correspondencia de nivel, destinatarios y tipo de apoyo antes de corregir cifras.",https://transparenciaconcon.cl/upload/planilla/07_actosyresoluciones/Decretos/Decretos%20Alcaldicios%202026/Marzo/DA0718.pdf | https://concon.cl/,Conservar inactiva; completar la comprobación esencial indicada.,Sin lectura externa nueva en este diagnóstico; conserva la carencia del expediente.,
57,12b538ef6d46de6e96a66c6b59cc781840e337764bbc8fe1158ca44328d9d0cb,Beca Municipal de Educación Superior Copiapo,Municipalidad de Copiapo,REQUIERE_ACLARACION,1,Ninguno: tener texto no certifica su contenido,Sin conflicto entre referencias originales,$150.000 anual de libre disposicion,60,5.5,"{""fecha_inicio"": [""2026-03-01""], ""fecha_cierre"": [""2026-03-15""]}",La recuperación del enlace devolvió 403. No demuestra inexistencia; falta una ficha oficial del aporte de educación superior.,,No borrar: falta evidencia positiva individual de duplicidad o fuera de alcance.,"Contrastar Beca Municipal de Educación Superior Copiapo con el apartado del programa de Municipalidad de Copiapo; documentar correspondencia de nivel, destinatarios y tipo de apoyo antes de corregir cifras.",https://copiapo.cl/index.php/2026/02/18/municipio-de-copiapo-se-reune-con-becados-de-medicina-y-proyecta-nuevas-alianzas-academicas-en-la-rioja/ | https://www.copiapo.cl/tramites-municipales/,Conservar inactiva; completar la comprobación esencial indicada.,Sin lectura externa nueva en este diagnóstico; conserva la carencia del expediente.,
58,f07686d2571b967768fbff52c4722d46b97c68f7a231705b1803180f7b55c9e4,Beca Municipal de Educación Superior Coronel,Municipalidad de Coronel,REQUIERE_ACLARACION,1,Ninguno: tener texto no certifica su contenido,Sin conflicto entre referencias originales,Subsidio de libre disposicion anual,60,5.0,"{""fecha_inicio"": [""2026-03-01""], ""fecha_cierre"": [""2026-03-31""]}",Un premio a puntajes nacionales PAES no acredita la ayuda socioeconómica general de Coronel.,,No borrar: falta evidencia positiva individual de duplicidad o fuera de alcance.,"Contrastar Beca Municipal de Educación Superior Coronel con el apartado del programa de Municipalidad de Coronel; documentar correspondencia de nivel, destinatarios y tipo de apoyo antes de corregir cifras.",https://www.coronel.cl/noticias/orgullo-coronelino-alcalde-chamorro-premia-con-beca-a-dos-alumnos-del-liceo-bicentenario-por-puntaje-nacional-en-matematicas-paes/ | https://direcciones.ucsc.cl/content/uploads/sites/35/2024/12/Becas-Municipales.pdf | https://www.coronel.cl/,Conservar inactiva; completar la comprobación esencial indicada.,"Página 71: subvención de pasajes Coronel, año 2024; monto según presupuesto. RSH sin umbral publicado; notas 5,5 al egreso y todos los ramos aprobados en superior. Restringida a locomoción: no valida libre disposición anual ni NEM 5,0 del original. La comunicación municipal de 2019 sobre programa 100 por 100 identifica otro antecedente; falta precisar cuál corresponde al registro.",https://direcciones.ucsc.cl/content/uploads/sites/35/2024/12/Becas-Municipales.pdf
59,6e9fa1f5b3f2577cf61e596a308c1a07baf9dc18f187b60c50dd322909457131,Beca Municipal de Apoyo Estudiantil Visviri / General Lagos,Municipalidad de General Lagos,REQUIERE_ACLARACION,1,Ninguno: tener texto no certifica su contenido,Sin conflicto entre referencias originales,Aporte monetario anual para zona fronteriza,60,5.0,"{""fecha_inicio"": [""2026-03-01""], ""fecha_cierre"": [""2026-03-31""]}",El documento de Beca Indígena 2013 describe JUNAEB; no acredita una beca municipal propia de General Lagos.,,No borrar: falta evidencia positiva individual de duplicidad o fuera de alcance.,Localizar las bases o ficha específica de Beca Municipal de Apoyo Estudiantil Visviri / General Lagos en Municipalidad de General Lagos; contrastar el beneficio y los destinatarios frente a la carencia individual descrita en el antecedente.,https://www.portalvisviri.cl/transparencia/documentos/social/REQUISITOS%20BECA%20INDIGENA.pdf | https://www.mungenerallagos.cl/,Conservar inactiva; completar la comprobación esencial indicada.,Sin lectura externa nueva en este diagnóstico; conserva la carencia del expediente.,
60,349245ad74fc8dbe5e8eb93fb9b786d0a21cdba992eec27b0d9e03e14d4e868c,Beca Municipal Estudiantil Gorbea,Municipalidad de Gorbea,REQUIERE_ACLARACION,1,Ninguno: tener texto no certifica su contenido,Sin conflicto entre referencias originales,$150.000 en 1 cuota anual por transferencia,70,5.0,"{""fecha_inicio"": [""2026-03-15""], ""fecha_cierre"": [""2026-04-15""]}","Las bases Gorbea 2025 definen logros deportivos regionales, nacionales o internacionales. No respaldan la modalidad estudiantil general del original.",,No borrar: falta evidencia positiva individual de duplicidad o fuera de alcance.,Localizar las bases o ficha específica de Beca Municipal Estudiantil Gorbea en Municipalidad de Gorbea; contrastar el beneficio y los destinatarios frente a la carencia individual descrita en el antecedente.,https://www.municipalidadgorbea.cl/transparencia/images/ArchivosHOME/Anuncios/Bonos/2025/BASES%20BECAS%20DEPORTIVAS%202025%20WEB.pdf | https://municipalidadgorbea.cl/,Conservar inactiva; completar la comprobación esencial indicada.,Sin lectura externa nueva en este diagnóstico; conserva la carencia del expediente.,
61,a8f912fccd636e21b44b40623366d008b52c4e9c71f2af449ff09cdbb9cd9e2a,Beca Municipal Estudiantil Hualane,Municipalidad de Hualane,REQUIERE_ACLARACION,1,Ninguno: tener texto no certifica su contenido,Sin conflicto entre referencias originales,$100.000 en 2 cuotas de $50.000,60,5.0,"{""fecha_inicio"": [""2026-03-01""], ""fecha_cierre"": [""2026-03-21""]}",Transparencia marzo 2026 identifica decreto 423 para deportistas destacados y sus montos. No acredita la beca estudiantil general de Hualañé.,,No borrar: falta evidencia positiva individual de duplicidad o fuera de alcance.,"Contrastar Beca Municipal Estudiantil Hualane con el apartado del programa de Municipalidad de Hualane; documentar correspondencia de nivel, destinatarios y tipo de apoyo antes de corregir cifras.",https://transparencia.hualane.cl/index.php?a=2026&action=plantillas_generar_plantilla&ia=12137&ig=411&m=3 | https://hualane.cl/,Conservar inactiva; completar la comprobación esencial indicada.,Sin lectura externa nueva en este diagnóstico; conserva la carencia del expediente.,
62,156dd0bb62bd94aa399ff0ccfabd4a170ac4b527cde0c39d30b1d30a2508012a,Beca Municipal Educación Superior Hualpen,Municipalidad de Hualpen,REQUIERE_ACLARACION,1,Ninguno: tener texto no certifica su contenido,Sin conflicto entre referencias originales,Aporte anual fraccionado o cuota unica,60,5.0,"{""fecha_inicio"": [""2026-03-01""], ""fecha_cierre"": [""2026-03-31""]}",PLADECO no se recuperó por tiempo de espera. El catastro UdeC 2024 describe un descuento de arancel con IDP; no acredita el aporte municipal general.,,No borrar: falta evidencia positiva individual de duplicidad o fuera de alcance.,"Contrastar Beca Municipal Educación Superior Hualpen con el apartado del programa de Municipalidad de Hualpen; documentar correspondencia de nivel, destinatarios y tipo de apoyo antes de corregir cifras.",https://www.hualpenciudad.cl/wp-content/uploads/2025/12/Pladeco-2026-2032-2-reducido.pdf | https://cade.udec.cl/wp-content/uploads/2024/10/Catastro-Beneficios-Municipales-2.pdf | https://hualpenciudad.cl/,Conservar inactiva; completar la comprobación esencial indicada.,Sin lectura externa nueva en este diagnóstico; conserva la carencia del expediente.,
63,15c8db341720668baebdd2a2be22b25bd8c99a733e5d854f6a53929b18b45b99,Beca de Mantención Educación Superior Huara,Municipalidad de Huara,REQUIERE_ACLARACION,1,Ninguno: tener texto no certifica su contenido,Sin conflicto entre referencias originales,Asignacion fija anual por decreto presupuestario,70,5.0,"{""fecha_inicio"": [""2026-03-01""], ""fecha_cierre"": [""2026-03-31""]}",La noticia de abril de 2020 describe computadores JUNAEB para séptimo básico. No respalda mantención municipal para educación superior de Huara.,,No borrar: falta evidencia positiva individual de duplicidad o fuera de alcance.,"Contrastar Beca de Mantención Educación Superior Huara con el apartado del programa de Municipalidad de Huara; documentar correspondencia de nivel, destinatarios y tipo de apoyo antes de corregir cifras.",https://www.goretarapaca.gov.cl/2-477-computadores-con-conexion-gratuita-a-internet-entrega-el-mineduc-a-estudiantes-de-tarapaca/ | https://www.imhuara.cl/,Conservar inactiva; completar la comprobación esencial indicada.,Sin lectura externa nueva en este diagnóstico; conserva la carencia del expediente.,
64,b8b0e486aadb5a9ea10a112dcb4f875f4b70455792e81803392506fd81120baf,Beca Municipal de Educación Superior,Municipalidad de Iquique,REQUIERE_ACLARACION,1,Ninguno: tener texto no certifica su contenido,Sin conflicto entre referencias originales,Aporte monetario anual para universidades CFT e IP,60,5.0,"{""fecha_inicio"": [""2026-03-01""], ""fecha_cierre"": [""2026-04-30""]}",Las bases oficiales describen Sixto Rojas Acosta: formación artística escolar y proyección artística superior/postgrado. No es una beca general para cualquier estudiante superior.,1d5e0e1a3d7093d6cd170875d30b640fc8e17c11a5ee6e1a0adf27f48e46680a,No borrar: falta evidencia positiva individual de duplicidad o fuera de alcance.,Localizar las bases o ficha específica de Beca Municipal de Educación Superior en Municipalidad de Iquique; contrastar el beneficio y los destinatarios frente a la carencia individual descrita en el antecedente.,https://www.municipioiquique.cl/files/1439 | https://www.municipioiquique.cl/,Conservar inactiva; completar la comprobación esencial indicada.,Sin lectura externa nueva en este diagnóstico; conserva la carencia del expediente.,
65,1d5e0e1a3d7093d6cd170875d30b640fc8e17c11a5ee6e1a0adf27f48e46680a,Beca Municipal de Educación Superior Iquique,Municipalidad de Iquique,REQUIERE_ACLARACION,1,Ninguno: tener texto no certifica su contenido,Sin conflicto entre referencias originales,Aporte monetario anual para universidades CFT e IP,60,5.0,"{""fecha_inicio"": [""2026-03-01""], ""fecha_cierre"": [""2026-03-31""]}",Las bases Sixto Rojas exigen disciplina artística y distinguen dos líneas. No acreditan la modalidad genérica original ni permiten declarar duplicidad solo por municipio.,b8b0e486aadb5a9ea10a112dcb4f875f4b70455792e81803392506fd81120baf,No borrar: falta evidencia positiva individual de duplicidad o fuera de alcance.,"Contrastar Beca Municipal de Educación Superior Iquique con el apartado del programa de Municipalidad de Iquique; documentar correspondencia de nivel, destinatarios y tipo de apoyo antes de corregir cifras.",https://www.municipioiquique.cl/files/1439 | https://www.municipioiquique.cl/,Conservar inactiva; completar la comprobación esencial indicada.,Sin lectura externa nueva en este diagnóstico; conserva la carencia del expediente.,
66,e815bff334da2705dfa9de4cce04d097a1ab8b79c6ca323df0e83814a3ac50ed,Beca Municipal de Educación Superior Archipielago Juan Fernandez,Municipalidad de Juan Fernandez,REQUIERE_ACLARACION,1,Ninguno: tener texto no certifica su contenido,Sin conflicto entre referencias originales,$400.000 anuales,60,5.0,"{""fecha_inicio"": [""2026-03-01""], ""fecha_cierre"": [""2026-04-15""]}",La referencia de partida no contiene ficha específica. Beca Integración Territorial JUNAEB no acredita un programa propio municipal Juan Fernández.,,No borrar: falta evidencia positiva individual de duplicidad o fuera de alcance.,Localizar las bases o ficha específica de Beca Municipal de Educación Superior Archipielago Juan Fernandez en Municipalidad de Juan Fernandez; contrastar el beneficio y los destinatarios frente a la carencia individual descrita en el antecedente.,https://www.comunajuanfernandez.cl/,Conservar inactiva; completar la comprobación esencial indicada.,Sin lectura externa nueva en este diagnóstico; conserva la carencia del expediente.,
67,bcf0f46a8e57d8c6393ed52c9728f1aae74ac4b4633b4f8620fd2559a9ca96a0,Beca Municipal Educación Superior La Florida,Municipalidad de La Florida,REQUIERE_ACLARACION,3,Ninguno: tener texto no certifica su contenido,descripcion | descripcion_larga | documentos_requeridos | monto,Entre .000 y .000 anuales segun evaluacion socioeconomica | Entre $100.000 y $350.000 anuales segun evaluacion socioeconomica | Aporte economico variable,60,5.0,"{""fecha_inicio"": [""2026-01-01""], ""fecha_cierre"": [""2026-04-30""]}",La Florida 2026 admite kínder a cuarto medio y educación diferencial; no educación superior. No trasladar estos requisitos a la candidata superior.,3db63e158093f4ca059aa76fc230e609868cd150fbf00adc92115204f20847be,No borrar: falta evidencia positiva individual de duplicidad o fuera de alcance.,Localizar las bases o ficha específica de Beca Municipal Educación Superior La Florida en Municipalidad de La Florida; contrastar el beneficio y los destinatarios frente a la carencia individual descrita en el antecedente.,https://appx.laflorida.cl/beca_escolar/ | https://www.uahurtado.cl/wp-images/uploads/2022/03/BENEFICIOS-ESTUDIANTILES-ADMISION-2022.pdf | https://www.laflorida.cl/,Conservar inactiva; completar la comprobación esencial indicada.,Sin lectura externa nueva en este diagnóstico; conserva la carencia del expediente.,
68,3db63e158093f4ca059aa76fc230e609868cd150fbf00adc92115204f20847be,Beca Municipal de Educación Superior La Florida,Municipalidad de La Florida,REQUIERE_ACLARACION,1,Ninguno: tener texto no certifica su contenido,Sin conflicto entre referencias originales,Entre $100.000 y $350.000 anuales,60,5.0,"{""fecha_inicio"": [""2026-03-01""], ""fecha_cierre"": [""2026-03-31""]}","La plataforma de Beca Escolar 2026 financia útiles, calzado o vestimenta en niveles escolares. No respalda el aporte superior original.",bcf0f46a8e57d8c6393ed52c9728f1aae74ac4b4633b4f8620fd2559a9ca96a0,No borrar: falta evidencia positiva individual de duplicidad o fuera de alcance.,Localizar las bases o ficha específica de Beca Municipal de Educación Superior La Florida en Municipalidad de La Florida; contrastar el beneficio y los destinatarios frente a la carencia individual descrita en el antecedente.,https://appx.laflorida.cl/beca_escolar/ | https://www.uahurtado.cl/wp-images/uploads/2022/03/BENEFICIOS-ESTUDIANTILES-ADMISION-2022.pdf | https://www.laflorida.cl/,Conservar inactiva; completar la comprobación esencial indicada.,Sin lectura externa nueva en este diagnóstico; conserva la carencia del expediente.,
69,82e713f0fbea43f22b9bfa7c6641b139e5f012e85a896aaad1d3d4194e7fdcd3,Subsidio de Pasajes La Serena,Municipalidad de La Serena,REQUIERE_ACLARACION,3,Ninguno: tener texto no certifica su contenido,descripcion | descripcion_larga | documentos_requeridos | fecha_cierre | nem_minimo | url,Subsidio mensual para transporte,60,5.0 | ,"{""fecha_inicio"": [""2026-01-01""], ""fecha_cierre"": [""2026-04-30"", ""2026-12-31""]}",El acta La Serena 2013 trata solicitudes de subvenciones a organizaciones y actividades. Falta regla específica de subsidio de pasajes para estudiantes superiores.,,No borrar: falta evidencia positiva individual de duplicidad o fuera de alcance.,"Contrastar Subsidio de Pasajes La Serena con el apartado del programa de Municipalidad de La Serena; documentar correspondencia de nivel, destinatarios y tipo de apoyo antes de corregir cifras.",https://transparencia.laserena.cl/documentos/898_06-03-2013_11-25-56_O.pdf | https://transparencia.laserena.cl/ptransact.php?n=104 | https://www.laserena.cl/dideco/,Conservar inactiva; completar la comprobación esencial indicada.,Sin lectura externa nueva en este diagnóstico; conserva la carencia del expediente.,
70,00f59b834069f459dac589b6fc8bdd7c4fb6b0ac0a0851ab4b99f4bc976f0f9a,Beca PAES y Educación Superior Lebu 2026,Municipalidad de Lebu,REQUIERE_ACLARACION,1,Ninguno: tener texto no certifica su contenido,Sin conflicto entre referencias originales,Aporte monetario anual unico para acceso y permanencia,60,5.0,"{""fecha_inicio"": [""2026-02-12""], ""fecha_cierre"": [""2026-03-31""]}",El PDF UCSC 2026 recuperado resultó incompleto. No confirma ni refuta PAES y educación superior de Lebu; se requiere documento legible de esa modalidad.,,No borrar: falta evidencia positiva individual de duplicidad o fuera de alcance.,"Contrastar Beca PAES y Educación Superior Lebu 2026 con el apartado del programa de Municipalidad de Lebu; documentar correspondencia de nivel, destinatarios y tipo de apoyo antes de corregir cifras.",https://direcciones.ucsc.cl/content/uploads/sites/35/2026/01/Becas-Municipales-2026.pdf | https://lebu.cl/,Conservar inactiva; completar la comprobación esencial indicada.,"El PDF completo ya se recuperó y leyó. Página 48: Beca Efectivo de Lebu, con referencia expresa a 2025; aporte durante diez meses sujeto a presupuesto. Egreso de establecimiento municipal; ingreso per cápita máximo 180.000 CLP; nota 5,0 para nuevos y 4,5 para superiores, sin dos o más asignaturas reprobadas. No respalda una beca PAES de pago único 2026. Página 47 corresponde a otra modalidad de residencia 2024: 80.000 mensuales por diez meses. Falta identificar el incentivo PAES, no recuperar otra vez este PDF.",https://direcciones.ucsc.cl/content/uploads/sites/35/2024/12/Becas-Municipales.pdf
71,659599e5d6b312ea6c845ba9ce3e51441d5bf39887b404f07c3d2396df4e15d0,Beca Municipal Educación Superior Llay Llay,Municipalidad de Llay Llay,REQUIERE_ACLARACION,1,Ninguno: tener texto no certifica su contenido,Sin conflicto entre referencias originales,Aporte anual por criterios sociales,60,5.0,"{""fecha_inicio"": [""2026-03-01""], ""fecha_cierre"": [""2026-03-31""]}",No se obtuvo ficha específica de Llay Llay. Un documento de transporte de Tiltil que menciona destinos Llay Llay no acredita una beca propia de esta comuna.,,No borrar: falta evidencia positiva individual de duplicidad o fuera de alcance.,Localizar las bases o ficha específica de Beca Municipal Educación Superior Llay Llay en Municipalidad de Llay Llay; contrastar el beneficio y los destinatarios frente a la carencia individual descrita en el antecedente.,https://www.munillay.cl/,Conservar inactiva; completar la comprobación esencial indicada.,Sin lectura externa nueva en este diagnóstico; conserva la carencia del expediente.,
72,110abad952a6979326ffe1fe52a0ce8555f5d3020caab03b56c094ad4bf617c8,Beca Municipal de Educación Superior Lo Espejo,Municipalidad de Lo Espejo,REQUIERE_ACLARACION,1,Ninguno: tener texto no certifica su contenido,Sin conflicto entre referencias originales,Aporte monetario segun evaluacion y presupuesto DIDECO,60,5.0,"{""fecha_inicio"": [""2026-03-01""], ""fecha_cierre"": [""2026-03-31""]}",El departamento social menciona postulación a becas de educación superior; no acredita un aporte propio municipal ni sus reglas.,,No borrar: falta evidencia positiva individual de duplicidad o fuera de alcance.,Localizar las bases o ficha específica de Beca Municipal de Educación Superior Lo Espejo en Municipalidad de Lo Espejo; contrastar el beneficio y los destinatarios frente a la carencia individual descrita en el antecedente.,https://www.loespejo.cl/departamento-de-desarrollo-social/ | https://www.uahurtado.cl/wp-images/uploads/2022/03/BENEFICIOS-ESTUDIANTILES-ADMISION-2022.pdf | https://loespejo.cl/,Conservar inactiva; completar la comprobación esencial indicada.,Sin lectura externa nueva en este diagnóstico; conserva la carencia del expediente.,
73,5b2d79384e9951cbd6186815af578ecd7cc208c75becb98098212fa496dedfeb,Beca Municipal para Estudiantes de Educación Superior Los Vilos,Municipalidad de Los Vilos,REQUIERE_ACLARACION,1,Ninguno: tener texto no certifica su contenido,Sin conflicto entre referencias originales,Aporte monetario segun evaluacion y presupuesto DIDECO,60,5.0,"{""fecha_inicio"": [""2026-03-01""], ""fecha_cierre"": [""2026-03-31""]}",La transferencia 25727 corresponde a Residencia Familiar Estudiantil de marzo de 2005. No acredita el aporte de libre disposición del original.,,No borrar: falta evidencia positiva individual de duplicidad o fuera de alcance.,"Contrastar Beca Municipal para Estudiantes de Educación Superior Los Vilos con el apartado del programa de Municipalidad de Los Vilos; documentar correspondencia de nivel, destinatarios y tipo de apoyo antes de corregir cifras.",https://registros19862.gob.cl/transferencia/25727 | https://www.losvilos.cl/,Conservar inactiva; completar la comprobación esencial indicada.,Sin lectura externa nueva en este diagnóstico; conserva la carencia del expediente.,
74,77e791153f86a28a6e03f161d07e5a56385189d69ee93da6b4247b1f4d674b4d,Beca Municipal para Estudiantes de Educación Superior Lota,Municipalidad de Lota,REQUIERE_ACLARACION,1,Ninguno: tener texto no certifica su contenido,Sin conflicto entre referencias originales,Aporte monetario segun evaluacion y presupuesto DIDECO,60,5.0,"{""fecha_inicio"": [""2026-03-01""], ""fecha_cierre"": [""2026-03-31""]}",La publicación de abril 2026 informa beca de pasajes a 277 estudiantes. No identifica una beca distinta de mantención general ni acredita sus requisitos.,,No borrar: falta evidencia positiva individual de duplicidad o fuera de alcance.,"Contrastar Beca Municipal para Estudiantes de Educación Superior Lota con el apartado del programa de Municipalidad de Lota; documentar correspondencia de nivel, destinatarios y tipo de apoyo antes de corregir cifras.",https://lota.cl/2026/04/ | https://direcciones.ucsc.cl/content/uploads/sites/35/2024/12/Becas-Municipales.pdf | https://lota.cl/,Conservar inactiva; completar la comprobación esencial indicada.,"Página 78: Beca de Pasajes Educación Superior Lota; 100.000 CLP en un cheque y 100 cupos; regular, RSH y promedio anterior 5,5. Estudios fuera de Lota salvo residentes de Colcura/Chivilingo. La referencia a lunes 1 y viernes 12 de abril corresponde al calendario histórico, no certifica 2026. El original debe distinguir pasajes del supuesto aporte general; no conservar RSH 60% ni NEM 5,0 como confirmados.",https://direcciones.ucsc.cl/content/uploads/sites/35/2024/12/Becas-Municipales.pdf
75,c23f9a26df1f5c65e25b477365c0556848bca3453f8fde442390638e729bdb9e,Beca Municipal Educación Superior Mafil,Municipalidad de Mafil,REQUIERE_ACLARACION,1,Ninguno: tener texto no certifica su contenido,Sin conflicto entre referencias originales,$100.000 en 2 remesas de $50.000. Renovacion agosto.,60,5.0,"{""fecha_inicio"": [""2026-03-01""], ""fecha_cierre"": [""2026-08-31""]}",El enlace de bases deportivas devuelve 404. Las modalidades deportiva y estudiantil no se pueden equiparar por el nombre del municipio.,,No borrar: falta evidencia positiva individual de duplicidad o fuera de alcance.,"Contrastar Beca Municipal Educación Superior Mafil con el apartado del programa de Municipalidad de Mafil; documentar correspondencia de nivel, destinatarios y tipo de apoyo antes de corregir cifras.",https://www.munimafil.cl/wp-content/uploads/2026/01/Becas-Deportivas-2026.pdf | https://munimafil.cl/,Conservar inactiva; completar la comprobación esencial indicada.,Sin lectura externa nueva en este diagnóstico; conserva la carencia del expediente.,
76,f2c8125ad91266de64f3916c120773b4e44f46191cd1b2d514c956df5c2ffae5,Beca Municipal Estudiantil Maria Pinto,Municipalidad de Maria Pinto,REQUIERE_ACLARACION,1,Ninguno: tener texto no certifica su contenido,Sin conflicto entre referencias originales,$120.000 por transferencia a Cuenta RUT,60,5.0,"{""fecha_inicio"": [""2026-03-15""], ""fecha_cierre"": [""2026-04-15""]}",FONDEVE exige personalidad jurídica y directorio de una organización; no corresponde a apoyo individual de estudiante superior.,,No borrar: falta evidencia positiva individual de duplicidad o fuera de alcance.,Localizar las bases o ficha específica de Beca Municipal Estudiantil Maria Pinto en Municipalidad de Maria Pinto; contrastar el beneficio y los destinatarios frente a la carencia individual descrita en el antecedente.,https://www.mpinto.cl/formularios-fondeve/ | https://www.mpinto.cl/,Conservar inactiva; completar la comprobación esencial indicada.,Sin lectura externa nueva en este diagnóstico; conserva la carencia del expediente.,
77,10ff76533448d99eb23690b3de215c3d6181697366b60cd129e2ffc98b70b2f2,Beca Municipal Educación Superior Mejillones,Municipalidad de Mejillones,REQUIERE_ACLARACION,1,Ninguno: tener texto no certifica su contenido,Sin conflicto entre referencias originales,Aporte economico anual priorizando estudiantes fuera de la comuna,60,5.0,"{""fecha_inicio"": [""2026-02-01""], ""fecha_cierre"": [""2026-03-31""]}",La página DIDECO describe subsidios y programas sociales generales; no establece beneficio ni elegibilidad de esta beca superior.,,No borrar: falta evidencia positiva individual de duplicidad o fuera de alcance.,Localizar las bases o ficha específica de Beca Municipal Educación Superior Mejillones en Municipalidad de Mejillones; contrastar el beneficio y los destinatarios frente a la carencia individual descrita en el antecedente.,https://www.mejillones.cl/departamento-de-desarrollo-comunitario/ | https://www.mejillones.cl/,Conservar inactiva; completar la comprobación esencial indicada.,Sin lectura externa nueva en este diagnóstico; conserva la carencia del expediente.,
78,18b9ad971e54340ff364e4ad816c4e9b99e30975d002a97c3f2849333c7092c9,Beca Municipal de Apoyo a la Educación Superior Panquehue,Municipalidad de Panquehue,REQUIERE_ACLARACION,1,Ninguno: tener texto no certifica su contenido,Sin conflicto entre referencias originales,Asignacion unica anual por cheque nominativo,60,5.0,"{""fecha_inicio"": [""2026-03-15""], ""fecha_cierre"": [""2026-04-15""]}",La noticia secundaria Panquehue 2024 menciona un aporte único para 20 ingresantes. Falta ficha municipal específica con las condiciones; no es confirmación oficial.,,No borrar: falta evidencia positiva individual de duplicidad o fuera de alcance.,Localizar las bases o ficha específica de Beca Municipal de Apoyo a la Educación Superior Panquehue en Municipalidad de Panquehue; contrastar el beneficio y los destinatarios frente a la carencia individual descrita en el antecedente.,https://www.impanquehue.cl/?page_id=89 | https://www.panquehue.cl/,Conservar inactiva; completar la comprobación esencial indicada.,Sin lectura externa nueva en este diagnóstico; conserva la carencia del expediente.,
79,52f8af30f4a3f7b65fa2426b0a4c01d4d19f27274fa46ffd70efd4523cf3bcf4,Beca Municipal de Educación Superior Paredones,Municipalidad de Paredones,REQUIERE_ACLARACION,1,Ninguno: tener texto no certifica su contenido,Sin conflicto entre referencias originales,$200.000 en 2 cuotas de $100.000. Renovacion agosto.,70,5.0,"{""fecha_inicio"": [""2026-03-01""], ""fecha_cierre"": [""2026-08-31""]}",El índice de prensa cita postulación Paredones 2020; no es fuente oficial y no acredita las reglas del aporte original.,,No borrar: falta evidencia positiva individual de duplicidad o fuera de alcance.,Localizar las bases o ficha específica de Beca Municipal de Educación Superior Paredones en Municipalidad de Paredones; contrastar el beneficio y los destinatarios frente a la carencia individual descrita en el antecedente.,https://www.lavozdelaregion.cl/index.php/educacion | https://muparedones.cl/,Conservar inactiva; completar la comprobación esencial indicada.,Sin lectura externa nueva en este diagnóstico; conserva la carencia del expediente.,
80,f3950ceac885049cfcac7eeb41284cb0f7652fa8444e7485caa128aa92a189d1,Beca Municipal para Estudiantes de Educación Superior Penaflor,Municipalidad de Penaflor,REQUIERE_ACLARACION,1,Ninguno: tener texto no certifica su contenido,Sin conflicto entre referencias originales,Aporte monetario segun evaluacion y presupuesto DIDECO,60,5.0,"{""fecha_inicio"": [""2026-03-01""], ""fecha_cierre"": [""2026-03-31""]}","Departamento Social orienta BPR, Indígena y FUAS; no identifica beca municipal propia de Peñaflor.",,No borrar: falta evidencia positiva individual de duplicidad o fuera de alcance.,Localizar las bases o ficha específica de Beca Municipal para Estudiantes de Educación Superior Penaflor en Municipalidad de Penaflor; contrastar el beneficio y los destinatarios frente a la carencia individual descrita en el antecedente.,https://penaflor.cl/departamento-social/ | https://penaflor.cl/tramites/ | https://www.uahurtado.cl/wp-images/uploads/2022/03/BENEFICIOS-ESTUDIANTILES-ADMISION-2022.pdf | https://penaflor.cl/,Conservar inactiva; completar la comprobación esencial indicada.,Sin lectura externa nueva en este diagnóstico; conserva la carencia del expediente.,
81,3e8cd9c8cbf5ccf2d1ff61f34213f00dbdb478428ee2e6b7f9220af053ba6d2b,Beca de Educación Superior Municipalidad de Penaflor,Municipalidad de Penaflor,REQUIERE_ACLARACION,1,Ninguno: tener texto no certifica su contenido,Sin conflicto entre referencias originales,$150.000 anuales,70,5.0,"{""fecha_inicio"": [""2026-03-01""], ""fecha_cierre"": [""2026-03-31""]}",La misma página municipal describe orientación a beneficios estatales; no acredita esta candidata ni resuelve su relación con la otra variante Peñaflor.,,No borrar: falta evidencia positiva individual de duplicidad o fuera de alcance.,Localizar las bases o ficha específica de Beca de Educación Superior Municipalidad de Penaflor en Municipalidad de Penaflor; contrastar el beneficio y los destinatarios frente a la carencia individual descrita en el antecedente.,https://penaflor.cl/departamento-social/ | https://penaflor.cl/tramites/ | https://www.uahurtado.cl/wp-images/uploads/2022/03/BENEFICIOS-ESTUDIANTILES-ADMISION-2022.pdf | https://penaflor.cl/,Conservar inactiva; completar la comprobación esencial indicada.,Sin lectura externa nueva en este diagnóstico; conserva la carencia del expediente.,
82,c771d5766f936a13d34cf61fbe11fe17f43c7dc615944a6cebd3233f3601518a,Beca Municipal Educación Superior Pencahue,Municipalidad de Pencahue,REQUIERE_ACLARACION,1,Ninguno: tener texto no certifica su contenido,Sin conflicto entre referencias originales,$150.000 en 1 remesa,60,5.0,"{""fecha_inicio"": [""2026-03-01""], ""fecha_cierre"": [""2026-03-31""]}",PLADECO Pencahue devuelve 403; falta contenido específico legible. No descartar por bloqueo de acceso.,,No borrar: falta evidencia positiva individual de duplicidad o fuera de alcance.,"Contrastar Beca Municipal Educación Superior Pencahue con el apartado del programa de Municipalidad de Pencahue; documentar correspondencia de nivel, destinatarios y tipo de apoyo antes de corregir cifras.",https://www.mpencahue.cl/transparencia/TA-2019/PLADECO/PLADECO-19-26.pdf | https://www.mpencahue.cl/,Conservar inactiva; completar la comprobación esencial indicada.,Sin lectura externa nueva en este diagnóstico; conserva la carencia del expediente.,
83,134c809033fadcecdb8aff678997abb675ac809e8107ce87aee3b3937ce65452,Beca Municipal Educación Superior Aysen,Municipalidad de Puerto Aysen,REQUIERE_ACLARACION,1,Ninguno: tener texto no certifica su contenido,Sin conflicto entre referencias originales,Aporte economico anual para mantencion de estudiantes,60,5.0,"{""fecha_inicio"": [""2026-02-01""], ""fecha_cierre"": [""2026-03-31""]}",Beca Aysén estatal es distinta del supuesto programa municipal; no atribuir sus reglas a la candidata de Municipalidad de Aysén.,,No borrar: falta evidencia positiva individual de duplicidad o fuera de alcance.,"Contrastar Beca Municipal Educación Superior Aysen con el apartado del programa de Municipalidad de Puerto Aysen; documentar correspondencia de nivel, destinatarios y tipo de apoyo antes de corregir cifras.",https://puertoaysen.cl/,Conservar inactiva; completar la comprobación esencial indicada.,Sin lectura externa nueva en este diagnóstico; conserva la carencia del expediente.,
84,ba64f69ca2f4923b0cc3eeaab9e3b32f62b3d1640a4d98961cc106164d9c7212,Beca Municipal Educación Superior,Municipalidad de Puerto Montt,REQUIERE_ACLARACION,1,Ninguno: tener texto no certifica su contenido,Sin conflicto entre referencias originales,Monto de libre disposicion segun presupuesto anual DIDECO,60,5.0,"{""fecha_inicio"": [""2026-03-01""], ""fecha_cierre"": [""2026-04-30""]}",La noticia municipal identifica Hijos e Hijas de la Pesca Artesanal e Incentivo PAES para egresados municipales. No acredita una ayuda general sin esas modalidades.,,No borrar: falta evidencia positiva individual de duplicidad o fuera de alcance.,"Contrastar Beca Municipal Educación Superior con el apartado del programa de Municipalidad de Puerto Montt; documentar correspondencia de nivel, destinatarios y tipo de apoyo antes de corregir cifras.",https://www.puertomontt.cl/hasta-el-27-de-marzo-se-amplia-el-plazo-para-postular-a-beneficios-para-estudiantes-de-la-educacion-superior-egresados-de-la-educacion-municipal/ | https://www.puertomontt.cl/puerto-montt-lanza-la-primera-beca-deportiva-municipal/ | https://www.puertomontt.cl/,Conservar inactiva; completar la comprobación esencial indicada.,Sin lectura externa nueva en este diagnóstico; conserva la carencia del expediente.,
85,8e06647a5b0809fa08e8825421fa64cc8f63723877eafde0470f1cef87df1216,Beca Municipal Educación Superior Puerto Montt,Municipalidad de Puerto Montt,REQUIERE_ACLARACION,1,Ninguno: tener texto no certifica su contenido,Sin conflicto entre referencias originales,Monto de libre disposicion segun presupuesto anual DIDECO,60,5.0,"{""fecha_inicio"": [""2026-03-01""], ""fecha_cierre"": [""2026-04-30""]}",Los dos incentivos de Puerto Montt tienen destinatarios propios. No se puede sustituir por ellos la beca genérica ni declarar duplicidad sin correspondencia.,,No borrar: falta evidencia positiva individual de duplicidad o fuera de alcance.,Localizar las bases o ficha específica de Beca Municipal Educación Superior Puerto Montt en Municipalidad de Puerto Montt; contrastar el beneficio y los destinatarios frente a la carencia individual descrita en el antecedente.,https://www.puertomontt.cl/hasta-el-27-de-marzo-se-amplia-el-plazo-para-postular-a-beneficios-para-estudiantes-de-la-educacion-superior-egresados-de-la-educacion-municipal/ | https://www.puertomontt.cl/puerto-montt-lanza-la-primera-beca-deportiva-municipal/ | https://www.puertomontt.cl/,Conservar inactiva; completar la comprobación esencial indicada.,Sin lectura externa nueva en este diagnóstico; conserva la carencia del expediente.,
86,5840f712df04ee639d64d6b629fe7499810848e5a3426a01a50f5ad29f45e1a9,Beca Municipal y Beca Mérito Deportivo,Municipalidad de Punitaqui,REQUIERE_ACLARACION,1,Ninguno: tener texto no certifica su contenido,Sin conflicto entre referencias originales,Hasta 5 UTM anuales,60,5.0,"{""fecha_inicio"": [""2026-03-01""], ""fecha_cierre"": [""2026-05-31""]}","La descripción original identifica expresamente Mérito Deportivo. La ficha municipal 2026 acredita hasta 5 UTM anuales para gastos deportivos, residencia permanente y evaluación social. Corrige la restricción original a carreras técnicas/superiores: la beca no exige ese nivel y prohíbe financiar matrícula o arancel. El encabezado compuesto no acredita otra beca general.",,No borrar: falta evidencia positiva individual de duplicidad o fuera de alcance.,Localizar las bases o ficha específica de Beca Municipal y Beca Mérito Deportivo en Municipalidad de Punitaqui; contrastar el beneficio y los destinatarios frente a la carencia individual descrita en el antecedente.,https://www.munipunitaqui.cl/noticias/beca-al-merito-deportivo-2026/ | https://www.munipunitaqui.cl/,Conservar inactiva; completar la comprobación esencial indicada.,Sin lectura externa nueva en este diagnóstico; conserva la carencia del expediente.,
87,dad3b6b78a519cd5ea718531a74e92716d4d2e427efed74552c171783c10b959,Beca Municipal para Educación Superior Punta Arenas,Municipalidad de Punta Arenas,REQUIERE_ACLARACION,1,Ninguno: tener texto no certifica su contenido,Sin conflicto entre referencias originales,$300.000 anuales para la zona austral,70,5.5,"{""fecha_inicio"": [""2026-03-15""], ""fecha_cierre"": [""2026-04-15""]}",La cuenta pública 2019 menciona procedimientos JUNAEB. Falta ficha del aporte municipal propio de Punta Arenas con beneficio y elegibilidad.,,No borrar: falta evidencia positiva individual de duplicidad o fuera de alcance.,Localizar las bases o ficha específica de Beca Municipal para Educación Superior Punta Arenas en Municipalidad de Punta Arenas; contrastar el beneficio y los destinatarios frente a la carencia individual descrita en el antecedente.,https://www.puntaarenas.cl/archivos/Cuentas_Publicas/CUENTA_PUBLICA_2019.pdf | https://www.puntaarenas.cl/dideco,Conservar inactiva; completar la comprobación esencial indicada.,Sin lectura externa nueva en este diagnóstico; conserva la carencia del expediente.,
88,3e4673bc545382427a6ceab712fb1c04ad62322d3f7be60b28fab21f51f48367,Beca Municipal Estudiantil Putre (Educación Superior),Municipalidad de Putre,REQUIERE_ACLARACION,1,Ninguno: tener texto no certifica su contenido,Sin conflicto entre referencias originales,$250.000 anuales para traslado y arriendo,70,5.0,"{""fecha_inicio"": [""2026-03-01""], ""fecha_cierre"": [""2026-04-30""]}",La cuenta pública Putre 2019 describe gestión y subvenciones; falta identificar las bases del beneficio estudiantil original.,,No borrar: falta evidencia positiva individual de duplicidad o fuera de alcance.,Localizar las bases o ficha específica de Beca Municipal Estudiantil Putre (Educación Superior) en Municipalidad de Putre; contrastar el beneficio y los destinatarios frente a la carencia individual descrita en el antecedente.,https://imputre.cl/wp-content/uploads/2020/04/LIBRO-CUENTA-PUBLICA-2019-FINAL.pdf | https://www.imputre.cl/,Conservar inactiva; completar la comprobación esencial indicada.,Sin lectura externa nueva en este diagnóstico; conserva la carencia del expediente.,
89,9128e1de1498d39f011b4d87625c566b6fdcca045e04ae41361a03fa18ab2ae8,Beca Municipal Educación Superior Quinchao,Municipalidad de Quinchao,REQUIERE_ACLARACION,1,Ninguno: tener texto no certifica su contenido,Sin conflicto entre referencias originales,$302.272 promedio por alumno (66 benef.. pto $19.950.000),60,5.0,"{""fecha_inicio"": [""2026-03-01""], ""fecha_cierre"": [""2026-03-31""]}",Un promedio obtenido dividiendo gasto total por beneficiarios no es un monto individual oficial. Falta ficha específica con condiciones de Quinchao.,,No borrar: falta evidencia positiva individual de duplicidad o fuera de alcance.,Localizar las bases o ficha específica de Beca Municipal Educación Superior Quinchao en Municipalidad de Quinchao; contrastar el beneficio y los destinatarios frente a la carencia individual descrita en el antecedente.,https://www.municipalidadquinchao.cl/,Conservar inactiva; completar la comprobación esencial indicada.,Sin lectura externa nueva en este diagnóstico; conserva la carencia del expediente.,
90,7e5103fb180e69c6b629ad32592c8527b6b854c0d0f7b912cace02c4818b544e,Beca Municipal Estudiantil Rauco,Municipalidad de Rauco,REQUIERE_ACLARACION,1,Ninguno: tener texto no certifica su contenido,Sin conflicto entre referencias originales,$150.000 en 1 remesa,70,5.0,"{""fecha_inicio"": [""2026-03-15""], ""fecha_cierre"": [""2026-04-15""]}",La cuenta pública Rauco 2024 devuelve 403. El fallo de acceso no ratifica exclusión ni confirma el importe original.,,No borrar: falta evidencia positiva individual de duplicidad o fuera de alcance.,"Contrastar Beca Municipal Estudiantil Rauco con el apartado del programa de Municipalidad de Rauco; documentar correspondencia de nivel, destinatarios y tipo de apoyo antes de corregir cifras.",https://www.munirauco.cl/sitio/wp-content/uploads/2025/04/INFORME-CTA.-PUB.-2024.pdf | https://www.munirauco.cl/,Conservar inactiva; completar la comprobación esencial indicada.,Sin lectura externa nueva en este diagnóstico; conserva la carencia del expediente.,
91,b33db90fdf464549fc5c8f225a8bf642774711f5660eb30125ca60ea07359022,Beca Municipal para Estudios Superiores Retiro,Municipalidad de Retiro,REQUIERE_ACLARACION,1,Ninguno: tener texto no certifica su contenido,Sin conflicto entre referencias originales,$200.000 en 1 remesa anual por decreto del Concejo,70,5.0,"{""fecha_inicio"": [""2026-03-01""], ""fecha_cierre"": [""2026-03-31""]}",El índice de noticias Retiro no contiene ficha específica de esta ayuda de estudios superiores.,,No borrar: falta evidencia positiva individual de duplicidad o fuera de alcance.,Localizar las bases o ficha específica de Beca Municipal para Estudios Superiores Retiro en Municipalidad de Retiro; contrastar el beneficio y los destinatarios frente a la carencia individual descrita en el antecedente.,https://retiro.cl/noticias2/ | https://www.muniretiro.cl/,Conservar inactiva; completar la comprobación esencial indicada.,Sin lectura externa nueva en este diagnóstico; conserva la carencia del expediente.,
92,8630387a7f9cec25198a7c736bd5039038b22360da3437993b45b042ab224eb1,Beca de Educación Superior Rio Claro,Municipalidad de Rio Claro,REQUIERE_ACLARACION,1,Ninguno: tener texto no certifica su contenido,Sin conflicto entre referencias originales,$120.000 anuales,70,5.0,"{""fecha_inicio"": [""2026-03-01""], ""fecha_cierre"": [""2026-03-31""]}","No se obtuvo fuente específica de Río Claro. Las becas de Río Negro, Río Hurtado y Río Verde pertenecen a otras municipalidades.",,No borrar: falta evidencia positiva individual de duplicidad o fuera de alcance.,"Contrastar Beca de Educación Superior Rio Claro con el apartado del programa de Municipalidad de Rio Claro; documentar correspondencia de nivel, destinatarios y tipo de apoyo antes de corregir cifras.",https://www.munirioclaro.cl/,Conservar inactiva; completar la comprobación esencial indicada.,Sin lectura externa nueva en este diagnóstico; conserva la carencia del expediente.,
93,5ab3468f5021776c0496de2182244397e57fac292bee1f1a081a92dcc9dabd1b,Beca Municipal de Educación Superior Romeral,Municipalidad de Romeral,REQUIERE_ACLARACION,1,Ninguno: tener texto no certifica su contenido,Sin conflicto entre referencias originales,Aporte por decreto del Concejo. Sin ramos reprobados.,60,5.0,"{""fecha_inicio"": [""2026-03-01""], ""fecha_cierre"": [""2026-04-30""]}",El índice de actas Romeral lista sesiones 2024–2026; no es el acuerdo o reglamento que acredita el beneficio.,,No borrar: falta evidencia positiva individual de duplicidad o fuera de alcance.,"Contrastar Beca Municipal de Educación Superior Romeral con el apartado del programa de Municipalidad de Romeral; documentar correspondencia de nivel, destinatarios y tipo de apoyo antes de corregir cifras.",https://muniromeral.cl/romeral/?page_id=9336 | https://www.romeral.cl/,Conservar inactiva; completar la comprobación esencial indicada.,Sin lectura externa nueva en este diagnóstico; conserva la carencia del expediente.,
94,4a5de12a7ae56ae7b9bf5d12e00979bbec8894b72835c38cafbb24d508a8b8d6,Beca Municipal de Educación Superior Salamanca,Municipalidad de Salamanca,REQUIERE_ACLARACION,1,Ninguno: tener texto no certifica su contenido,Sin conflicto entre referencias originales,Subsidio economico anual segun evaluacion y presupuesto DIDECO,60,5.0,"{""fecha_inicio"": [""2026-03-01""], ""fecha_cierre"": [""2026-03-31""]}",Asuntos Estudiantiles Salamanca identifica devolución de matrícula para superiores no beneficiarios Cares y alojamiento Cares. No acredita mantención anual general del original.,,No borrar: falta evidencia positiva individual de duplicidad o fuera de alcance.,"Contrastar Beca Municipal de Educación Superior Salamanca con el apartado del programa de Municipalidad de Salamanca; documentar correspondencia de nivel, destinatarios y tipo de apoyo antes de corregir cifras.",https://salamanca.cl/direccion-de-asuntos-estudiantiles/ | https://www.salamanca.cl/,Conservar inactiva; completar la comprobación esencial indicada.,Sin lectura externa nueva en este diagnóstico; conserva la carencia del expediente.,
95,1e8969f1902fd0d2d7581a12d2f58769b41d39c99bc4f2870b8aca9b982d7fbc,Beca Municipal de Educación Superior San Miguel,Municipalidad de San Miguel,REQUIERE_ACLARACION,1,Ninguno: tener texto no certifica su contenido,Sin conflicto entre referencias originales,Aporte monetario anual de libre disposicion,60,5.0,"{""fecha_inicio"": [""2026-03-01""], ""fecha_cierre"": [""2026-03-31""]}",El índice municipal de educación no contiene una ficha del aporte superior propio de San Miguel.,,No borrar: falta evidencia positiva individual de duplicidad o fuera de alcance.,"Contrastar Beca Municipal de Educación Superior San Miguel con el apartado del programa de Municipalidad de San Miguel; documentar correspondencia de nivel, destinatarios y tipo de apoyo antes de corregir cifras.",https://web.sanmiguel.cl/category/educacion/ | https://web.sanmiguel.cl/category/ninos/ | https://www.uahurtado.cl/wp-images/uploads/2022/03/BENEFICIOS-ESTUDIANTILES-ADMISION-2022.pdf | https://www.sanmiguel.cl/,Conservar inactiva; completar la comprobación esencial indicada.,Sin lectura externa nueva en este diagnóstico; conserva la carencia del expediente.,
96,ecec85e3fcec3c2300080131f2fe657701ff13bc3db3968e55a151adfd69eedc,Beca Municipal de Educación Superior San Pedro de la Paz,Municipalidad de San Pedro de la Paz,REQUIERE_ACLARACION,1,Ninguno: tener texto no certifica su contenido,Sin conflicto entre referencias originales,Subsidio economico anual por departamento social,60,5.0,"{""fecha_inicio"": [""2026-03-01""], ""fecha_cierre"": [""2026-04-30""]}","El enlace es una interfaz administrativa de carga de archivos, no una ficha pública del beneficio de San Pedro de la Paz.",,No borrar: falta evidencia positiva individual de duplicidad o fuera de alcance.,Localizar las bases o ficha específica de Beca Municipal de Educación Superior San Pedro de la Paz en Municipalidad de San Pedro de la Paz; contrastar el beneficio y los destinatarios frente a la carencia individual descrita en el antecedente.,https://www.transparencia.sanpedrodelapaz.cl/admin/programas.php | https://direcciones.ucsc.cl/content/uploads/sites/35/2024/12/Becas-Municipales.pdf | https://sanpedrodelapaz.cl/,Conservar inactiva; completar la comprobación esencial indicada.,Sin lectura externa nueva en este diagnóstico; conserva la carencia del expediente.,
97,a8bc761f5e12dded29acfc7726e505e53b36717038b3335bda0a02f8bf7e6e3e,Beca de Educación Superior Santa Barbara,Municipalidad de Santa Barbara,REQUIERE_ACLARACION,1,Ninguno: tener texto no certifica su contenido,Sin conflicto entre referencias originales,$200.000 anuales,60,5.0,"{""fecha_inicio"": [""2026-03-01""], ""fecha_cierre"": [""2026-03-31""]}",Transparencia enumera subsidios generales. El catastro UdeC 2024 describe alojamiento con copago en otras ciudades; no acredita aporte anual de dinero de Santa Bárbara.,,No borrar: falta evidencia positiva individual de duplicidad o fuera de alcance.,Localizar las bases o ficha específica de Beca de Educación Superior Santa Barbara en Municipalidad de Santa Barbara; contrastar el beneficio y los destinatarios frente a la carencia individual descrita en el antecedente.,https://transparencia.santabarbara.cl/index.php?a=2019&action=plantillas_generar_plantilla&ia=3264&ig=237&m=3 | https://cade.udec.cl/wp-content/uploads/2024/10/Catastro-Beneficios-Municipales-2.pdf | https://www.santabarbara.cl/,Conservar inactiva; completar la comprobación esencial indicada.,Sin lectura externa nueva en este diagnóstico; conserva la carencia del expediente.,
98,99de0a46cc9f5c789ec328b01648ec4c462293edd80439b9af8954df5d80c1c5,Beca Municipal de Educación Superior,Municipalidad de Santa Juana,REQUIERE_ACLARACION,1,Ninguno: tener texto no certifica su contenido,Sin conflicto entre referencias originales,$150.000 por alumno (400 cupos. pto $60.000.000),60,5.0,"{""fecha_inicio"": [""2026-03-01""], ""fecha_cierre"": [""2026-03-31""]}","La noticia Mineduc es Becas TIC de séptimo básico. El catastro UdeC 2024 distingue devolución de matrícula, traslado vespertino y pasajes; no demuestra cuál corresponde a la candidata genérica.",,No borrar: falta evidencia positiva individual de duplicidad o fuera de alcance.,Localizar las bases o ficha específica de Beca Municipal de Educación Superior en Municipalidad de Santa Juana; contrastar el beneficio y los destinatarios frente a la carencia individual descrita en el antecedente.,https://biobio.mineduc.cl/2026/08/05/estudiantes-de-santa-juana-reciben-computadores-del-programa-becas-tic-de-junaeb/ | https://cade.udec.cl/wp-content/uploads/2024/10/Catastro-Beneficios-Municipales-2.pdf | https://santajuana.cl/,Conservar inactiva; completar la comprobación esencial indicada.,"Páginas 73–76 separan cuatro programas Santa Juana. Devolución de matrícula: primer ingreso superior, residencia mínima de dos años y RSH; cuantía según matrícula y selección. Transporte vespertino es servicio; pasajes es aporte mensual; hogar es alojamiento gratuito. Ninguno de esos apartados acredita el pago general de 150.000 CLP, 400 cupos y presupuesto de 60 millones del original. Debe identificarse si la candidata describía devolución de matrícula; no mezclar los cuatro programas.",https://direcciones.ucsc.cl/content/uploads/sites/35/2024/12/Becas-Municipales.pdf
99,f84e049175177d690886a6c79b0793844cec14b0d7eefabfa23b34c6b22f44fc,Beca de Transporte Escolar Superior Santiago,Municipalidad de Santiago,REQUIERE_ACLARACION,3,Ninguno: tener texto no certifica su contenido,descripcion | descripcion_larga | documentos_requeridos | fecha_cierre | monto | nem_minimo | url,Tarjeta bip o subsidio mensual de transporte | Tarjeta de transporte o subsidio mensual,60,5.0 | ,"{""fecha_inicio"": [""2026-01-01""], ""fecha_cierre"": [""2026-06-30"", ""2026-12-31""]}",La página Santiago describe Beca de Estudios y condiciones académicas por duración de carrera. No identifica subsidio mensual exclusivo de transporte del original.,,No borrar: falta evidencia positiva individual de duplicidad o fuera de alcance.,"Contrastar Beca de Transporte Escolar Superior Santiago con el apartado del programa de Municipalidad de Santiago; documentar correspondencia de nivel, destinatarios y tipo de apoyo antes de corregir cifras.",https://www.munistgo.cl/beca-de-estudios/ | https://www.munistgo.cl/fondos-y-becas/ | https://www.munistgo.cl/becas-y-fondos/,Conservar inactiva; completar la comprobación esencial indicada.,Sin lectura externa nueva en este diagnóstico; conserva la carencia del expediente.,
100,432bc766ba02a9ecf7043053e5814f4b8f35b635ef17c242820016a24f5bb399,Beca Municipal para Estudios Superiores Talcahuano,Municipalidad de Talcahuano,REQUIERE_ACLARACION,1,Ninguno: tener texto no certifica su contenido,Sin conflicto entre referencias originales,Aporte monetario anual de libre disposicion,60,5.0,"{""fecha_inicio"": [""2026-03-01""], ""fecha_cierre"": [""2026-03-31""]}",El enlace Talcahuano no se recuperó por certificado TLS. El catastro describe un programa de patrocinio con otros destinatarios; no atribuirlo al aporte genérico.,,No borrar: falta evidencia positiva individual de duplicidad o fuera de alcance.,"Contrastar Beca Municipal para Estudios Superiores Talcahuano con el apartado del programa de Municipalidad de Talcahuano; documentar correspondencia de nivel, destinatarios y tipo de apoyo antes de corregir cifras.",https://www.talcahuano.cl/centro-de-servicios/apoyo-social/subsidios-y-beneficios | https://cade.udec.cl/wp-content/uploads/2024/10/Catastro-Beneficios-Municipales-2.pdf | https://direcciones.ucsc.cl/content/uploads/sites/35/2024/12/Becas-Municipales.pdf | https://www.talcahuano.cl/,Conservar inactiva; completar la comprobación esencial indicada.,Sin lectura externa nueva en este diagnóstico; conserva la carencia del expediente.,
101,06b82c37a5226bd77f19eade94f49903073e6b494caf7dbeecb57fc89982a488,Beca Municipal Enseñanza Superior Tierra Amarilla,Municipalidad de Tierra Amarilla,REQUIERE_ACLARACION,1,Ninguno: tener texto no certifica su contenido,Sin conflicto entre referencias originales,$300.000 en cuota unica (100 alumnos),60,5.0,"{""fecha_inicio"": [""2026-03-01""], ""fecha_cierre"": [""2026-08-31""]}",No se obtuvo ficha específica de Tierra Amarilla que acredite los 300.000 pesos y condiciones del aporte superior.,,No borrar: falta evidencia positiva individual de duplicidad o fuera de alcance.,Localizar las bases o ficha específica de Beca Municipal Enseñanza Superior Tierra Amarilla en Municipalidad de Tierra Amarilla; contrastar el beneficio y los destinatarios frente a la carencia individual descrita en el antecedente.,https://www.tierraamarilla.cl/,Conservar inactiva; completar la comprobación esencial indicada.,Sin lectura externa nueva en este diagnóstico; conserva la carencia del expediente.,
102,f6544cfccaf444bc6d458753b2c10ab81419fde7073b2a24f83946322b228392,Beca Municipal de Educación Superior Timaukel,Municipalidad de Timaukel,REQUIERE_ACLARACION,1,Ninguno: tener texto no certifica su contenido,Sin conflicto entre referencias originales,Asignacion unica anual de libre disposicion,60,5.0,"{""fecha_inicio"": [""2026-02-01""], ""fecha_cierre"": [""2026-03-31""]}",La página es del municipio de Porvenir y describe computadores JUNAEB también entregados en Timaukel; no acredita beca municipal propia de Timaukel.,,No borrar: falta evidencia positiva individual de duplicidad o fuera de alcance.,"Contrastar Beca Municipal de Educación Superior Timaukel con el apartado del programa de Municipalidad de Timaukel; documentar correspondencia de nivel, destinatarios y tipo de apoyo antes de corregir cifras.",https://www.muniporvenir.cl/2024/07/ | https://www.municipalidadtimaukel.cl/,Conservar inactiva; completar la comprobación esencial indicada.,Sin lectura externa nueva en este diagnóstico; conserva la carencia del expediente.,
103,a69f0f20b7c4cba05bdc50c486cb245a3f854a9a24c5e692f793aeda64b9083d,Beca Municipal de Educación Superior Tocopilla,Municipalidad de Tocopilla,REQUIERE_ACLARACION,1,Ninguno: tener texto no certifica su contenido,Sin conflicto entre referencias originales,Subsidio economico anual segun evaluacion y presupuesto DIDECO,60,5.0,"{""fecha_inicio"": [""2026-03-01""], ""fecha_cierre"": [""2026-03-31""]}",DIDECO Tocopilla reconoce que entrega beneficios económicos mediante Beca Municipal. Confirma existencia general; faltan destinatarios y requisitos de la modalidad superior.,,No borrar: falta evidencia positiva individual de duplicidad o fuera de alcance.,Localizar las bases o ficha específica de Beca Municipal de Educación Superior Tocopilla en Municipalidad de Tocopilla; contrastar el beneficio y los destinatarios frente a la carencia individual descrita en el antecedente.,https://imtocopilla.cl/direccion-de-desarrollo-comunitario/ | https://www.imtocopilla.cl/,Conservar inactiva; completar la comprobación esencial indicada.,Sin lectura externa nueva en este diagnóstico; conserva la carencia del expediente.,
104,93aef50ce30d3e104174ab6bd53045b8892722b7f3c4d506dbf1e2d46a45e2c8,Beca Municipal Educación Superior Tolten,Municipalidad de Tolten,REQUIERE_ACLARACION,1,Ninguno: tener texto no certifica su contenido,Sin conflicto entre referencias originales,$200.000 en 1 cuota (120 cupos),60,5.0,"{""fecha_inicio"": [""2026-03-01""], ""fecha_cierre"": [""2026-03-31""]}",No se obtuvo ficha del beneficio propio de Toltén. Residencia Familiar JUNAEB y becas de comunas vecinas no prueban esta candidata.,,No borrar: falta evidencia positiva individual de duplicidad o fuera de alcance.,"Contrastar Beca Municipal Educación Superior Tolten con el apartado del programa de Municipalidad de Tolten; documentar correspondencia de nivel, destinatarios y tipo de apoyo antes de corregir cifras.",https://munitolten.cl/,Conservar inactiva; completar la comprobación esencial indicada.,Sin lectura externa nueva en este diagnóstico; conserva la carencia del expediente.,
105,dbcdf820447cc2d3a206a3db3a4943a999a500d92860f58843dd045b194c6e18,Beca Municipal para Estudiantes de Educación Superior,Municipalidad de Valdivia,REQUIERE_ACLARACION,1,Ninguno: tener texto no certifica su contenido,Sin conflicto entre referencias originales,Subsidio municipal de mantencion de libre disposicion,60,5.0,"{""fecha_inicio"": [""2026-03-01""], ""fecha_cierre"": [""2026-05-31""]}",La publicación Valdivia marzo 2026 describe un preuniversitario para terceros/cuartos medios y egresados desde 2023. No acredita dinero para estudiantes superiores.,35f9a8955aef575df868a6d378cbd6bc7ba653a0bdd2a242aedfc9d46fe5b313,No borrar: falta evidencia positiva individual de duplicidad o fuera de alcance.,"Contrastar Beca Municipal para Estudiantes de Educación Superior con el apartado del programa de Municipalidad de Valdivia; documentar correspondencia de nivel, destinatarios y tipo de apoyo antes de corregir cifras.",https://munivaldivia.cl/2026/03/25/llaman-a-postular-al-preuniversitario-municipal-en-valdivia-clases-parten-en-abril/ | https://www.munivaldivia.cl/,Conservar inactiva; completar la comprobación esencial indicada.,Sin lectura externa nueva en este diagnóstico; conserva la carencia del expediente.,
106,35f9a8955aef575df868a6d378cbd6bc7ba653a0bdd2a242aedfc9d46fe5b313,Beca Municipal para Estudiantes de Educación Superior Valdivia,Municipalidad de Valdivia,REQUIERE_ACLARACION,1,Ninguno: tener texto no certifica su contenido,Sin conflicto entre referencias originales,Subsidio municipal de mantencion de libre disposicion,60,5.0,"{""fecha_inicio"": [""2026-03-01""], ""fecha_cierre"": [""2026-03-31""]}",Preuniversitario Municipal Valdivia no corresponde al aporte económico original. No equiparar estas modalidades.,dbcdf820447cc2d3a206a3db3a4943a999a500d92860f58843dd045b194c6e18,No borrar: falta evidencia positiva individual de duplicidad o fuera de alcance.,"Contrastar Beca Municipal para Estudiantes de Educación Superior Valdivia con el apartado del programa de Municipalidad de Valdivia; documentar correspondencia de nivel, destinatarios y tipo de apoyo antes de corregir cifras.",https://munivaldivia.cl/2026/03/25/llaman-a-postular-al-preuniversitario-municipal-en-valdivia-clases-parten-en-abril/ | https://www.munivaldivia.cl/,Conservar inactiva; completar la comprobación esencial indicada.,Sin lectura externa nueva en este diagnóstico; conserva la carencia del expediente.,
107,5c2cf6dda66f201f1755ba293ff38adf6a858dca012b111cc4184753ae34dc3d,Beca Municipal Educación Superior Valparaíso,Municipalidad de Valparaíso,REQUIERE_ACLARACION,1,Ninguno: tener texto no certifica su contenido,Sin conflicto entre referencias originales,Hasta $300.000 anuales fraccionado en cuotas,60,5.0,"{""fecha_inicio"": [""2026-03-01""], ""fecha_cierre"": [""2026-04-30""]}",La ficha Valparaíso no se recuperó por tiempo de espera; falta lectura del apartado del programa propio superior.,,No borrar: falta evidencia positiva individual de duplicidad o fuera de alcance.,Localizar las bases o ficha específica de Beca Municipal Educación Superior Valparaíso en Municipalidad de Valparaíso; contrastar el beneficio y los destinatarios frente a la carencia individual descrita en el antecedente.,https://municipalidaddevalparaiso.cl/becas/ | https://www.municipalidaddevalparaiso.cl/,Conservar inactiva; completar la comprobación esencial indicada.,Sin lectura externa nueva en este diagnóstico; conserva la carencia del expediente.,
108,aa013b0146553e7b0e067b6f4679bc116ca2adb1d0236724a07e06c2632f743c,Beca Municipalidad de Valparaíso DIDECO,Municipalidad de Valparaíso,REQUIERE_ACLARACION,3,Ninguno: tener texto no certifica su contenido,descripcion | descripcion_larga | documentos_requeridos | fecha_cierre | institucion | monto | nem_minimo | tipo_beca,Entre .000 y .000 anuales segun evaluacion social | Entre $100.000 y $300.000 anuales segun evaluacion social | Aporte economico anual segun disponibilidad presupuestaria,70,5.0 | ,"{""fecha_inicio"": [""2026-01-01""], ""fecha_cierre"": [""2026-04-30"", ""2026-12-31""]}",El enlace compartido Valparaíso no se recuperó. No declarar duplicidad entre las variantes por compartir URL.,,No borrar: falta evidencia positiva individual de duplicidad o fuera de alcance.,Localizar las bases o ficha específica de Beca Municipalidad de Valparaíso DIDECO en Municipalidad de Valparaíso; contrastar el beneficio y los destinatarios frente a la carencia individual descrita en el antecedente.,https://municipalidaddevalparaiso.cl/becas/ | https://www.municipalidaddevalparaiso.cl/dideco/,Conservar inactiva; completar la comprobación esencial indicada.,Sin lectura externa nueva en este diagnóstico; conserva la carencia del expediente.,
109,80328011768c2c041309c054119de2d6507bff94e8c44f7e3936689fcb085068,Beca de Transporte Valparaíso,Municipalidad de Valparaíso,REQUIERE_ACLARACION,3,Ninguno: tener texto no certifica su contenido,descripcion_larga | documentos_requeridos | fecha_cierre | institucion | nem_minimo,Subsidio mensual de transporte,70,5.0 | ,"{""fecha_inicio"": [""2026-01-01""], ""fecha_cierre"": [""2026-04-30"", ""2026-12-31""]}",El enlace Valparaíso no se recuperó. No trasladar una regla de beca general a transporte sin apartado específico.,,No borrar: falta evidencia positiva individual de duplicidad o fuera de alcance.,"Contrastar Beca de Transporte Valparaíso con el apartado del programa de Municipalidad de Valparaíso; documentar correspondencia de nivel, destinatarios y tipo de apoyo antes de corregir cifras.",https://municipalidaddevalparaiso.cl/becas/ | https://www.municipalidaddevalparaiso.cl/dideco/,Conservar inactiva; completar la comprobación esencial indicada.,Sin lectura externa nueva en este diagnóstico; conserva la carencia del expediente.,
110,c21da95a1b806b83d898e0790f1ad6a8d7dfada981df871e2604864ba98fb715,Beca Municipal Educación Superior Villa Alemana,Municipalidad de Villa Alemana,REQUIERE_ACLARACION,4,Ninguno: tener texto no certifica su contenido,descripcion | descripcion_larga | documentos_requeridos | fecha_cierre | fecha_inicio | monto,Entre .000 y .000 anuales segun evaluacion socioeconomica | Entre $70.000 y $200.000 anuales segun evaluacion socioeconomica | Aporte monetario anual bajo decreto. Becas paralelas disponibles. | Aporte economico variable,60,5.0,"{""fecha_inicio"": [""2026-01-01"", ""2026-03-01""], ""fecha_cierre"": [""2026-04-30"", ""2026-03-31""]}",La sección Villa Alemana enumera talento deportivo y computadores JUNAEB; no acredita aporte municipal general de educación superior.,,No borrar: falta evidencia positiva individual de duplicidad o fuera de alcance.,Localizar las bases o ficha específica de Beca Municipal Educación Superior Villa Alemana en Municipalidad de Villa Alemana; contrastar el beneficio y los destinatarios frente a la carencia individual descrita en el antecedente.,https://www.villalemana.cl/secciones/educacion/ | https://villalemana.cl/2024/11/con-un-historico-aumento-de-casi-mil-millones-en-salud-concejo-municipal-de-villa-alemana-aprueba-presupuesto-2025/ | https://www.villalemana.cl/,Conservar inactiva; completar la comprobación esencial indicada.,Sin lectura externa nueva en este diagnóstico; conserva la carencia del expediente.,
111,cddf9c877f17413c534f34ec36c7c28be662cfffd14ce0989d52f5dd218fdd6d,Beca Municipal de Educación Superior Viña del Mar,Municipalidad de Viña del Mar,REQUIERE_ACLARACION,3,Ninguno: tener texto no certifica su contenido,descripcion | descripcion_larga | documentos_requeridos | fecha_cierre | institucion | monto | nem_minimo | tipo_beca,Entre .000 y .000 anuales segun evaluacion social | Entre $100.000 y $300.000 anuales segun evaluacion social | Aporte economico anual segun disponibilidad,60,5.0 | ,"{""fecha_inicio"": [""2026-01-01""], ""fecha_cierre"": [""2026-04-30"", ""2026-12-31""]}",La sección Desarrollo Social Viña del Mar enlaza beca deportiva; no acredita la beca general de dinero del original.,fff8ddd0931c4ac06f660ca2016c26455745fd05fcf0bfbd9e97dd61fdececac,No borrar: falta evidencia positiva individual de duplicidad o fuera de alcance.,"Contrastar Beca Municipal de Educación Superior Viña del Mar con el apartado del programa de Municipalidad de Viña del Mar; documentar correspondencia de nivel, destinatarios y tipo de apoyo antes de corregir cifras.",https://www.munivina.cl/desarrollo-comunitario/desarrollo-social/ | https://www.munivina.cl/desarrollo-comunitario/desarrollo-social/seccion-servicio-social/,Conservar inactiva; completar la comprobación esencial indicada.,Sin lectura externa nueva en este diagnóstico; conserva la carencia del expediente.,
112,fff8ddd0931c4ac06f660ca2016c26455745fd05fcf0bfbd9e97dd61fdececac,Beca de Educación Superior Viña del Mar,Municipalidad de Viña del Mar,REQUIERE_ACLARACION,1,Ninguno: tener texto no certifica su contenido,Sin conflicto entre referencias originales,Entre $100.000 y $300.000 anuales,60,5.0,"{""fecha_inicio"": [""2026-03-01""], ""fecha_cierre"": [""2026-03-15""]}",El apartado social de Viña del Mar no identifica el programa de esta variante; el nombre municipal compartido no resuelve duplicidad.,cddf9c877f17413c534f34ec36c7c28be662cfffd14ce0989d52f5dd218fdd6d,No borrar: falta evidencia positiva individual de duplicidad o fuera de alcance.,"Contrastar Beca de Educación Superior Viña del Mar con el apartado del programa de Municipalidad de Viña del Mar; documentar correspondencia de nivel, destinatarios y tipo de apoyo antes de corregir cifras.",https://www.munivina.cl/desarrollo-comunitario/desarrollo-social/ | https://www.munivina.cl/desarrollo-comunitario/desarrollo-social/seccion-servicio-social/ | https://www.munivina.cl/,Conservar inactiva; completar la comprobación esencial indicada.,Sin lectura externa nueva en este diagnóstico; conserva la carencia del expediente.,
113,b9853a50ac6449a5f933f87aa7c7dbcc26a735d7399bd1ea7aa1296e20584cb8,Beca de Pasajes Viña del Mar,Municipalidad de Viña del Mar,REQUIERE_ACLARACION,3,Ninguno: tener texto no certifica su contenido,descripcion_larga | documentos_requeridos | fecha_cierre | institucion | monto | nem_minimo,Subsidio mensual de transporte | Subsidio de transporte,60,5.0 | ,"{""fecha_inicio"": [""2026-01-01""], ""fecha_cierre"": [""2026-04-30"", ""2026-12-31""]}",El apartado social Viña del Mar no describe subsidio mensual de pasajes. La noticia deportiva no acredita esa modalidad.,,No borrar: falta evidencia positiva individual de duplicidad o fuera de alcance.,"Contrastar Beca de Pasajes Viña del Mar con el apartado del programa de Municipalidad de Viña del Mar; documentar correspondencia de nivel, destinatarios y tipo de apoyo antes de corregir cifras.",https://www.munivina.cl/desarrollo-comunitario/desarrollo-social/ | https://www.munivina.cl/desarrollo-comunitario/desarrollo-social/seccion-servicio-social/,Conservar inactiva; completar la comprobación esencial indicada.,Sin lectura externa nueva en este diagnóstico; conserva la carencia del expediente.,
114,c0bdc07760312c8208ca965c3160c4028bf74895cc9b9547daf49291cd2c6d36,Beca de Educación Superior Ilustre Municipalidad de Zapallar,Municipalidad de Zapallar,REQUIERE_ACLARACION,1,Ninguno: tener texto no certifica su contenido,Sin conflicto entre referencias originales,Hasta $300.000 anuales segun tramo y merito,60,5.5,"{""fecha_inicio"": [""2026-03-01""], ""fecha_cierre"": [""2026-03-31""]}",Team Zapallar 2026 premia trayectoria deportiva e incluye apoyos de rendimiento; no acredita beca general de estudios superiores del original.,,No borrar: falta evidencia positiva individual de duplicidad o fuera de alcance.,Localizar las bases o ficha específica de Beca de Educación Superior Ilustre Municipalidad de Zapallar en Municipalidad de Zapallar; contrastar el beneficio y los destinatarios frente a la carencia individual descrita en el antecedente.,https://www.munizapallar.cl/blog/becas-deportivas-team-zapallar-2026 | https://www.munizapallar.cl/,Conservar inactiva; completar la comprobación esencial indicada.,Sin lectura externa nueva en este diagnóstico; conserva la carencia del expediente.,
115,eda6fbb494f175bb8f42a92153a7d68fe4ddd2890370d0ecb67f9f316fc7a9fd,Beca de Excelencia Académica,Pontificia Universidad Católica de Chile,EXCLUSION_HISTORICA_SIN_RATIFICAR,1,rsh_maximo,Sin conflicto entre referencias originales,50% arancel anual,,6.0,"{""fecha_inicio"": [""2026-01-01""], ""fecha_cierre"": [""2026-12-31""]}","Servicios y Beneficios Mineduc 2026 identifica Premio a la Excelencia Académica/Matrícula de Honor UC, con condiciones de puntaje máximo y posiciones. No acredita la fórmula NEM 6,0 + percentil 90 ni demuestra equivalencia con la candidata genérica.",,No borrar: falta evidencia positiva individual de duplicidad o fuera de alcance.,Localizar las bases o ficha específica de Beca de Excelencia Académica en Pontificia Universidad Católica de Chile; contrastar el beneficio y los destinatarios frente a la carencia individual descrita en el antecedente.,https://arancelesybeneficios.uc.cl/,Revisar exclusión histórica: no ratificada; conservar original y no usar la exclusión como evidencia.,Sin lectura externa nueva en este diagnóstico; conserva la carencia del expediente.,
116,70699bc9ed88bac846b5399646c77d71c8027a40a10a5a2d46ec72db13e327f6,Beca Deportiva PUCV,Pontificia Universidad Católica de Valparaíso,EXCLUSION_HISTORICA_SIN_RATIFICAR,1,nem_minimo | rsh_maximo,Sin conflicto entre referencias originales,30% descuento arancel semestral,,,"{""fecha_inicio"": [""2026-01-01""], ""fecha_cierre"": [""2026-12-31""]}","La ficha PUCV describe mantención, residencia, madres/padres y fondos externos. No identifica la rebaja deportiva semestral del original.",,No borrar: falta evidencia positiva individual de duplicidad o fuera de alcance.,"Contrastar Beca Deportiva PUCV con el apartado del programa de Pontificia Universidad Católica de Valparaíso; documentar correspondencia de nivel, destinatarios y tipo de apoyo antes de corregir cifras.",https://www.pucv.cl/pucv/futuros-estudiantes/becas-y-beneficios | https://admision.pucv.cl/beneficios/,Revisar exclusión histórica: no ratificada; conservar original y no usar la exclusión como evidencia.,Sin lectura externa nueva en este diagnóstico; conserva la carencia del expediente.,
117,7da1a73e9d802a0e0d76bf67ccd91d25879519df9f645b3d8dd4dfb402650d92,Beca Copago Santo Tomas,Santo Tomás,EXCLUSION_HISTORICA_SIN_RATIFICAR,1,nem_minimo | regiones,Sin conflicto entre referencias originales,Complemento de arancel para cubrir brecha,60,,"{""fecha_inicio"": [""2026-01-01""], ""fecha_cierre"": [""2026-12-31""]}",El contenido de Tu Puedes recuperado no es texto legible. Mineduc 2026 distingue becas académicas y deportivas Santo Tomás; no demuestra beca genérica de copago con RSH 60.,,No borrar: falta evidencia positiva individual de duplicidad o fuera de alcance.,Localizar las bases o ficha específica de Beca Copago Santo Tomas en Santo Tomás; contrastar el beneficio y los destinatarios frente a la carencia individual descrita en el antecedente.,https://tupuedes.cl/becas-y-beneficios/,Revisar exclusión histórica: no ratificada; conservar original y no usar la exclusión como evidencia.,Sin lectura externa nueva en este diagnóstico; conserva la carencia del expediente.,
118,cf5a13346643aa8078e67571c454f401da0f9bf79486ff2cd1eb543ede05b134,Beca Deportiva UAI,Universidad Adolfo Ibanez,EXCLUSION_HISTORICA_SIN_RATIFICAR,1,nem_minimo | rsh_maximo,Sin conflicto entre referencias originales,25-50% arancel,,,"{""fecha_inicio"": [""2026-01-01""], ""fecha_cierre"": [""2026-12-31""]}",Admisión directa especial UAI acredita una vía de ingreso. No demuestra el descuento deportivo 25–50% ni que exista ayuda financiera asociada.,,No borrar: falta evidencia positiva individual de duplicidad o fuera de alcance.,Localizar las bases o ficha específica de Beca Deportiva UAI en Universidad Adolfo Ibanez; contrastar el beneficio y los destinatarios frente a la carencia individual descrita en el antecedente.,https://www.uai.cl/admision/como-postular/admision-directa-especial | https://admision.uai.cl/becas-y-beneficios/,Revisar exclusión histórica: no ratificada; conservar original y no usar la exclusión como evidencia.,Sin lectura externa nueva en este diagnóstico; conserva la carencia del expediente.,
119,b63145bc2bc7b48135118afcb914e671ce8d350ec138979cb4939c39f172cc02,Beca Hermanos UAI,Universidad Adolfo Ibanez,EXCLUSION_HISTORICA_SIN_RATIFICAR,1,nem_minimo | rsh_maximo,Sin conflicto entre referencias originales,25% arancel anual,,,"{""fecha_inicio"": [""2026-01-01""], ""fecha_cierre"": [""2026-12-31""]}",El catálogo UAI detalla puntajes y otras becas; no establece descuento de hermanos. No certificar 25% a partir de una página general.,,No borrar: falta evidencia positiva individual de duplicidad o fuera de alcance.,"Contrastar Beca Hermanos UAI con el apartado del programa de Universidad Adolfo Ibanez; documentar correspondencia de nivel, destinatarios y tipo de apoyo antes de corregir cifras.",https://www.uai.cl/admision/becas-y-aranceles/becas | https://admision.uai.cl/becas-y-beneficios/,Revisar exclusión histórica: no ratificada; conservar original y no usar la exclusión como evidencia.,Sin lectura externa nueva en este diagnóstico; conserva la carencia del expediente.,
120,83d07b99691da9504f6e88798c1328e38a92c2fac793afcf88e0d3f94d6f7fc0,Beca Deporte Destacado UAI,Universidad Adolfo Ibáñez,EXCLUSION_HISTORICA_SIN_RATIFICAR,1,nem_minimo | rsh_maximo,Sin conflicto entre referencias originales,30% a 50% descuento arancel,,,"{""fecha_inicio"": [""2026-01-01""], ""fecha_cierre"": [""2026-12-31""]}",La vía de deportista destacado UAI no prueba financiamiento ni rebaja de arancel del original.,,No borrar: falta evidencia positiva individual de duplicidad o fuera de alcance.,Localizar las bases o ficha específica de Beca Deporte Destacado UAI en Universidad Adolfo Ibáñez; contrastar el beneficio y los destinatarios frente a la carencia individual descrita en el antecedente.,https://www.uai.cl/admision/como-postular/admision-directa-especial | https://www.uai.cl/admision/becas-y-aranceles/becas,Revisar exclusión histórica: no ratificada; conservar original y no usar la exclusión como evidencia.,Sin lectura externa nueva en este diagnóstico; conserva la carencia del expediente.,
121,2eb06d5d5510162226c3140cf27af430eda6469758dea7357132fdeee5e04bbb,Beca Fomento Regional UAI,Universidad Adolfo Ibáñez,EXCLUSION_HISTORICA_SIN_RATIFICAR,2,nem_minimo | rsh_maximo,_columnas_extra | descripcion | descripcion_larga | documentos_requeridos | institucion | regiones | url,20% descuento arancel,,,"{""fecha_inicio"": [""2026-01-01""], ""fecha_cierre"": [""2026-12-31""]}",UAI Mantención Regiones aporta 50 UF anuales bajo condiciones propias. No corresponde al supuesto descuento de arancel de Fomento Regional.,,No borrar: falta evidencia positiva individual de duplicidad o fuera de alcance.,"Contrastar Beca Fomento Regional UAI con el apartado del programa de Universidad Adolfo Ibáñez; documentar correspondencia de nivel, destinatarios y tipo de apoyo antes de corregir cifras.",https://www.uai.cl/admision/becas-y-aranceles/becas | Beca Fomento Regional UAI con 20% de descuento del arancel para estudiantes con residencia familiar acreditada en regiones distintas a la Region Metropolitana. Incentiva la diversidad geografica en el campus. Documentos: certificado de residencia en region. matricula UAI. Renovable manteniendo calidad de alumno regular.,Revisar exclusión histórica: no ratificada; conservar original y no usar la exclusión como evidencia.,Sin lectura externa nueva en este diagnóstico; conserva la carencia del expediente.,
122,d31299b2e19fcc0dd645c9835dbc8e3ce844c6fc23eeaa02f26c8fe702f5f18e,Beca Hijo Funcionario UAI,Universidad Adolfo Ibáñez,EXCLUSION_HISTORICA_SIN_RATIFICAR,1,nem_minimo | rsh_maximo,Sin conflicto entre referencias originales,40% descuento arancel anual,,,"{""fecha_inicio"": [""2026-01-01""], ""fecha_cierre"": [""2026-12-31""]}",El catálogo de becas UAI no define beneficio para hijos de funcionarios; falta instrumento específico que permita comprobar cobertura y destinatarios.,,No borrar: falta evidencia positiva individual de duplicidad o fuera de alcance.,Localizar las bases o ficha específica de Beca Hijo Funcionario UAI en Universidad Adolfo Ibáñez; contrastar el beneficio y los destinatarios frente a la carencia individual descrita en el antecedente.,https://www.uai.cl/admision/becas-y-aranceles/becas,Revisar exclusión histórica: no ratificada; conservar original y no usar la exclusión como evidencia.,Sin lectura externa nueva en este diagnóstico; conserva la carencia del expediente.,
123,83840acd4c10e820a4db4a0f7c1fba524b7e382ea277f8c3784874536e8b447e,Beca Vocacion Social UAH,Universidad Alberto Hurtado,EXCLUSION_HISTORICA_SIN_RATIFICAR,1,rsh_maximo,Sin conflicto entre referencias originales,30% descuento arancel,,5.5,"{""fecha_inicio"": [""2026-01-01""], ""fecha_cierre"": [""2026-12-31""]}","El catálogo UAH distingue talentos, pedagogía y mérito deportivo; no acredita Vocación Social con descuento y voluntariado del original.",,No borrar: falta evidencia positiva individual de duplicidad o fuera de alcance.,Localizar las bases o ficha específica de Beca Vocacion Social UAH en Universidad Alberto Hurtado; contrastar el beneficio y los destinatarios frente a la carencia individual descrita en el antecedente.,https://admision.uahurtado.cl/becas-y-beneficios/,Revisar exclusión histórica: no ratificada; conservar original y no usar la exclusión como evidencia.,Sin lectura externa nueva en este diagnóstico; conserva la carencia del expediente.,
124,7f5037292bf58c5621286521ad656c054990f6cf18515e4ff4ee028d055d10fa,Beca de Apoyo Socioeconomico UAH,Universidad Alberto Hurtado,EXCLUSION_HISTORICA_SIN_RATIFICAR,1,nem_minimo,Sin conflicto entre referencias originales,Hasta 40% descuento arancel,60,,"{""fecha_inicio"": [""2026-01-01""], ""fecha_cierre"": [""2026-12-31""]}",El catálogo UAH no acredita una beca propia general de 40% de arancel con RSH 60. Gratuidad y ayudas estatales no son ese programa.,,No borrar: falta evidencia positiva individual de duplicidad o fuera de alcance.,"Contrastar Beca de Apoyo Socioeconomico UAH con el apartado del programa de Universidad Alberto Hurtado; documentar correspondencia de nivel, destinatarios y tipo de apoyo antes de corregir cifras.",https://admision.uahurtado.cl/becas-y-beneficios/,Revisar exclusión histórica: no ratificada; conservar original y no usar la exclusión como evidencia.,Sin lectura externa nueva en este diagnóstico; conserva la carencia del expediente.,
125,f0c9572600ee6cde88eba8f498d66d00ecf129ff379842ce655675431d3a63d1,Beca de Apoyo Institucional UNAP,Universidad Arturo Prat,EXCLUSION_HISTORICA_SIN_RATIFICAR,1,nem_minimo,Sin conflicto entre referencias originales,15-50% arancel,60,,"{""fecha_inicio"": [""2026-01-01""], ""fecha_cierre"": [""2026-12-31""]}","El reglamento UNAP describe apoyo excepcional con rendimiento y vulnerabilidad, discapacidad u otras causas. Falta demostrar correspondencia con la candidata genérica y su rebaja 15–50%; no trasladar automáticamente condiciones de otro beneficio.",,No borrar: falta evidencia positiva individual de duplicidad o fuera de alcance.,Localizar las bases o ficha específica de Beca de Apoyo Institucional UNAP en Universidad Arturo Prat; contrastar el beneficio y los destinatarios frente a la carencia individual descrita en el antecedente.,https://transparencia.unap.cl/activa/web/index.php?a=2026&action=plantillas_generar_archivo&ia=9310&ig=92&m=2 | https://admision.unap.cl/becas/,Revisar exclusión histórica: no ratificada; conservar original y no usar la exclusión como evidencia.,Sin lectura externa nueva en este diagnóstico; conserva la carencia del expediente.,
126,f88bb7b264553f2353696cfbecf1de2bb767000cc03aa82b7a3cb09251a49c0c,Beca Alumni UA,Universidad Autónoma de Chile,EXCLUSION_HISTORICA_SIN_RATIFICAR,1,nem_minimo | regiones | rsh_maximo,Sin conflicto entre referencias originales,20% descuento arancel anual,,,"{""fecha_inicio"": [""2026-01-01""], ""fecha_cierre"": [""2026-12-31""]}",El catálogo Autónoma identifica becas de puntaje y copago; no acredita descuento Alumni para segunda carrera de esta candidata.,,No borrar: falta evidencia positiva individual de duplicidad o fuera de alcance.,"Contrastar Beca Alumni UA con el apartado del programa de Universidad Autónoma de Chile; documentar correspondencia de nivel, destinatarios y tipo de apoyo antes de corregir cifras.",https://admision.uautonoma.cl/becas-y-creditos/becas-internas/,Revisar exclusión histórica: no ratificada; conservar original y no usar la exclusión como evidencia.,"Lectura visual completa de nueve páginas: resolución 193/2020, reglamento de ingreso 2021. Artículo 7 distribuye apoyo por regiones, hermanos, convenios, colegios y funcionarios; artículo 9–13 regula crédito reembolsable por necesidad económica. No identifica Alumni para segunda carrera ni una rebaja genérica por RSH del 15–40%. El archivo fue alojado en 2023 pero su alcance es 2021; no trasladarlo a 2026 ni reemplazar beca por préstamo.",https://www.uautonoma.cl/content/uploads/2023/07/universidad-autononoma-estudiantes-reglamento-de-becas-y-creditos.pdf
127,0eb2e27ef8fea6544e1097291e058a86a7d689d3150d65f40233dd356378c750,Beca Socioeconomica UA,Universidad Autónoma de Chile,EXCLUSION_HISTORICA_SIN_RATIFICAR,1,nem_minimo | regiones,Sin conflicto entre referencias originales,Hasta 40% descuento arancel segun evaluacion,60,,"{""fecha_inicio"": [""2026-01-01""], ""fecha_cierre"": [""2026-12-31""]}",Autónoma distingue copago sujeto a beneficios estatales y otras condiciones. No acredita la rebaja socioeconómica genérica de 15–40%.,,No borrar: falta evidencia positiva individual de duplicidad o fuera de alcance.,Localizar las bases o ficha específica de Beca Socioeconomica UA en Universidad Autónoma de Chile; contrastar el beneficio y los destinatarios frente a la carencia individual descrita en el antecedente.,https://admision.uautonoma.cl/becas-y-creditos/becas-internas/,Revisar exclusión histórica: no ratificada; conservar original y no usar la exclusión como evidencia.,"Lectura visual completa de nueve páginas: resolución 193/2020, reglamento de ingreso 2021. Artículo 7 distribuye apoyo por regiones, hermanos, convenios, colegios y funcionarios; artículo 9–13 regula crédito reembolsable por necesidad económica. No identifica Alumni para segunda carrera ni una rebaja genérica por RSH del 15–40%. El archivo fue alojado en 2023 pero su alcance es 2021; no trasladarlo a 2026 ni reemplazar beca por préstamo.",https://www.uautonoma.cl/content/uploads/2023/07/universidad-autononoma-estudiantes-reglamento-de-becas-y-creditos.pdf
128,1f5b64abcd3fbfbdb0f07a9c4b8f3e27c33931d3c570c7cb6b9a3ccc0d48d97c,Beca Socioeconomica UBO,Universidad Bernardo O'Higgins,EXCLUSION_HISTORICA_SIN_RATIFICAR,1,nem_minimo,Sin conflicto entre referencias originales,15% a 40% descuento arancel,60,,"{""fecha_inicio"": [""2026-01-01""], ""fecha_cierre"": [""2026-12-31""]}",La ficha UBO distingue convenios y ayudas propias. Falta el apartado que identifica la ayuda socioeconómica general y sus beneficiarios; no usar descuentos de convenios como equivalencia.,,No borrar: falta evidencia positiva individual de duplicidad o fuera de alcance.,Localizar las bases o ficha específica de Beca Socioeconomica UBO en Universidad Bernardo O'Higgins; contrastar el beneficio y los destinatarios frente a la carencia individual descrita en el antecedente.,https://admision.ubo.cl/financiamiento/,Revisar exclusión histórica: no ratificada; conservar original y no usar la exclusión como evidencia.,Sin lectura externa nueva en este diagnóstico; conserva la carencia del expediente.,
129,2e9e62d5e80a0773c231c899e11a1f8a0c554377f78bff67ac2a75ac6fb0c866,Beca Excelencia Académica UCSH,Universidad Católica Silva Henriquez,EXCLUSION_HISTORICA_SIN_RATIFICAR,1,rsh_maximo,Sin conflicto entre referencias originales,40% arancel duracion carrera,,5.8,"{""fecha_inicio"": [""2026-01-01""], ""fecha_cierre"": [""2026-12-31""]}","Instructivo UCSH alojado en enero 2024 e identificado internamente 2023: Excelencia Complementaria rebaja 20% para beneficiarios BEA Mineduc. Contradice asignación automática de 40% por NEM 5,8; no acredita identidad de esa beca propia genérica.",,No borrar: falta evidencia positiva individual de duplicidad o fuera de alcance.,Localizar las bases o ficha específica de Beca Excelencia Académica UCSH en Universidad Católica Silva Henriquez; contrastar el beneficio y los destinatarios frente a la carencia individual descrita en el antecedente.,https://www.ucsh.cl/assets/uploads/2024/01/Instructivos-Ayudas-Estudiantiles-ENERO-2024.pdf | https://admision.ucsh.cl/becas-y-beneficios/,Revisar exclusión histórica: no ratificada; conservar original y no usar la exclusión como evidencia.,Sin lectura externa nueva en este diagnóstico; conserva la carencia del expediente.,
130,ee4ccb1aa4a89edcfd46d1e017ee676f143f27985d44e9701a118d93e1bfdfaa,Beca Socioeconomica UCSC,Universidad Católica de la Santísima Concepción,EXCLUSION_HISTORICA_SIN_RATIFICAR,1,nem_minimo,Sin conflicto entre referencias originales,Hasta 40% descuento arancel,60,,"{""fecha_inicio"": [""2026-01-01""], ""fecha_cierre"": [""2026-12-31""]}",La ficha UCSC es un acceso al financiamiento; Mineduc 2026 distingue beneficios académicos y otras modalidades. No acredita socioeconómica general con RSH 60.,,No borrar: falta evidencia positiva individual de duplicidad o fuera de alcance.,"Contrastar Beca Socioeconomica UCSC con el apartado del programa de Universidad Católica de la Santísima Concepción; documentar correspondencia de nivel, destinatarios y tipo de apoyo antes de corregir cifras.",https://admision.ucsc.cl/becas-y-beneficios/,Revisar exclusión histórica: no ratificada; conservar original y no usar la exclusión como evidencia.,Sin lectura externa nueva en este diagnóstico; conserva la carencia del expediente.,
131,805b6e58c31cda7605f9e2eb6f70c69176bed44854792ff519e2c813a97376d9,Beca Fundadores UCentral,Universidad Central de Chile,REQUIERE_ACLARACION,1,rsh_maximo,Sin conflicto entre referencias originales,30% a 50% descuento arancel,,5.8,"{""fecha_inicio"": [""2026-01-01""], ""fecha_cierre"": [""2026-12-31""]}","El catálogo UCEN define becas U. Central, Complementaria, Deportiva, Filiación y Emergencia Social. No identifica Fundadores con los requisitos originales.",,No borrar: falta evidencia positiva individual de duplicidad o fuera de alcance.,Localizar las bases o ficha específica de Beca Fundadores UCentral en Universidad Central de Chile; contrastar el beneficio y los destinatarios frente a la carencia individual descrita en el antecedente.,https://admision.ucentral.cl/becas-y-financiamiento/becas-ucen-aplicables-desde-primer-ano/ | https://www.ucentral.cl/admision/becas-y-beneficios,Conservar inactiva; completar la comprobación esencial indicada.,Sin lectura externa nueva en este diagnóstico; conserva la carencia del expediente.,
132,58c8bafe48f523b309998df46b2dba7d9aaec8ef91525886a73a5af0f4a152a7,Beca Deportiva UMayor,Universidad Mayor,EXCLUSION_HISTORICA_SIN_RATIFICAR,1,nem_minimo | rsh_maximo,Sin conflicto entre referencias originales,25% descuento arancel semestral,,,"{""fecha_inicio"": [""2026-01-01""], ""fecha_cierre"": [""2026-12-31""]}",El catálogo Universidad Mayor enlaza reglamento y becas por convenio; falta apartado deportivo que respalde rebaja 25% semestral.,,No borrar: falta evidencia positiva individual de duplicidad o fuera de alcance.,Localizar las bases o ficha específica de Beca Deportiva UMayor en Universidad Mayor; contrastar el beneficio y los destinatarios frente a la carencia individual descrita en el antecedente.,https://www.admisionmayor.cl/becas-y-creditos,Revisar exclusión histórica: no ratificada; conservar original y no usar la exclusión como evidencia.,"Reglamento 2026: artículo 9 enumera modalidades; “Espíritu Emprendedor” es el nombre del sistema, no una beca individual del 20%. Artículos 108–109 mencionan seleccionados deportivos dentro de un crédito interno de hasta 150 UF: préstamo y deuda, no rebaja deportiva semestral del 25%. Se leyó el catálogo y el apartado pertinente; falta una cláusula específica del beneficio que afirma esta candidata.",https://www.umayor.cl/um/bundles/umayor/descargables/um/Reglamento-Sistema-de-Apoyo-y-Becas-2026.pdf
133,28419e40546a00015949dfd6c4a3a002aa17bac9befd30109cde13d7ecd87019,Beca Talento Emprendedor UMayor,Universidad Mayor,EXCLUSION_HISTORICA_SIN_RATIFICAR,1,nem_minimo | regiones | rsh_maximo,Sin conflicto entre referencias originales,20% descuento arancel anual,,,"{""fecha_inicio"": [""2026-01-01""], ""fecha_cierre"": [""2026-12-31""]}",Espíritu Emprendedor es denominación de un sistema institucional en Mineduc 2026. No acredita una beca Talento Emprendedor individual de 20%.,,No borrar: falta evidencia positiva individual de duplicidad o fuera de alcance.,Localizar las bases o ficha específica de Beca Talento Emprendedor UMayor en Universidad Mayor; contrastar el beneficio y los destinatarios frente a la carencia individual descrita en el antecedente.,https://www.admisionmayor.cl/becas-y-creditos,Revisar exclusión histórica: no ratificada; conservar original y no usar la exclusión como evidencia.,"Reglamento 2026: artículo 9 enumera modalidades; “Espíritu Emprendedor” es el nombre del sistema, no una beca individual del 20%. Artículos 108–109 mencionan seleccionados deportivos dentro de un crédito interno de hasta 150 UF: préstamo y deuda, no rebaja deportiva semestral del 25%. Se leyó el catálogo y el apartado pertinente; falta una cláusula específica del beneficio que afirma esta candidata.",https://www.umayor.cl/um/bundles/umayor/descargables/um/Reglamento-Sistema-de-Apoyo-y-Becas-2026.pdf
134,cfb90f338bf474a6fd91fba28d38420f6cc7ae5a338cf3383d0ff54b6e0c7598,Beca de Arancel UdeC,Universidad de Concepción,EXCLUSION_HISTORICA_SIN_RATIFICAR,1,nem_minimo,Sin conflicto entre referencias originales,Hasta 100% arancel anual,60,,"{""fecha_inicio"": [""2026-01-01""], ""fecha_cierre"": [""2026-12-31""]}","UdeC diferencia becas por carrera, mérito y apoyos de alimentación. No demuestra beca general de arancel 50–100% por situación social.",,No borrar: falta evidencia positiva individual de duplicidad o fuera de alcance.,Localizar las bases o ficha específica de Beca de Arancel UdeC en Universidad de Concepción; contrastar el beneficio y los destinatarios frente a la carencia individual descrita en el antecedente.,https://admision.udec.cl/beneficios/ | https://admision.udec.cl/becas-y-beneficios/,Revisar exclusión histórica: no ratificada; conservar original y no usar la exclusión como evidencia.,Sin lectura externa nueva en este diagnóstico; conserva la carencia del expediente.,
135,8be893cd6d836b64c8865febc653653af6cb1fed5a4a7180a542d316dc5a9967,Beca Deportiva UFRO,Universidad de La Frontera,REQUIERE_ACLARACION,2,nem_minimo | rsh_maximo,descripcion | descripcion_larga | documentos_requeridos | monto,25% descuento arancel para deportistas destacados | 25-50% arancel,,,"{""fecha_inicio"": [""2026-01-01""], ""fecha_cierre"": [""2026-12-31""]}",El documento Mineduc describe varios programas universitarios. El apartado UFRO no acredita la ayuda deportiva de la candidata; no utilizar texto de otra universidad del PDF.,,No borrar: falta evidencia positiva individual de duplicidad o fuera de alcance.,Localizar las bases o ficha específica de Beca Deportiva UFRO en Universidad de La Frontera; contrastar el beneficio y los destinatarios frente a la carencia individual descrita en el antecedente.,https://acceso.mineduc.cl/wp-content/uploads/2024/11/Servicios-2025_19_11_24_compressed.pdf | https://admision.ufro.cl/becas-y-beneficios/,Conservar inactiva; completar la comprobación esencial indicada.,Sin lectura externa nueva en este diagnóstico; conserva la carencia del expediente.,
136,d5f97ce59d9fba8b7820cfa630c6cc9e8c257564e04394118a9bd49d43dae997,Beca de Apoyo Socioeconomico UFRO,Universidad de La Frontera,REQUIERE_ACLARACION,1,nem_minimo,Sin conflicto entre referencias originales,Apoyo economico segun evaluacion social,60,,"{""fecha_inicio"": [""2026-01-01""], ""fecha_cierre"": [""2026-12-31""]}",La ficha de mantención UFRO describe beneficios JUNAEB; no identifica beca propia general mensual de apoyo socioeconómico.,,No borrar: falta evidencia positiva individual de duplicidad o fuera de alcance.,Localizar las bases o ficha específica de Beca de Apoyo Socioeconomico UFRO en Universidad de La Frontera; contrastar el beneficio y los destinatarios frente a la carencia individual descrita en el antecedente.,https://acceso.mineduc.cl/wp-content/uploads/2024/11/Servicios-2025_19_11_24_compressed.pdf | https://admision.ufro.cl/becas-y-beneficios/,Conservar inactiva; completar la comprobación esencial indicada.,Sin lectura externa nueva en este diagnóstico; conserva la carencia del expediente.,
137,eca3a961c94b847ef1e8f6c0c119a377bd1f91968ba7ab68d0a3f2808d318677,Beca Excelencia Académica UMAG,Universidad de Magallanes,REQUIERE_ACLARACION,1,nem_minimo | rsh_maximo,Sin conflicto entre referencias originales,15-100% arancel,,,"{""fecha_inicio"": [""2026-01-01""], ""fecha_cierre"": [""2026-12-31""]}",UMAG distingue puntajes altos y distinción de trayectorias. No acredita la beca genérica de excelencia del original sin correspondencia de modalidad.,,No borrar: falta evidencia positiva individual de duplicidad o fuera de alcance.,"Contrastar Beca Excelencia Académica UMAG con el apartado del programa de Universidad de Magallanes; documentar correspondencia de nivel, destinatarios y tipo de apoyo antes de corregir cifras.",https://admision.umag.cl/becas/ | https://admision.umag.cl/?page_id=4099 | https://acceso.mineduc.cl/wp-content/uploads/2025/11/SERV-Y-BENEF-2026-181125.pdf | https://admision.umag.cl/?page_id=678,Conservar inactiva; completar la comprobación esencial indicada.,Sin lectura externa nueva en este diagnóstico; conserva la carencia del expediente.,
138,ec336267e6863dc06ee5e692b4fba940673ba7c826abf8eb150a800d87e0940c,Beca de Mantención UMAG,Universidad de Magallanes,REQUIERE_ACLARACION,1,nem_minimo,Sin conflicto entre referencias originales,Alojamiento y alimentacion,60,,"{""fecha_inicio"": [""2026-01-01""], ""fecha_cierre"": [""2026-12-31""]}",UMAG distingue alimentación con copago y alojamiento monetario. No acredita una ayuda general de mantención para todos los gastos.,,No borrar: falta evidencia positiva individual de duplicidad o fuera de alcance.,"Contrastar Beca de Mantención UMAG con el apartado del programa de Universidad de Magallanes; documentar correspondencia de nivel, destinatarios y tipo de apoyo antes de corregir cifras.",https://admision.umag.cl/becas/ | https://acceso.mineduc.cl/wp-content/uploads/2025/11/SERV-Y-BENEF-2026-181125.pdf | https://admision.umag.cl/?page_id=678,Conservar inactiva; completar la comprobación esencial indicada.,Sin lectura externa nueva en este diagnóstico; conserva la carencia del expediente.,
139,329107086a1ae9bdd602e66bcc8067941be5b9d5aef977702c312e2e1a7eaccd,Beca de Residencia UPLA,Universidad de Playa Ancha,EXCLUSION_HISTORICA_SIN_RATIFICAR,1,nem_minimo,Sin conflicto entre referencias originales,Cupo en residencia o subsidio,60,,"{""fecha_inicio"": [""2026-01-01""], ""fecha_cierre"": [""2026-12-31""]}","Beneficios UPLA describe préstamos para dificultades de alojamiento, sujetos a evaluación y reintegro. No acredita una beca propia de residencia; BRI JUNAEB es otra modalidad.",,No borrar: falta evidencia positiva individual de duplicidad o fuera de alcance.,"Contrastar Beca de Residencia UPLA con el apartado del programa de Universidad de Playa Ancha; documentar correspondencia de nivel, destinatarios y tipo de apoyo antes de corregir cifras.",https://www.upla.cl/desarrolloestudiantil/beneficios-estudiantiles-upla/ | https://www.upla.cl/admision/becas-y-beneficios/,Revisar exclusión histórica: no ratificada; conservar original y no usar la exclusión como evidencia.,Sin lectura externa nueva en este diagnóstico; conserva la carencia del expediente.,
140,b1a2df581f33a23e380d1c9ff533c236b0a037797f6b65b26fe1011f13ab47ff,Beca de Excelencia Académica USACH,Universidad de Santiago de Chile,REQUIERE_ACLARACION,1,rsh_maximo,Sin conflicto entre referencias originales,50% arancel anual,,5.8,"{""fecha_inicio"": [""2026-01-01""], ""fecha_cierre"": [""2026-12-31""]}","El enlace VRAE USACH devuelve 404. Mineduc 2026 identifica DTE, pero no demuestra correspondencia con la rebaja genérica de excelencia 50%.",,No borrar: falta evidencia positiva individual de duplicidad o fuera de alcance.,Localizar las bases o ficha específica de Beca de Excelencia Académica USACH en Universidad de Santiago de Chile; contrastar el beneficio y los destinatarios frente a la carencia individual descrita en el antecedente.,https://vrae.usach.cl/beneficios-estudiantiles | https://acceso.mineduc.cl/wp-content/uploads/2025/11/SERV-Y-BENEF-2026-181125.pdf,Conservar inactiva; completar la comprobación esencial indicada.,Sin lectura externa nueva en este diagnóstico; conserva la carencia del expediente.,
141,7bef7d41d7b3ee6e69e8c2af55f784beab29a49f3476ff21b09128d34946bae3,Beca de Apoyo Estudiantil UTA,Universidad de Tarapacá,EXCLUSION_HISTORICA_SIN_RATIFICAR,1,nem_minimo,Sin conflicto entre referencias originales,Apoyo economico mensual segun evaluacion,60,,"{""fecha_inicio"": [""2026-01-01""], ""fecha_cierre"": [""2026-12-31""]}","UTA distingue alimentación, prácticas, internado y ayuda de viaje, cada una con destinatarios. No confirma un aporte general de apoyo estudiantil sin precisar modalidad.",,No borrar: falta evidencia positiva individual de duplicidad o fuera de alcance.,Localizar las bases o ficha específica de Beca de Apoyo Estudiantil UTA en Universidad de Tarapacá; contrastar el beneficio y los destinatarios frente a la carencia individual descrita en el antecedente.,https://webdae.uta.cl/index.php/beneficios-complementarios/ | https://webdae.uta.cl/index.php/becas/,Revisar exclusión histórica: no ratificada; conservar original y no usar la exclusión como evidencia.,Sin lectura externa nueva en este diagnóstico; conserva la carencia del expediente.,
142,33ec94d4fb3a968b3de117432023d23c16f0f8309478f65c576115e780cf56a9,Beca de Apoyo Socioeconomico UV,Universidad de Valparaíso,REQUIERE_ACLARACION,1,nem_minimo | regiones,Sin conflicto entre referencias originales,Apoyo economico segun evaluacion social,60,,"{""fecha_inicio"": [""2026-01-01""], ""fecha_cierre"": [""2026-12-31""]}",Mineduc 2026 distingue apoyo arancelario y Solidaridad Estudiantil UV. No demuestra correspondencia con la ayuda monetaria genérica original.,,No borrar: falta evidencia positiva individual de duplicidad o fuera de alcance.,Localizar las bases o ficha específica de Beca de Apoyo Socioeconomico UV en Universidad de Valparaíso; contrastar el beneficio y los destinatarios frente a la carencia individual descrita en el antecedente.,https://acceso.mineduc.cl/wp-content/uploads/2025/11/SERV-Y-BENEF-2026-181125.pdf | Beneficio de Bienestar Estudiantil de la DAE UV que entrega apoyo economico a estudiantes con acreditacion socioeconomica vigente. Evaluado por el equipo de Asistentes Sociales de la Direccion de Asuntos Estudiantiles. Documentos: certificado RSH. informe social. cartola de alumno regular. Requiere pertenecer al 60% mas vulnerable. Renovacion anual con reevaluacion.,Conservar inactiva; completar la comprobación esencial indicada.,Sin lectura externa nueva en este diagnóstico; conserva la carencia del expediente.,
143,92e4ad7a0560c3a831af47c3412ee193c26746839a7b4fbc7e949183226b0c26,Beca Alumni UDD,Universidad del Desarrollo,EXCLUSION_HISTORICA_SIN_RATIFICAR,1,nem_minimo | regiones | rsh_maximo,Sin conflicto entre referencias originales,20% descuento arancel,,,"{""fecha_inicio"": [""2026-01-01""], ""fecha_cierre"": [""2026-12-31""]}",El catálogo UDD no acredita descuento Alumni para segunda carrera; un testimonio de egresado no prueba beneficio financiero.,,No borrar: falta evidencia positiva individual de duplicidad o fuera de alcance.,Localizar las bases o ficha específica de Beca Alumni UDD en Universidad del Desarrollo; contrastar el beneficio y los destinatarios frente a la carencia individual descrita en el antecedente.,https://www.udd.cl/admision/becas/,Revisar exclusión histórica: no ratificada; conservar original y no usar la exclusión como evidencia.,Sin lectura externa nueva en este diagnóstico; conserva la carencia del expediente.,
144,635cf6ce0b82c6c433f06f0106aaf7517e423bc0b35ab1d61cd78675582db316,Beca Convenio Empresas UDD,Universidad del Desarrollo,EXCLUSION_HISTORICA_SIN_RATIFICAR,1,nem_minimo | regiones | rsh_maximo,Sin conflicto entre referencias originales,10% a 30% descuento arancel,,,"{""fecha_inicio"": [""2026-01-01""], ""fecha_cierre"": [""2026-12-31""]}",Los convenios UDD de instituciones específicas no acreditan un descuento general para trabajadores de empresas privadas.,,No borrar: falta evidencia positiva individual de duplicidad o fuera de alcance.,"Contrastar Beca Convenio Empresas UDD con el apartado del programa de Universidad del Desarrollo; documentar correspondencia de nivel, destinatarios y tipo de apoyo antes de corregir cifras.",https://www.udd.cl/admision/becas/,Revisar exclusión histórica: no ratificada; conservar original y no usar la exclusión como evidencia.,Sin lectura externa nueva en este diagnóstico; conserva la carencia del expediente.,
145,e553144c6bf6ba33aed11e5686df067afdf6b8b07b621e2519997b7e7385953e,Beca Hijo Funcionario UDD,Universidad del Desarrollo,EXCLUSION_HISTORICA_SIN_RATIFICAR,1,nem_minimo | regiones | rsh_maximo,Sin conflicto entre referencias originales,40% descuento arancel anual,,,"{""fecha_inicio"": [""2026-01-01""], ""fecha_cierre"": [""2026-12-31""]}",La página de admisión directa Medicina UDD define postulación y documentos de ingreso; no acredita beca de hijos de funcionarios.,,No borrar: falta evidencia positiva individual de duplicidad o fuera de alcance.,Localizar las bases o ficha específica de Beca Hijo Funcionario UDD en Universidad del Desarrollo; contrastar el beneficio y los destinatarios frente a la carencia individual descrita en el antecedente.,https://medicina.udd.cl/medicina-santiago/admision-directa/ | https://www.udd.cl/admision/becas/,Revisar exclusión histórica: no ratificada; conservar original y no usar la exclusión como evidencia.,Sin lectura externa nueva en este diagnóstico; conserva la carencia del expediente.,
146,61c89463a41b047f3c0d9cdc29eb0511549fc9f907a9fc7f6388afc82fd836a4,Beca Socioeconomica UDD,Universidad del Desarrollo,EXCLUSION_HISTORICA_SIN_RATIFICAR,2,nem_minimo,descripcion | descripcion_larga | documentos_requeridos | monto | regiones | url,Hasta 50% descuento arancel | Hasta 50% arancel,60,,"{""fecha_inicio"": [""2026-01-01""], ""fecha_cierre"": [""2026-12-31""]}",Mineduc 2026 identifica Beca CAE/copago en el grupo socioeconómico UDD. Falta ficha de sus condiciones y correspondencia con la rebaja genérica de hasta 50%; el catálogo de admisión no basta.,,No borrar: falta evidencia positiva individual de duplicidad o fuera de alcance.,Localizar las bases o ficha específica de Beca Socioeconomica UDD en Universidad del Desarrollo; contrastar el beneficio y los destinatarios frente a la carencia individual descrita en el antecedente.,https://admision.udd.cl/becas/,Revisar exclusión histórica: no ratificada; conservar original y no usar la exclusión como evidencia.,Sin lectura externa nueva en este diagnóstico; conserva la carencia del expediente.,
