candidato,nombre,institucion,estado,grupo_variantes,estado_variantes,campos_historicos_distintos,informe_conciliacion,informes
66485691272bfd880740e0a666b838cdfdf752d658b91ba2eb0e12fb3dc63001,Aporte Económico para Educación Superior,Municipalidad de Santiago,CONFIRMADA_ESENCIAL,True,PENDIENTE_CONCILIACION,descripcion; descripcion_larga; documentos_requeridos; fecha_cierre; monto; nem_minimo; tipo_beca; url,,../REVISION_SANTIAGO_LASERENA.md; CONFIRMACION_ESENCIAL_MUNICIPALES_50.md
c3449bf488fef3e4b256bd8d8faee4d3d38d0e215b646a93920ad810d17cd284,Beca Municipal Educación Superior Maipu,Municipalidad de Maipu,CONFIRMADA_ESENCIAL,True,CONCILIADO,descripcion; descripcion_larga; documentos_requeridos; monto,variantes/CONCILIACION_MAIPU_EL_QUISCO.md,../REVISION_MUNICIPALES_32.md; CONFIRMACION_ESENCIAL_MUNICIPALES_97.md
4e0757693c20c0a85c96ec08610b90795a1d274a1554c8cdc08fdf8818fc1cab,Beca Municipal Educación Superior Puente Alto,Municipalidad de Puente Alto,CONFIRMADA_ESENCIAL,True,PENDIENTE_CONCILIACION,descripcion; descripcion_larga; documentos_requeridos; monto,,../REVISION_MUNICIPALES_SIGUIENTES_32.md; CONFIRMACION_ESENCIAL_MUNICIPALES_50.md; CONFIRMACION_ESENCIAL_MUNICIPALES_97.md
bcf0f46a8e57d8c6393ed52c9728f1aae74ac4b4633b4f8620fd2559a9ca96a0,Beca Municipal Educación Superior La Florida,Municipalidad de La Florida,PENDIENTE_CONFIRMACION_COMPLETA,True,PENDIENTE_CONCILIACION,descripcion; descripcion_larga; documentos_requeridos; monto,,../REVISION_MUNICIPALES_32.md; CONFIRMACION_ESENCIAL_MUNICIPALES_50.md; CONFIRMACION_ESENCIAL_MUNICIPALES_97.md
38c88eb393da1b2ae1d40c9f7f229d716141115820912ff93bd13f8edf4687da,Beca Municipal Educación Superior Quilpue,Municipalidad de Quilpue,PENDIENTE_CONFIRMACION_COMPLETA,True,PENDIENTE_CONCILIACION,descripcion; descripcion_larga; documentos_requeridos; fecha_cierre; fecha_inicio; monto,,../REVISION_MUNICIPALES_SIGUIENTES_32.md; CONFIRMACION_ESENCIAL_MUNICIPALES_97.md; CONFIRMACION_ESENCIAL_MUNICIPALES_SEGUNDO_50.md
c21da95a1b806b83d898e0790f1ad6a8d7dfada981df871e2604864ba98fb715,Beca Municipal Educación Superior Villa Alemana,Municipalidad de Villa Alemana,PENDIENTE_CONFIRMACION_COMPLETA,True,PENDIENTE_CONCILIACION,descripcion; descripcion_larga; documentos_requeridos; fecha_cierre; fecha_inicio; monto,,../REVISION_MUNICIPALES_SIGUIENTES_32.md; CONFIRMACION_ESENCIAL_MUNICIPALES_97.md; CONFIRMACION_ESENCIAL_MUNICIPALES_SEGUNDO_50.md
cddf9c877f17413c534f34ec36c7c28be662cfffd14ce0989d52f5dd218fdd6d,Beca Municipal de Educación Superior Viña del Mar,Municipalidad de Viña del Mar,PENDIENTE_CONFIRMACION_COMPLETA,True,PENDIENTE_CONCILIACION,descripcion; descripcion_larga; documentos_requeridos; fecha_cierre; institucion; monto; nem_minimo; tipo_beca,,../REVISION_MUNICIPALES_33.md; CONFIRMACION_ESENCIAL_MUNICIPALES_50.md; CONFIRMACION_ESENCIAL_MUNICIPALES_97.md
b9853a50ac6449a5f933f87aa7c7dbcc26a735d7399bd1ea7aa1296e20584cb8,Beca de Pasajes Viña del Mar,Municipalidad de Viña del Mar,PENDIENTE_CONFIRMACION_COMPLETA,True,PENDIENTE_CONCILIACION,descripcion_larga; documentos_requeridos; fecha_cierre; institucion; monto; nem_minimo,,../REVISION_MUNICIPALES_33.md; CONFIRMACION_ESENCIAL_MUNICIPALES_50.md; CONFIRMACION_ESENCIAL_MUNICIPALES_97.md
f84e049175177d690886a6c79b0793844cec14b0d7eefabfa23b34c6b22f44fc,Beca de Transporte Escolar Superior Santiago,Municipalidad de Santiago,PENDIENTE_CONFIRMACION_COMPLETA,True,PENDIENTE_CONCILIACION,descripcion; descripcion_larga; documentos_requeridos; fecha_cierre; monto; nem_minimo; url,,../REVISION_SANTIAGO_LASERENA.md; CONFIRMACION_ESENCIAL_MUNICIPALES_50.md
aa013b0146553e7b0e067b6f4679bc116ca2adb1d0236724a07e06c2632f743c,Beca Municipalidad de Valparaíso DIDECO,Municipalidad de Valparaíso,PENDIENTE_CONFIRMACION_COMPLETA,True,PENDIENTE_CONCILIACION,descripcion; descripcion_larga; documentos_requeridos; fecha_cierre; institucion; monto; nem_minimo; tipo_beca,,../REVISION_MUNICIPALES_33.md; CONFIRMACION_ESENCIAL_MUNICIPALES_50.md; CONFIRMACION_ESENCIAL_MUNICIPALES_97.md
80328011768c2c041309c054119de2d6507bff94e8c44f7e3936689fcb085068,Beca de Transporte Valparaíso,Municipalidad de Valparaíso,PENDIENTE_CONFIRMACION_COMPLETA,True,PENDIENTE_CONCILIACION,descripcion_larga; documentos_requeridos; fecha_cierre; institucion; nem_minimo,,../REVISION_MUNICIPALES_33.md; CONFIRMACION_ESENCIAL_MUNICIPALES_50.md; CONFIRMACION_ESENCIAL_MUNICIPALES_97.md
d840f752644fa6f45b665e45970e8bf8289c6fc5d3cf681ed629b551eeecf97b,Aporte Económico Municipal Algarrobo,Municipalidad de Algarrobo,CONFIRMADA_ESENCIAL,True,PENDIENTE_CONCILIACION,descripcion; descripcion_larga; documentos_requeridos; monto; nem_minimo; tipo_beca,,../REVISION_MUNICIPALES_33.md; CONFIRMACION_ESENCIAL_MUNICIPALES_50.md; CONFIRMACION_ESENCIAL_MUNICIPALES_97.md
16a87f1001172cd1fe3a85de4a9c84690d53a5532b890db085fdb1017d563322,Aporte de Movilidad y Combustible Algarrobo,Municipalidad de Algarrobo,PENDIENTE_CONFIRMACION_COMPLETA,True,PENDIENTE_CONCILIACION,descripcion; descripcion_larga; documentos_requeridos; fecha_cierre; monto; nem_minimo,,../REVISION_MUNICIPALES_33.md; CONFIRMACION_ESENCIAL_MUNICIPALES_50.md; CONFIRMACION_ESENCIAL_MUNICIPALES_97.md
8e38dda69434f4e087d5dba1f07d1a258b10f1072a4e0be5b2c059edfd7c206b,Beca Municipal de Educación Superior La Serena,Municipalidad de La Serena,PENDIENTE_CONFIRMACION_COMPLETA,True,PENDIENTE_CONCILIACION,descripcion; descripcion_larga; documentos_requeridos; fecha_cierre; monto; nem_minimo; tipo_beca; url,,../REVISION_SANTIAGO_LASERENA.md; CONFIRMACION_ESENCIAL_MUNICIPALES_50.md
82e713f0fbea43f22b9bfa7c6641b139e5f012e85a896aaad1d3d4194e7fdcd3,Subsidio de Pasajes La Serena,Municipalidad de La Serena,PENDIENTE_CONFIRMACION_COMPLETA,True,PENDIENTE_CONCILIACION,descripcion; descripcion_larga; documentos_requeridos; fecha_cierre; nem_minimo; url,,../REVISION_SANTIAGO_LASERENA.md; CONFIRMACION_ESENCIAL_MUNICIPALES_50.md
18e1550121f574042d69816d620bee87afe404c09daf0a802e77c73b1ec10702,Beca Municipal de Educación Superior El Quisco,Municipalidad de El Quisco,CONFIRMADA_ESENCIAL,True,CONCILIADO,descripcion; descripcion_larga; documentos_requeridos; fecha_cierre; fecha_inicio; monto,variantes/CONCILIACION_MAIPU_EL_QUISCO.md,../REVISION_MUNICIPALES_33.md; CONFIRMACION_ESENCIAL_MUNICIPALES_97.md
2eb06d5d5510162226c3140cf27af430eda6469758dea7357132fdeee5e04bbb,Beca Fomento Regional UAI,Universidad Adolfo Ibáñez,DESCARTADA_EDITORIAL,True,DESCARTADO_EDITORIAL,descripcion; descripcion_larga; documentos_requeridos; institucion; regiones,,../REVISION_OTRAS_UNIVERSIDADES_45.md; CONFIRMACION_ESENCIAL_LOTE_62.md; CONFIRMACION_ESENCIAL_UAI_UDLA_ULAGOS_13.md; DESCARTE_EDITORIAL_SEGUNDO_LOTE_50.md
53e222463ef2465e09c5f0f2df32431163625b0939925ae40b86c676efa6a889,Beca Titulado AIEP,AIEP,DESCARTADA_EDITORIAL,False,SIN_GRUPO_REPETIDO,,,../REVISION_DUOC_AIEP.md; CONFIRMACION_ESENCIAL_INSTITUCIONES_52.md; CONFIRMACION_ESENCIAL_INSTITUTOS_UAH_UCENTRAL_38.md; DESCARTE_EDITORIAL_INSTITUCIONES_53.md; REVISION_ESENCIAL_INSTITUCIONES_SEGUIMIENTO_53.md
d5a265b509cf2ce442824708f2fcc3f4d3bde0dc2b80ce41dcc0518385ceaa85,Beca Familiar AIEP,AIEP,DESCARTADA_EDITORIAL,False,SIN_GRUPO_REPETIDO,,,../REVISION_DUOC_AIEP.md; CONFIRMACION_ESENCIAL_INSTITUCIONES_52.md; CONFIRMACION_ESENCIAL_INSTITUTOS_UAH_UCENTRAL_38.md; DESCARTE_EDITORIAL_INSTITUCIONES_53.md; REVISION_ESENCIAL_INSTITUCIONES_SEGUIMIENTO_53.md
160a1cab2e384797a962f81c8e4ed47fb141241cedb66edea200042202088d29,Beca Mérito Académico AIEP,AIEP,CONFIRMADA_ESENCIAL,False,SIN_GRUPO_REPETIDO,,,../REVISION_DUOC_AIEP.md; CONFIRMACION_ESENCIAL_INSTITUTOS_UAH_UCENTRAL_38.md
d786c0d8bb8c75483d5bc1d905eb79adf5ce62b0fe1a050ef4bc72b605314c85,Beca Deportiva AIEP,AIEP,CONFIRMADA_ESENCIAL,False,SIN_GRUPO_REPETIDO,,,../REVISION_DUOC_AIEP.md; CONFIRMACION_ESENCIAL_INSTITUTOS_UAH_UCENTRAL_38.md
1c47d8aba6a0d077201251fe750018ee5237e9ba394c6674085171b14e630c95,Beca Convenio Empresas AIEP,AIEP,DESCARTADA_EDITORIAL,False,SIN_GRUPO_REPETIDO,,,../REVISION_DUOC_AIEP.md; CONFIRMACION_ESENCIAL_INSTITUCIONES_52.md; CONFIRMACION_ESENCIAL_INSTITUTOS_UAH_UCENTRAL_38.md; DESCARTE_EDITORIAL_INSTITUCIONES_53.md; REVISION_ESENCIAL_INSTITUCIONES_SEGUIMIENTO_53.md
ea0b3c58661cd4a8bb7fdcb61928b14a0790903b6fbfe7b1a739ba28d7365e30,Beca Excelencia Académica ENAC,CFT ENAC,DESCARTADA_EDITORIAL,False,SIN_GRUPO_REPETIDO,,,../REVISION_ENAC_IPCHILE.md; CONFIRMACION_ESENCIAL_INSTITUCIONES_52.md; CONFIRMACION_ESENCIAL_INSTITUTOS_UAH_UCENTRAL_38.md; DESCARTE_EDITORIAL_INSTITUCIONES_53.md; REVISION_ESENCIAL_INSTITUCIONES_SEGUIMIENTO_53.md
317fc4e2853c759fae7d0742bb8613f5dda0fdd0a57437f63741d2df0e998bc5,Beca Apoyo Familiar ENAC,CFT ENAC,DESCARTADA_EDITORIAL,False,SIN_GRUPO_REPETIDO,,,../REVISION_ENAC_IPCHILE.md; CONFIRMACION_ESENCIAL_INSTITUCIONES_52.md; CONFIRMACION_ESENCIAL_INSTITUTOS_UAH_UCENTRAL_38.md; DESCARTE_EDITORIAL_INSTITUCIONES_53.md; REVISION_ESENCIAL_INSTITUCIONES_SEGUIMIENTO_53.md
1e99953c14c855e25d0c8dc49e63a2b99a3957f9459258142435bfe2bf1a5656,Beca Vocacion de Servicio ENAC,CFT ENAC,DESCARTADA_EDITORIAL,False,SIN_GRUPO_REPETIDO,,,../REVISION_ENAC_IPCHILE.md; CONFIRMACION_ESENCIAL_INSTITUCIONES_52.md; CONFIRMACION_ESENCIAL_INSTITUTOS_UAH_UCENTRAL_38.md; DESCARTE_EDITORIAL_INSTITUCIONES_53.md; REVISION_ESENCIAL_INSTITUCIONES_SEGUIMIENTO_53.md
be15e902598267d92ab44f3ec66c63e0d20fe0daa3af99492030a0bc0a544b31,Beca Titulado ENAC,CFT ENAC,DESCARTADA_EDITORIAL,False,SIN_GRUPO_REPETIDO,,,../REVISION_ENAC_IPCHILE.md; CONFIRMACION_ESENCIAL_INSTITUCIONES_52.md; CONFIRMACION_ESENCIAL_INSTITUTOS_UAH_UCENTRAL_38.md; DESCARTE_EDITORIAL_INSTITUCIONES_53.md; REVISION_ESENCIAL_INSTITUCIONES_SEGUIMIENTO_53.md
bc21440901dae5612e24a28e4cb4ef9d045428f756d255fdbb95ab65d8f3247e,Beca Deportiva ENAC,CFT ENAC,DESCARTADA_EDITORIAL,False,SIN_GRUPO_REPETIDO,,,../REVISION_ENAC_IPCHILE.md; CONFIRMACION_ESENCIAL_INSTITUCIONES_52.md; CONFIRMACION_ESENCIAL_INSTITUTOS_UAH_UCENTRAL_38.md; DESCARTE_EDITORIAL_INSTITUCIONES_53.md; REVISION_ESENCIAL_INSTITUCIONES_SEGUIMIENTO_53.md
caf8058fd9dc82de04456bb99374a18534754876b7673ce78d485b5eb1b4945c,Beca Convenio Empresas ENAC,CFT ENAC,DESCARTADA_EDITORIAL,False,SIN_GRUPO_REPETIDO,,,../REVISION_ENAC_IPCHILE.md; CONFIRMACION_ESENCIAL_INSTITUCIONES_52.md; CONFIRMACION_ESENCIAL_INSTITUTOS_UAH_UCENTRAL_38.md; DESCARTE_EDITORIAL_INSTITUCIONES_53.md; REVISION_ESENCIAL_INSTITUCIONES_SEGUIMIENTO_53.md
9186989cdc0eeb796b1e07fcc7974635dc99b73711268875e6441848a017be56,Beca Padre o Madre Sostenedor,DUOC UC,CONFIRMADA_ESENCIAL,False,SIN_GRUPO_REPETIDO,,,../REVISION_DUOC_AIEP.md; ../REVISION_DUOC_REGLAMENTO_2019.md; ../REVISION_LOTE_26_FUENTES_COMPARTIDAS.md; CONFIRMACION_ESENCIAL_LOTE_30.md
e3dd75e9c59630416c8b5ce61513c1dbafac208a68d03145572ca7eddf93e350,Beca Hermano,DUOC UC,CONFIRMADA_ESENCIAL,False,SIN_GRUPO_REPETIDO,,,../REVISION_DUOC_AIEP.md; ../REVISION_DUOC_REGLAMENTO_2019.md; ../REVISION_LOTE_26_FUENTES_COMPARTIDAS.md; CONFIRMACION_ESENCIAL_LOTE_30.md
86678953008adbda7594a249d7f78734a8dba7c0801e2471fd2729d0276f4848,Beca Deportiva Duoc UC,DUOC UC,DESCARTADA_EDITORIAL,False,SIN_GRUPO_REPETIDO,,,../REVISION_DUOC_AIEP.md; ../REVISION_DUOC_REGLAMENTO_2019.md; ../REVISION_LOTE_26_FUENTES_COMPARTIDAS.md; CONFIRMACION_ESENCIAL_INSTITUCIONES_52.md; CONFIRMACION_ESENCIAL_LOTE_30.md; DESCARTE_EDITORIAL_INSTITUCIONES_53.md; REVISION_ESENCIAL_INSTITUCIONES_SEGUIMIENTO_53.md
bbf9e045948a887373d63f24673cb023eb20bef65b27099407772ffe30d4e74b,Beca Liceo Politécnico Andes,DUOC UC,DESCARTADA_EDITORIAL,False,SIN_GRUPO_REPETIDO,,,../REVISION_DUOC_AIEP.md; ../REVISION_DUOC_REGLAMENTO_2019.md; ../REVISION_LOTE_26_FUENTES_COMPARTIDAS.md; CONFIRMACION_ESENCIAL_INSTITUCIONES_52.md; CONFIRMACION_ESENCIAL_LOTE_30.md; DESCARTE_EDITORIAL_INSTITUCIONES_53.md; REVISION_ESENCIAL_INSTITUCIONES_SEGUIMIENTO_53.md
46ce6745c005ceab3194b5e57b25126208a6e023643949829942f594bc39ffce,Beca Empresarios de Chile,INACAP,DESCARTADA_EDITORIAL,False,SIN_GRUPO_REPETIDO,,,../REVISION_INACAP.md; CONFIRMACION_ESENCIAL_INSTITUCIONES_52.md; CONFIRMACION_ESENCIAL_INSTITUTOS_UAH_UCENTRAL_38.md; DESCARTE_EDITORIAL_INSTITUCIONES_53.md; REVISION_ESENCIAL_INSTITUCIONES_SEGUIMIENTO_53.md
480d4529d10aefb9b554c9d1d4f466eb1e6b73386cd40510503b56e0a6100b70,Beca de Mérito Académico,INACAP,DESCARTADA_EDITORIAL,False,SIN_GRUPO_REPETIDO,,,../REVISION_INACAP.md; CONFIRMACION_ESENCIAL_INSTITUCIONES_52.md; CONFIRMACION_ESENCIAL_INSTITUTOS_UAH_UCENTRAL_38.md; DESCARTE_EDITORIAL_INSTITUCIONES_53.md; REVISION_ESENCIAL_INSTITUCIONES_SEGUIMIENTO_53.md
3d18e832d502f72a7526c52bcc01a709465772b0e57cdaacfc301ada94baf7ef,Beca de Articulacion EMTP,INACAP,DESCARTADA_EDITORIAL,False,SIN_GRUPO_REPETIDO,,,../REVISION_INACAP.md; CONFIRMACION_ESENCIAL_INSTITUCIONES_52.md; CONFIRMACION_ESENCIAL_INSTITUTOS_UAH_UCENTRAL_38.md; DESCARTE_EDITORIAL_INSTITUCIONES_53.md; REVISION_ESENCIAL_INSTITUCIONES_SEGUIMIENTO_53.md
2d143ed5cfd05a43e7344c797ccf5ac9d730ccaec6b193c2f428436e84bd0dd8,Beca Deportista Destacado,INACAP,CONFIRMADA_ESENCIAL,False,SIN_GRUPO_REPETIDO,,,../REVISION_INACAP.md; CONFIRMACION_ESENCIAL_INSTITUTOS_UAH_UCENTRAL_38.md
34caa8abfdbea88cf08a57fa33f7e0629f9dec390d260879a8dfa6869d1d936c,Beca Red de Egresados,INACAP,DESCARTADA_EDITORIAL,False,SIN_GRUPO_REPETIDO,,,../REVISION_INACAP.md; CONFIRMACION_ESENCIAL_INSTITUCIONES_52.md; CONFIRMACION_ESENCIAL_INSTITUTOS_UAH_UCENTRAL_38.md; DESCARTE_EDITORIAL_INSTITUCIONES_53.md; REVISION_ESENCIAL_INSTITUCIONES_SEGUIMIENTO_53.md
c569b40a8d5f68cc73121d2de6883233dbc7c7dbcdb5c0258165d6c95ab22cfd,Beca Convenio Empresas,INACAP,DESCARTADA_EDITORIAL,False,SIN_GRUPO_REPETIDO,,,../REVISION_INACAP.md; CONFIRMACION_ESENCIAL_INSTITUCIONES_52.md; CONFIRMACION_ESENCIAL_INSTITUTOS_UAH_UCENTRAL_38.md; DESCARTE_EDITORIAL_INSTITUCIONES_53.md; REVISION_ESENCIAL_INSTITUCIONES_SEGUIMIENTO_53.md
ac554083e2e67618d326d111004376fc11e778b82a24c6ea824e0c510e3686a4,Beca Excelencia Académica IP Chile,IP Chile,CONFIRMADA_ESENCIAL,False,SIN_GRUPO_REPETIDO,,,../REVISION_ENAC_IPCHILE.md; CONFIRMACION_ESENCIAL_INSTITUTOS_UAH_UCENTRAL_38.md
0335d9da10e92c82457cfc09085804b78ff3045bd21c5394ae0927085c461ce4,Beca Deportiva IP Chile,IP Chile,CONFIRMADA_ESENCIAL,False,SIN_GRUPO_REPETIDO,,,../REVISION_ENAC_IPCHILE.md; CONFIRMACION_ESENCIAL_INSTITUTOS_UAH_UCENTRAL_38.md
6a714f7d1428f67456471f3806815b50cfac706cc432290d07a671af249e274c,Beca Copago IP Chile,IP Chile,DESCARTADA_EDITORIAL,False,SIN_GRUPO_REPETIDO,,,../REVISION_ENAC_IPCHILE.md; CONFIRMACION_ESENCIAL_INSTITUCIONES_52.md; CONFIRMACION_ESENCIAL_INSTITUTOS_UAH_UCENTRAL_38.md; DESCARTE_EDITORIAL_INSTITUCIONES_53.md; REVISION_ESENCIAL_INSTITUCIONES_SEGUIMIENTO_53.md
985da9da2d35c58583858216ff1a5e630386dfa27350ff6ea15d253aabd91e65,Beca Titulado IP Chile,IP Chile,DESCARTADA_EDITORIAL,False,SIN_GRUPO_REPETIDO,,,../REVISION_ENAC_IPCHILE.md; CONFIRMACION_ESENCIAL_INSTITUCIONES_52.md; CONFIRMACION_ESENCIAL_INSTITUTOS_UAH_UCENTRAL_38.md; DESCARTE_EDITORIAL_INSTITUCIONES_53.md; REVISION_ESENCIAL_INSTITUCIONES_SEGUIMIENTO_53.md
9be88ff7a97c85dd8656adda7a434a6dc1156fb175917f84cc8fa7e98280a9fb,Beca Familiar IP Chile,IP Chile,DESCARTADA_EDITORIAL,False,SIN_GRUPO_REPETIDO,,,../REVISION_ENAC_IPCHILE.md; CONFIRMACION_ESENCIAL_INSTITUCIONES_52.md; CONFIRMACION_ESENCIAL_INSTITUTOS_UAH_UCENTRAL_38.md; DESCARTE_EDITORIAL_INSTITUCIONES_53.md; REVISION_ESENCIAL_INSTITUCIONES_SEGUIMIENTO_53.md
265188d05ce42208284cba01c4ef3c35ed8f99093de8e89d3e2d6ae535727dd3,Beca Convenio Empresas IP Chile,IP Chile,DESCARTADA_EDITORIAL,False,SIN_GRUPO_REPETIDO,,,../REVISION_ENAC_IPCHILE.md; CONFIRMACION_ESENCIAL_INSTITUCIONES_52.md; CONFIRMACION_ESENCIAL_INSTITUTOS_UAH_UCENTRAL_38.md; DESCARTE_EDITORIAL_INSTITUCIONES_53.md; REVISION_ESENCIAL_INSTITUCIONES_SEGUIMIENTO_53.md
88a8806e5d161a246eb5452ed695d4ccc6f2edf335e2d5e8802641dd3677f759,Beca Presidente de la Republica,JUNAEB,PENDIENTE_CONFIRMACION_COMPLETA,False,SIN_GRUPO_REPETIDO,,,../REVISION_INSTITUCIONES_36.md; CONFIRMACION_ESENCIAL_LOTE_78.md; CONFIRMACION_ESENCIAL_MUNICIPALES_81.md
8decb7d44a5ab885e94c7a52a343e45c63bff37b304433e924821ab3cf750652,Beca Indigena,JUNAEB,CONFIRMADA_ESENCIAL,False,SIN_GRUPO_REPETIDO,,,../REVISION_INSTITUCIONES_36.md; CONFIRMACION_ESENCIAL_LOTE_78.md; CONFIRMACION_ESENCIAL_MUNICIPALES_81.md
ef423bcb4b46f7376235fe84e597cccefb65b090039b94680bc5473d19f73178,Beca de Alimentación para la Educación Superior,JUNAEB,CONFIRMADA_ESENCIAL,False,SIN_GRUPO_REPETIDO,,,../REVISION_INSTITUCIONES_36.md; CONFIRMACION_ESENCIAL_LOTE_78.md
4090e29dc88efaefd5b86fbdd96983042c7bdefd71913a80822f40a81a9f2cd8,Beca de Mantención Educación Superior,JUNAEB,CONFIRMADA_ESENCIAL,False,SIN_GRUPO_REPETIDO,,,../REVISION_INSTITUCIONES_36.md; CONFIRMACION_ESENCIAL_LOTE_78.md; CONFIRMACION_ESENCIAL_MUNICIPALES_81.md
96f76b70a68a1fad5f60009a09c9ed4bedcb7f1cae9bb4476eb92014ccca609c,Gratuidad,Ministerio de Educación,CONFIRMADA_ESENCIAL,False,SIN_GRUPO_REPETIDO,,,../REVISION_MINEDUC.md; CONFIRMACION_ESENCIAL_LOTE_62.md
988141e6f68d4ffdbb5823fcaf1b4ac0181e2476f07e61658085954d0c50fd13,Beca Bicentenario,Ministerio de Educación,CONFIRMADA_ESENCIAL,False,SIN_GRUPO_REPETIDO,,,../REVISION_MINEDUC.md; CONFIRMACION_ESENCIAL_LOTE_62.md
833ac94e0448048a743d3eb07059c99cd9c3a38228f0966d98e5e34fdc2fbf54,Beca Nuevo Milenio I,Ministerio de Educación,CONFIRMADA_ESENCIAL,False,SIN_GRUPO_REPETIDO,,,../REVISION_MINEDUC.md; CONFIRMACION_ESENCIAL_LOTE_62.md
09e9e2762e4a4a11748fb03d29bafc7baf94f2bd7b07a743be19f1b8c10b8626,Beca Nuevo Milenio II,Ministerio de Educación,CONFIRMADA_ESENCIAL,False,SIN_GRUPO_REPETIDO,,,../REVISION_MINEDUC.md; CONFIRMACION_ESENCIAL_LOTE_62.md
7b3ebc5e68996d6c9229a763c6605eefb780f314ad66e1d35ff46f285150e91d,Beca Juan Gómez Millas,Ministerio de Educación,CONFIRMADA_ESENCIAL,False,SIN_GRUPO_REPETIDO,,,../REVISION_MINEDUC.md; CONFIRMACION_ESENCIAL_LOTE_62.md
6af35875af55315c2e5f263752be976bdfacf1bf5f8eb55f73fb529478a2d113,Beca Padre Hurtado,Pontificia Universidad Católica de Chile,PENDIENTE_CONFIRMACION_COMPLETA,False,SIN_GRUPO_REPETIDO,,,../REVISION_INSTITUCIONES_36.md; CONFIRMACION_ESENCIAL_INSTITUCIONES_52.md; CONFIRMACION_ESENCIAL_LOTE_78.md
eda6fbb494f175bb8f42a92153a7d68fe4ddd2890370d0ecb67f9f316fc7a9fd,Beca de Excelencia Académica,Pontificia Universidad Católica de Chile,DESCARTADA_EDITORIAL,False,SIN_GRUPO_REPETIDO,,,../REVISION_INSTITUCIONES_36.md; CONFIRMACION_ESENCIAL_INSTITUCIONES_52.md; CONFIRMACION_ESENCIAL_LOTE_78.md; DESCARTE_EDITORIAL_SEGUNDO_LOTE_50.md
2431dc32e2e800e7f2d4367de6c5b2e539c020921950366f04c09f9451f204b0,Beca Hijos de Funcionarios,Pontificia Universidad Católica de Chile,CONFIRMADA_ESENCIAL,False,SIN_GRUPO_REPETIDO,,,../REVISION_INSTITUCIONES_36.md; CONFIRMACION_ESENCIAL_LOTE_78.md
8b7291409cb313971ff5ef8b6505394ba190caf70d9f4704d86333736393c735,Beca de Excelencia Académica PUCV,Pontificia Universidad Católica de Valparaíso,DESCARTADA_EDITORIAL,False,SIN_GRUPO_REPETIDO,,,../REVISION_REGIONALES_49.md; CONFIRMACION_ESENCIAL_INSTITUCIONES_52.md; CONFIRMACION_ESENCIAL_LOTE_78.md; DESCARTE_EDITORIAL_INSTITUCIONES_53.md; REVISION_ESENCIAL_INSTITUCIONES_SEGUIMIENTO_53.md
c066649684c96f6f79937d4ad4d2be7874fdd1fd3aa3cc843dc7815b9d035e1c,Beca de Alimentación PUCV,Pontificia Universidad Católica de Valparaíso,CONFIRMADA_ESENCIAL,False,SIN_GRUPO_REPETIDO,,,../REVISION_REGIONALES_49.md; CONFIRMACION_ESENCIAL_LOTE_78.md
32b114d0e9475a61bc05472195e5541bc5acdc62f600de3bdc246e65cf8de88a,Beca de Apoyo Socioeconomico PUCV,Pontificia Universidad Católica de Valparaíso,DESCARTADA_EDITORIAL,False,SIN_GRUPO_REPETIDO,,,../REVISION_REGIONALES_49.md; CONFIRMACION_ESENCIAL_INSTITUCIONES_52.md; CONFIRMACION_ESENCIAL_LOTE_78.md; DESCARTE_EDITORIAL_INSTITUCIONES_53.md; REVISION_ESENCIAL_INSTITUCIONES_SEGUIMIENTO_53.md
70699bc9ed88bac846b5399646c77d71c8027a40a10a5a2d46ec72db13e327f6,Beca Deportiva PUCV,Pontificia Universidad Católica de Valparaíso,DESCARTADA_EDITORIAL,False,SIN_GRUPO_REPETIDO,,,../REVISION_REGIONALES_49.md; CONFIRMACION_ESENCIAL_INSTITUCIONES_52.md; CONFIRMACION_ESENCIAL_LOTE_78.md; DESCARTE_EDITORIAL_INSTITUCIONES_53.md; REVISION_ESENCIAL_INSTITUCIONES_SEGUIMIENTO_53.md
d29199f891c0f665cd931e2f6e2e0e0a8bf08be8552355af44b6f37f64494793,Beca de Residencia PUCV,Pontificia Universidad Católica de Valparaíso,CONFIRMADA_ESENCIAL,False,SIN_GRUPO_REPETIDO,,,../REVISION_REGIONALES_49.md; CONFIRMACION_ESENCIAL_LOTE_78.md
91c1153c27c059d3aa23144a0b524cebed67c9361e1ced71074d697fd72b00d5,Beca Excelencia Académica Santo Tomas,Santo Tomás,DESCARTADA_EDITORIAL,False,SIN_GRUPO_REPETIDO,,,../REVISION_INSTITUCIONES_36.md; CONFIRMACION_ESENCIAL_INSTITUCIONES_52.md; CONFIRMACION_ESENCIAL_INSTITUTOS_UAH_UCENTRAL_38.md; CONFIRMACION_ESENCIAL_LOTE_78.md; DESCARTE_EDITORIAL_INSTITUCIONES_53.md; REVISION_ESENCIAL_INSTITUCIONES_SEGUIMIENTO_53.md
7a22e3022ef6d47d689330d988119c5395f8ed9e2a0fc8f8a5bc3fd0efc75cb5,Beca Deportiva Santo Tomas,Santo Tomás,CONFIRMADA_ESENCIAL,False,SIN_GRUPO_REPETIDO,,,../REVISION_INSTITUCIONES_36.md; CONFIRMACION_ESENCIAL_INSTITUTOS_UAH_UCENTRAL_38.md; CONFIRMACION_ESENCIAL_LOTE_78.md
7da1a73e9d802a0e0d76bf67ccd91d25879519df9f645b3d8dd4dfb402650d92,Beca Copago Santo Tomas,Santo Tomás,DESCARTADA_EDITORIAL,False,SIN_GRUPO_REPETIDO,,,../REVISION_INSTITUCIONES_36.md; CONFIRMACION_ESENCIAL_INSTITUCIONES_52.md; CONFIRMACION_ESENCIAL_INSTITUTOS_UAH_UCENTRAL_38.md; CONFIRMACION_ESENCIAL_LOTE_78.md; DESCARTE_EDITORIAL_INSTITUCIONES_53.md; REVISION_ESENCIAL_INSTITUCIONES_SEGUIMIENTO_53.md
6f9080cda30c636549b12249aa5126036cbcda9c155a61e267ebfd21f47e05e3,Beca Titulado Santo Tomas,Santo Tomás,DESCARTADA_EDITORIAL,False,SIN_GRUPO_REPETIDO,,,../REVISION_INSTITUCIONES_36.md; CONFIRMACION_ESENCIAL_INSTITUCIONES_52.md; CONFIRMACION_ESENCIAL_INSTITUTOS_UAH_UCENTRAL_38.md; CONFIRMACION_ESENCIAL_LOTE_78.md; DESCARTE_EDITORIAL_INSTITUCIONES_53.md; REVISION_ESENCIAL_INSTITUCIONES_SEGUIMIENTO_53.md
e89f59ae375830591a53a435dd8d89656ed816be6d33045d3a2e0d59b87fef3b,Beca Familiar Santo Tomas,Santo Tomás,DESCARTADA_EDITORIAL,False,SIN_GRUPO_REPETIDO,,,../REVISION_INSTITUCIONES_36.md; CONFIRMACION_ESENCIAL_INSTITUCIONES_52.md; CONFIRMACION_ESENCIAL_INSTITUTOS_UAH_UCENTRAL_38.md; CONFIRMACION_ESENCIAL_LOTE_78.md; DESCARTE_EDITORIAL_INSTITUCIONES_53.md; REVISION_ESENCIAL_INSTITUCIONES_SEGUIMIENTO_53.md
5a391a575568826ef61b8e0034258555171f5e1312a01b642402048f75cdddff,Beca Convenio Empresas Santo Tomas,Santo Tomás,DESCARTADA_EDITORIAL,False,SIN_GRUPO_REPETIDO,,,../REVISION_INSTITUCIONES_36.md; CONFIRMACION_ESENCIAL_INSTITUCIONES_52.md; CONFIRMACION_ESENCIAL_INSTITUTOS_UAH_UCENTRAL_38.md; CONFIRMACION_ESENCIAL_LOTE_78.md; DESCARTE_EDITORIAL_INSTITUCIONES_53.md; REVISION_ESENCIAL_INSTITUCIONES_SEGUIMIENTO_53.md
70cc47ac438139cde0dc4476cdde18108e009db8b9036d6db48c57d0f58a58e4,Hogar Estudiantil UACh,Universidad Austral de Chile,CONFIRMADA_ESENCIAL,True,CONCILIADO,descripcion; descripcion_larga; documentos_requeridos; monto,variantes/CONCILIACION_HOGAR_UACH.md,../REVISION_REGIONALES_49.md; CONFIRMACION_ESENCIAL_LOTE_78.md; CONFIRMACION_ESENCIAL_UCHILE_UACH_UFRO_13.md
5eefb13006944f6b566d2c4aba3290a3d8d28ec8a5a6ef23936c74c468a5e618,Bono Alimenticio UACh,Universidad Austral de Chile,CONFIRMADA_ESENCIAL,False,SIN_GRUPO_REPETIDO,,,../REVISION_REGIONALES_49.md; CONFIRMACION_ESENCIAL_LOTE_78.md; CONFIRMACION_ESENCIAL_UCHILE_UACH_UFRO_13.md
4946711a55eee8c339ebd283c3c50940c4bed4e571f2138b2f54c48b085cf753,Laborancia UACh,Universidad Austral de Chile,CONFIRMADA_ESENCIAL,False,SIN_GRUPO_REPETIDO,,,../REVISION_REGIONALES_49.md; CONFIRMACION_ESENCIAL_LOTE_78.md; CONFIRMACION_ESENCIAL_UCHILE_UACH_UFRO_13.md
97cf306bd5f0270ad05574df2a299517fa001e2236a4b829f73f14d23a5e5bfd,Beca Deportiva UACh,Universidad Austral de Chile,CONFIRMADA_ESENCIAL,True,PENDIENTE_CONCILIACION,descripcion; descripcion_larga; documentos_requeridos; monto,,../REVISION_REGIONALES_49.md; CONFIRMACION_ESENCIAL_LOTE_78.md
37a79ec39d3bb71267e0faabe3ec2b3a26ac7aab6e3b176b4ffdb7c1d47beb8e,Beca Excelencia Académica UAH,Universidad Alberto Hurtado,DESCARTADA_EDITORIAL,True,DESCARTADO_EDITORIAL,descripcion; descripcion_larga; documentos_requeridos; monto; url,,../REVISION_INSTITUCIONES_36.md; CONFIRMACION_ESENCIAL_INSTITUCIONES_52.md; CONFIRMACION_ESENCIAL_INSTITUTOS_UAH_UCENTRAL_38.md; CONFIRMACION_ESENCIAL_LOTE_78.md; DESCARTE_EDITORIAL_SEGUNDO_LOTE_50.md
7f5037292bf58c5621286521ad656c054990f6cf18515e4ff4ee028d055d10fa,Beca de Apoyo Socioeconomico UAH,Universidad Alberto Hurtado,DESCARTADA_EDITORIAL,False,SIN_GRUPO_REPETIDO,,,../REVISION_INSTITUCIONES_36.md; CONFIRMACION_ESENCIAL_INSTITUCIONES_52.md; CONFIRMACION_ESENCIAL_INSTITUTOS_UAH_UCENTRAL_38.md; CONFIRMACION_ESENCIAL_LOTE_78.md; DESCARTE_EDITORIAL_SEGUNDO_LOTE_50.md
83840acd4c10e820a4db4a0f7c1fba524b7e382ea277f8c3784874536e8b447e,Beca Vocacion Social UAH,Universidad Alberto Hurtado,DESCARTADA_EDITORIAL,False,SIN_GRUPO_REPETIDO,,,../REVISION_INSTITUCIONES_36.md; CONFIRMACION_ESENCIAL_INSTITUCIONES_52.md; CONFIRMACION_ESENCIAL_INSTITUTOS_UAH_UCENTRAL_38.md; CONFIRMACION_ESENCIAL_LOTE_78.md; DESCARTE_EDITORIAL_SEGUNDO_LOTE_50.md
dbdecee12d076f3859709eb37f330f64884f65d0ffd3b1212e3358760062067b,Beca Deportiva UAH,Universidad Alberto Hurtado,CONFIRMADA_ESENCIAL,True,PENDIENTE_CONCILIACION,descripcion; descripcion_larga; documentos_requeridos; monto; url,,../REVISION_INSTITUCIONES_36.md; CONFIRMACION_ESENCIAL_INSTITUTOS_UAH_UCENTRAL_38.md; CONFIRMACION_ESENCIAL_LOTE_78.md
1bed886d10115e86a9a3aae7ac3b3b5cd87b6fabe51372b4dbbaf790c9d49ddd,Beca Total UAI,Universidad Adolfo Ibáñez,CONFIRMADA_ESENCIAL,False,SIN_GRUPO_REPETIDO,,,../REVISION_OTRAS_UNIVERSIDADES_45.md; CONFIRMACION_ESENCIAL_LOTE_62.md
f22ffe5540ac95988a25543e78f7406b31203091c628d6fe4f3522d7b5f5d099,Beca Puntaje Ponderado UAI,Universidad Adolfo Ibáñez,CONFIRMADA_ESENCIAL,False,SIN_GRUPO_REPETIDO,,,../REVISION_OTRAS_UNIVERSIDADES_45.md; CONFIRMACION_ESENCIAL_LOTE_62.md
83d07b99691da9504f6e88798c1328e38a92c2fac793afcf88e0d3f94d6f7fc0,Beca Deporte Destacado UAI,Universidad Adolfo Ibáñez,DESCARTADA_EDITORIAL,False,SIN_GRUPO_REPETIDO,,,../REVISION_OTRAS_UNIVERSIDADES_45.md; CONFIRMACION_ESENCIAL_LOTE_62.md; CONFIRMACION_ESENCIAL_UAI_UDLA_ULAGOS_13.md; DESCARTE_EDITORIAL_SEGUNDO_LOTE_50.md
d31299b2e19fcc0dd645c9835dbc8e3ce844c6fc23eeaa02f26c8fe702f5f18e,Beca Hijo Funcionario UAI,Universidad Adolfo Ibáñez,DESCARTADA_EDITORIAL,False,SIN_GRUPO_REPETIDO,,,../REVISION_OTRAS_UNIVERSIDADES_45.md; CONFIRMACION_ESENCIAL_LOTE_62.md; CONFIRMACION_ESENCIAL_UAI_UDLA_ULAGOS_13.md; DESCARTE_EDITORIAL_SEGUNDO_LOTE_50.md
7a3d8682663ac9393a6f60077d1fc05a2a3ee87eab4e0c28ebc9e35362adec26,Beca UANDES por puntaje PAES,Universidad de los Andes,CONFIRMADA_ESENCIAL,True,PENDIENTE_CONCILIACION,descripcion; descripcion_larga; documentos_requeridos; monto,,../REVISION_UANDES.md; CONFIRMACION_ESENCIAL_INSTITUCIONES_52.md
7ae777fdde7894ecc523a0a19f243e12a089b2d8707b56301ccf515ce9ddabd9,Beca UANDES Económica,Universidad de los Andes,CONFIRMADA_ESENCIAL,True,CONCILIADO,descripcion; descripcion_larga; documentos_requeridos; monto,variantes/CONCILIACION_UANDES_2_Y_PAES_PENDIENTE.md,../REVISION_UANDES.md; CONFIRMACION_ESENCIAL_INSTITUCIONES_52.md
3ae5586d0fae5eeda97689875a0c3f350b7e7013cd14da36a8025a34ebf95ab5,Beca UANDES NEM,Universidad de los Andes,CONFIRMADA_ESENCIAL,False,SIN_GRUPO_REPETIDO,,,../REVISION_UANDES.md; CONFIRMACION_ESENCIAL_INSTITUCIONES_52.md
65680b69869b49c6d2f5280c22deb43c78a188aa5d06117b7f2b4555bf9681be,Beca Profesores para Chile,Universidad de los Andes,DESCARTADA_EDITORIAL,False,SIN_GRUPO_REPETIDO,,,../REVISION_UANDES.md; CONFIRMACION_ESENCIAL_INSTITUCIONES_52.md; DESCARTE_EDITORIAL_SEGUNDO_LOTE_50.md
d71f011070e0a643659ede1d40035465e6fc14d9cbe28d1a6aa4dc12f2f1bfb1,Beca de Alimentación UANDES,Universidad de los Andes,CONFIRMADA_ESENCIAL,False,SIN_GRUPO_REPETIDO,,,../REVISION_UANDES.md; CONFIRMACION_ESENCIAL_INSTITUCIONES_52.md
9b0b5f5bfbee7c03322f9b3723552f6e9cda60334929bcccc6e5bceb05a77bb9,Beca Hijo Funcionario UANDES,Universidad de los Andes,CONFIRMADA_ESENCIAL,True,CONCILIADO,descripcion; descripcion_larga; documentos_requeridos; monto,variantes/CONCILIACION_UANDES_2_Y_PAES_PENDIENTE.md,../REVISION_UANDES.md; CONFIRMACION_ESENCIAL_INSTITUCIONES_52.md
81e02a92854405e359c00409d926331129b2e3ca4950aca27be436ea6035110e,Beca Ejercito UANDES,Universidad de los Andes,DESCARTADA_EDITORIAL,False,SIN_GRUPO_REPETIDO,,,../REVISION_UANDES.md; CONFIRMACION_ESENCIAL_INSTITUCIONES_52.md; DESCARTE_EDITORIAL_SEGUNDO_LOTE_50.md
b440cc318693acc838d640a383a1d452988c24549a890258655934b0bc55b58b,Beca Armada de Chile UANDES,Universidad de los Andes,CONFIRMADA_ESENCIAL,False,SIN_GRUPO_REPETIDO,,,../REVISION_UANDES.md; CONFIRMACION_ESENCIAL_INSTITUCIONES_52.md
09bb3a4491be203a2df104a7edfd88586cfeb28cbff9d3ff86e01642cea2a59c,Beca Excelencia Académica UA,Universidad Autónoma de Chile,DESCARTADA_EDITORIAL,False,SIN_GRUPO_REPETIDO,,,../REVISION_UNIVERSIDADES_45.md; CONFIRMACION_ESENCIAL_AUTONOMA_MAYOR_9.md; CONFIRMACION_ESENCIAL_LOTE_62.md; DESCARTE_EDITORIAL_INSTITUCIONES_53.md; REVISION_ESENCIAL_INSTITUCIONES_SEGUIMIENTO_53.md
52cd38af83cfb47bc031ff8fc8c6aae3b755b49a95933212da99822eef5b3f55,Beca Deportiva UA,Universidad Autónoma de Chile,CONFIRMADA_ESENCIAL,False,SIN_GRUPO_REPETIDO,,,../REVISION_UNIVERSIDADES_45.md; CONFIRMACION_ESENCIAL_LOTE_62.md
0eb2e27ef8fea6544e1097291e058a86a7d689d3150d65f40233dd356378c750,Beca Socioeconomica UA,Universidad Autónoma de Chile,DESCARTADA_EDITORIAL,False,SIN_GRUPO_REPETIDO,,,../REVISION_UNIVERSIDADES_45.md; CONFIRMACION_ESENCIAL_AUTONOMA_MAYOR_9.md; CONFIRMACION_ESENCIAL_LOTE_62.md; DESCARTE_EDITORIAL_INSTITUCIONES_53.md; REVISION_ESENCIAL_INSTITUCIONES_SEGUIMIENTO_53.md
f88bb7b264553f2353696cfbecf1de2bb767000cc03aa82b7a3cb09251a49c0c,Beca Alumni UA,Universidad Autónoma de Chile,DESCARTADA_EDITORIAL,False,SIN_GRUPO_REPETIDO,,,../REVISION_UNIVERSIDADES_45.md; CONFIRMACION_ESENCIAL_AUTONOMA_MAYOR_9.md; CONFIRMACION_ESENCIAL_LOTE_62.md; DESCARTE_EDITORIAL_INSTITUCIONES_53.md; REVISION_ESENCIAL_INSTITUCIONES_SEGUIMIENTO_53.md
ffdfa449a8dc16246062554cc18b9e0f56ab0f48e702e5daf514658ce6d609b4,Beca Familiar UA,Universidad Autónoma de Chile,CONFIRMADA_ESENCIAL,False,SIN_GRUPO_REPETIDO,,,../REVISION_UNIVERSIDADES_45.md; CONFIRMACION_ESENCIAL_AUTONOMA_MAYOR_9.md; CONFIRMACION_ESENCIAL_LOTE_62.md
838212eb4961778ab10d91be3dbaa66b2b0b2b843aad6d0d657f29335422ce90,Beca Copago UA,Universidad Autónoma de Chile,CONFIRMADA_ESENCIAL,False,SIN_GRUPO_REPETIDO,,,../REVISION_UNIVERSIDADES_45.md; CONFIRMACION_ESENCIAL_LOTE_62.md
795ecb1745d45294aac3defc740c3992abf826901fa0ea33e1d5432d5790e2fe,Beca de Excelencia Académica UBB,Universidad del Bío-Bío,PENDIENTE_CONFIRMACION_COMPLETA,False,SIN_GRUPO_REPETIDO,,,../REVISION_REGIONALES_49.md; CONFIRMACION_ESENCIAL_LOTE_78.md
baa2c616c9df714d61ba845947461ee7739b1b1d2d7c72b9d122bcb3608b3b90,Beca de Alimentación UBB,Universidad del Bío-Bío,CONFIRMADA_ESENCIAL,False,SIN_GRUPO_REPETIDO,,,../REVISION_REGIONALES_49.md; CONFIRMACION_ESENCIAL_LOTE_78.md
c76ee0b52bafce77c6bfc9e7525367cfca0a4bc604ba169e47ec69add0474b5f,Beca de Residencia UBB,Universidad del Bío-Bío,CONFIRMADA_ESENCIAL,True,PENDIENTE_CONCILIACION,descripcion; descripcion_larga; documentos_requeridos; institucion; monto; url,,../REVISION_REGIONALES_49.md; CONFIRMACION_ESENCIAL_LOTE_78.md
2b84c516a23ac208988c6ee20a88511eed4a2b565bbbadec9756b1d5f2aa755a,Beca Deportiva UBB,Universidad del Bío-Bío,PENDIENTE_CONFIRMACION_COMPLETA,False,SIN_GRUPO_REPETIDO,,,../REVISION_REGIONALES_49.md; CONFIRMACION_ESENCIAL_LOTE_78.md
d23bed1c58c7d1d28dce5c553cd1aeeafad3ddf382273360a181146917473b49,Beca Excelencia Académica UBO,Universidad Bernardo O'Higgins,DESCARTADA_EDITORIAL,True,DESCARTADO_EDITORIAL,descripcion; descripcion_larga; documentos_requeridos; monto; nem_minimo; url,,../REVISION_INSTITUCIONES_36.md; CONFIRMACION_ESENCIAL_LOTE_78.md; CONFIRMACION_ESENCIAL_UBO_UVM_UCSH_14.md; DESCARTE_EDITORIAL_SEGUNDO_LOTE_50.md
1f5b64abcd3fbfbdb0f07a9c4b8f3e27c33931d3c570c7cb6b9a3ccc0d48d97c,Beca Socioeconomica UBO,Universidad Bernardo O'Higgins,DESCARTADA_EDITORIAL,False,SIN_GRUPO_REPETIDO,,,../REVISION_INSTITUCIONES_36.md; CONFIRMACION_ESENCIAL_LOTE_78.md; CONFIRMACION_ESENCIAL_UBO_UVM_UCSH_14.md; DESCARTE_EDITORIAL_SEGUNDO_LOTE_50.md
382bdbc8032b6559ebe92eb2ac50e06d8dcef23f9a5040f3d673a1b27c0228c4,Beca Deportiva UBO,Universidad Bernardo O'Higgins,CONFIRMADA_ESENCIAL,True,CONCILIADO,descripcion; descripcion_larga; documentos_requeridos; monto; url,variantes/CONCILIACION_DEPORTIVA_UBO.md,../REVISION_INSTITUCIONES_36.md; CONFIRMACION_ESENCIAL_LOTE_78.md; CONFIRMACION_ESENCIAL_UBO_UVM_UCSH_14.md
866cad271e72a88ccad9096d002c5f6a4b464b9777202ec169eac7f3cc3635af,Beca Convenio Empresas UBO,Universidad Bernardo O'Higgins,DESCARTADA_EDITORIAL,False,SIN_GRUPO_REPETIDO,,,../REVISION_INSTITUCIONES_36.md; CONFIRMACION_ESENCIAL_LOTE_78.md; CONFIRMACION_ESENCIAL_UBO_UVM_UCSH_14.md; DESCARTE_EDITORIAL_SEGUNDO_LOTE_50.md
805b6e58c31cda7605f9e2eb6f70c69176bed44854792ff519e2c813a97376d9,Beca Fundadores UCentral,Universidad Central de Chile,PENDIENTE_CONFIRMACION_COMPLETA,False,SIN_GRUPO_REPETIDO,,,../REVISION_OTRAS_UNIVERSIDADES_45.md; CONFIRMACION_ESENCIAL_INSTITUTOS_UAH_UCENTRAL_38.md; CONFIRMACION_ESENCIAL_LOTE_62.md
6d27dd7c71d47e54c56dfc4a2141d6d67e8aee34ab58caf79844b9f09970a000,Beca Copago UCentral,Universidad Central de Chile,PENDIENTE_CONFIRMACION_COMPLETA,True,PENDIENTE_CONCILIACION,descripcion; descripcion_larga; documentos_requeridos; url,,../REVISION_OTRAS_UNIVERSIDADES_45.md; CONFIRMACION_ESENCIAL_INSTITUTOS_UAH_UCENTRAL_38.md; CONFIRMACION_ESENCIAL_LOTE_62.md
52d3f94542f369d46ac07b20587f5cca46e2cfa2ce32b977d8f2a75b94952248,Beca Deportiva UCentral,Universidad Central de Chile,CONFIRMADA_ESENCIAL,True,CONCILIADO,descripcion; descripcion_larga; documentos_requeridos; monto; regiones; url,variantes/CONCILIACION_DEPORTIVA_UCENTRAL.md,../REVISION_OTRAS_UNIVERSIDADES_45.md; CONFIRMACION_ESENCIAL_INSTITUTOS_UAH_UCENTRAL_38.md; CONFIRMACION_ESENCIAL_LOTE_62.md
698498ea4a93633643467ad0fd5c78ed90f92d88deb561ea3c078a5f3a28968f,Beca Familiar UCentral,Universidad Central de Chile,CONFIRMADA_ESENCIAL,False,SIN_GRUPO_REPETIDO,,,../REVISION_OTRAS_UNIVERSIDADES_45.md; CONFIRMACION_ESENCIAL_INSTITUTOS_UAH_UCENTRAL_38.md; CONFIRMACION_ESENCIAL_LOTE_62.md
371af7982aa3b8152cd1d362a873b11e7744674163eef5d869aba7c715a031fe,Beca Universidad de Chile,Universidad de Chile,CONFIRMADA_COMPLETA,False,SIN_GRUPO_REPETIDO,,,../REVISION_UCHILE.md
39c2464f71ba5a22a349709ccb9dd6c116b84cb6e89d002fb8571d13cc968809,Beca Andres Bello,Universidad de Chile,CONFIRMADA_ESENCIAL,False,SIN_GRUPO_REPETIDO,,,../REVISION_UCHILE.md; CONFIRMACION_ESENCIAL_UCHILE_UACH_UFRO_13.md
97d45a6f498ff96c60d56024fae527e28fb6f4e78574dfe8c30942c37d18db7b,Beca de Atencion Económica,Universidad de Chile,CONFIRMADA_ESENCIAL,False,SIN_GRUPO_REPETIDO,,,../REVISION_UCHILE.md; CONFIRMACION_ESENCIAL_UCHILE_UACH_UFRO_13.md
a39386e8f04af45e34f405eaf768937ac54d61fa80ff46fc0df474b732967ec5,Beca de Alimentación UChile,Universidad de Chile,PENDIENTE_CONFIRMACION_COMPLETA,False,SIN_GRUPO_REPETIDO,,,../REVISION_UCHILE.md; CONFIRMACION_ESENCIAL_UCHILE_UACH_UFRO_13.md
ea29ff122c553f611af6ddd3a08f276ec8ab019b63555e906249d68c157a51ed,Beca Deportiva UChile,Universidad de Chile,CONFIRMADA_ESENCIAL,False,SIN_GRUPO_REPETIDO,,,../REVISION_UCHILE.md; CONFIRMACION_ESENCIAL_UCHILE_UACH_UFRO_13.md
a7add480ae1c014fbf47d21eeffd015842829399ea2988e2d743f41393504c11,Beca Hijos de Funcionarios,Universidad de Chile,CONFIRMADA_ESENCIAL,False,SIN_GRUPO_REPETIDO,,,../REVISION_UCHILE.md; CONFIRMACION_ESENCIAL_UCHILE_UACH_UFRO_13.md
89f0b7a6e58b7c9d957dd43457e6076b3ccbbf160b307ac96271e2f762d2471f,Beca de Residencia Universitaria,Universidad de Chile,CONFIRMADA_ESENCIAL,False,SIN_GRUPO_REPETIDO,,,../REVISION_UCHILE.md; CONFIRMACION_ESENCIAL_UCHILE_UACH_UFRO_13.md
01d3f6f7876542f22da805464eabac81b1c8666b612a44bd6626160d1d360582,Distincion Excelencia Académica UCN,Universidad Católica del Norte,CONFIRMADA_ESENCIAL,True,CONCILIADO,descripcion; descripcion_larga; documentos_requeridos; institucion,variantes/CONCILIACION_UCN_3.md,../REVISION_LOTE_26_FUENTES_COMPARTIDAS.md; ../REVISION_OTRAS_UNIVERSIDADES_45.md; CONFIRMACION_ESENCIAL_LOTE_30.md
5f8ddd940c279567e10ac65cb81a5508d78dc10e8dc2a9a0cc0e3dc2160ef3bc,Alojamiento UCN,Universidad Católica del Norte,CONFIRMADA_ESENCIAL,False,SIN_GRUPO_REPETIDO,,,../REVISION_LOTE_26_FUENTES_COMPARTIDAS.md; ../REVISION_OTRAS_UNIVERSIDADES_45.md; CONFIRMACION_ESENCIAL_LOTE_30.md
2e318c92a1b62588be4a7668e807537f72f2f4e4cda08922d4787d65470cbe69,Alimentación UCN,Universidad Católica del Norte,CONFIRMADA_ESENCIAL,True,CONCILIADO,descripcion; descripcion_larga; documentos_requeridos; institucion; monto,variantes/CONCILIACION_UCN_3.md,../REVISION_LOTE_26_FUENTES_COMPARTIDAS.md; ../REVISION_OTRAS_UNIVERSIDADES_45.md; CONFIRMACION_ESENCIAL_LOTE_30.md
160f232ecf91941db99ccfa05250728dd5908715567b0211105a212060f39b66,Plan de Escolaridad Segura UCN,Universidad Católica del Norte,CONFIRMADA_ESENCIAL,True,CONCILIADO,descripcion; descripcion_larga; documentos_requeridos; institucion; monto,variantes/CONCILIACION_UCN_3.md,../REVISION_LOTE_26_FUENTES_COMPARTIDAS.md; ../REVISION_OTRAS_UNIVERSIDADES_45.md; CONFIRMACION_ESENCIAL_LOTE_30.md
f9fae6375769f616dfdae7bdc33eb0b14d71de26ad72ab894b7e6deb87888a18,Beca Excelencia Académica UCSC,Universidad Católica de la Santísima Concepción,DESCARTADA_EDITORIAL,True,DESCARTADO_EDITORIAL,descripcion; descripcion_larga; documentos_requeridos; institucion; monto; url,,../REVISION_OTRAS_UNIVERSIDADES_45.md; CONFIRMACION_ESENCIAL_UNAP_UCT_UPLA_UTA_UCSC_27.md; DESCARTE_EDITORIAL_SEGUNDO_LOTE_50.md
a80e24e15ca2c85e885eb514e5ee7462cccf38a8dc110895737d85e3b8028db4,Beca Familia UCSC,Universidad Católica de la Santísima Concepción,DESCARTADA_EDITORIAL,False,SIN_GRUPO_REPETIDO,,,../REVISION_OTRAS_UNIVERSIDADES_45.md; CONFIRMACION_ESENCIAL_UNAP_UCT_UPLA_UTA_UCSC_27.md; DESCARTE_EDITORIAL_SEGUNDO_LOTE_50.md
663b36cb2ba3adac80121dbc8a63e9185ee7e88f79ab5cb0840d0483e1d355f1,Beca Deportista Destacado UCSC,Universidad Católica de la Santísima Concepción,PENDIENTE_CONFIRMACION_COMPLETA,False,SIN_GRUPO_REPETIDO,,,../REVISION_OTRAS_UNIVERSIDADES_45.md; CONFIRMACION_ESENCIAL_UNAP_UCT_UPLA_UTA_UCSC_27.md
ee4ccb1aa4a89edcfd46d1e017ee676f143f27985d44e9701a118d93e1bfdfaa,Beca Socioeconomica UCSC,Universidad Católica de la Santísima Concepción,DESCARTADA_EDITORIAL,False,SIN_GRUPO_REPETIDO,,,../REVISION_OTRAS_UNIVERSIDADES_45.md; CONFIRMACION_ESENCIAL_UNAP_UCT_UPLA_UTA_UCSC_27.md; DESCARTE_EDITORIAL_SEGUNDO_LOTE_50.md
2e9e62d5e80a0773c231c899e11a1f8a0c554377f78bff67ac2a75ac6fb0c866,Beca Excelencia Académica UCSH,Universidad Católica Silva Henriquez,DESCARTADA_EDITORIAL,False,SIN_GRUPO_REPETIDO,,,../REVISION_INSTITUCIONES_36.md; CONFIRMACION_ESENCIAL_LOTE_78.md; CONFIRMACION_ESENCIAL_UBO_UVM_UCSH_14.md; DESCARTE_EDITORIAL_SEGUNDO_LOTE_50.md
14f84638735c858c53f114c5e1e093e0bc8ae61422866366d6a0fd733eae5a97,Beca Socioeconomica UCSH,Universidad Católica Silva Henriquez,DESCARTADA_EDITORIAL,False,SIN_GRUPO_REPETIDO,,,../REVISION_INSTITUCIONES_36.md; CONFIRMACION_ESENCIAL_LOTE_78.md; CONFIRMACION_ESENCIAL_UBO_UVM_UCSH_14.md; DESCARTE_EDITORIAL_SEGUNDO_LOTE_50.md
eaa3c099b708a3f777b4a4b758d102dca018b71ceb0a558087c78874efc0e39e,Beca Deportiva UCSH,Universidad Católica Silva Henriquez,CONFIRMADA_ESENCIAL,True,PENDIENTE_CONCILIACION,descripcion; descripcion_larga; documentos_requeridos; monto,,../REVISION_INSTITUCIONES_36.md; CONFIRMACION_ESENCIAL_LOTE_78.md
561cf61f3e18aa9785dd49bc40778fb3175aa8ac94f1bc71a0211eb10734b00d,Beca Familiar UCSH,Universidad Católica Silva Henriquez,DESCARTADA_EDITORIAL,True,DESCARTADO_EDITORIAL,descripcion; descripcion_larga; documentos_requeridos; monto; regiones,,../REVISION_INSTITUCIONES_36.md; CONFIRMACION_ESENCIAL_LOTE_78.md; CONFIRMACION_ESENCIAL_UBO_UVM_UCSH_14.md; DESCARTE_EDITORIAL_SEGUNDO_LOTE_50.md
9c56a6c240b27b63c1bcffc27685918f0c5114b66165f261e8241919dbff298c,Beca de Excelencia Académica UCT,Universidad Católica de Temuco,DESCARTADA_EDITORIAL,False,SIN_GRUPO_REPETIDO,,,../REVISION_OTRAS_UNIVERSIDADES_45.md; CONFIRMACION_ESENCIAL_LOTE_62.md; CONFIRMACION_ESENCIAL_UNAP_UCT_UPLA_UTA_UCSC_27.md; DESCARTE_EDITORIAL_SEGUNDO_LOTE_50.md
92569119ae4b688cb9c5e465709fa7f6c7071a44fb235cd4fd03e707a7bba171,Beca de Alimentación UCT,Universidad Católica de Temuco,CONFIRMADA_ESENCIAL,False,SIN_GRUPO_REPETIDO,,,../REVISION_OTRAS_UNIVERSIDADES_45.md; CONFIRMACION_ESENCIAL_LOTE_62.md; CONFIRMACION_ESENCIAL_UNAP_UCT_UPLA_UTA_UCSC_27.md
3e95cab235ff364f2b441a5676988cf44b6c5cb6d771bd1c8b3cb9d3757458a2,Beca de Residencia UCT,Universidad Católica de Temuco,DESCARTADA_EDITORIAL,False,SIN_GRUPO_REPETIDO,,,../REVISION_OTRAS_UNIVERSIDADES_45.md; CONFIRMACION_ESENCIAL_LOTE_62.md; CONFIRMACION_ESENCIAL_UNAP_UCT_UPLA_UTA_UCSC_27.md; DESCARTE_EDITORIAL_SEGUNDO_LOTE_50.md
5f17b62ec6ecb905ceed2b7e3271a2974e374ec3b003fbcd3816c06fac6b7578,Beca Intercultural UCT,Universidad Católica de Temuco,DESCARTADA_EDITORIAL,False,SIN_GRUPO_REPETIDO,,,../REVISION_OTRAS_UNIVERSIDADES_45.md; CONFIRMACION_ESENCIAL_LOTE_62.md; CONFIRMACION_ESENCIAL_UNAP_UCT_UPLA_UTA_UCSC_27.md; DESCARTE_EDITORIAL_SEGUNDO_LOTE_50.md
4ec422a73e32828f499f9369a5dec1c0650c452d108038e35c2ebc64121c32ce,Beca Excelencia Académica UDD,Universidad del Desarrollo,DESCARTADA_EDITORIAL,False,SIN_GRUPO_REPETIDO,,,../REVISION_LOTE_26_FUENTES_COMPARTIDAS.md; ../REVISION_UNIVERSIDADES_45.md; CONFIRMACION_ESENCIAL_INSTITUCIONES_52.md; DESCARTE_EDITORIAL_INSTITUCIONES_53.md; REVISION_ESENCIAL_INSTITUCIONES_SEGUIMIENTO_53.md
e160388cb3ab618f94f9986e15ec9182d86bd4bb57a08f70245ecfd81aaf30fd,Beca Deportiva UDD,Universidad del Desarrollo,DESCARTADA_EDITORIAL,False,SIN_GRUPO_REPETIDO,,,../REVISION_LOTE_26_FUENTES_COMPARTIDAS.md; ../REVISION_UNIVERSIDADES_45.md; CONFIRMACION_ESENCIAL_INSTITUCIONES_52.md; DESCARTE_EDITORIAL_INSTITUCIONES_53.md; REVISION_ESENCIAL_INSTITUCIONES_SEGUIMIENTO_53.md
61c89463a41b047f3c0d9cdc29eb0511549fc9f907a9fc7f6388afc82fd836a4,Beca Socioeconomica UDD,Universidad del Desarrollo,DESCARTADA_EDITORIAL,True,DESCARTADO_EDITORIAL,descripcion; descripcion_larga; documentos_requeridos; monto; regiones; url,,../REVISION_LOTE_26_FUENTES_COMPARTIDAS.md; ../REVISION_UNIVERSIDADES_45.md; CONFIRMACION_ESENCIAL_INSTITUCIONES_52.md; DESCARTE_EDITORIAL_INSTITUCIONES_53.md; REVISION_ESENCIAL_INSTITUCIONES_SEGUIMIENTO_53.md
92e4ad7a0560c3a831af47c3412ee193c26746839a7b4fbc7e949183226b0c26,Beca Alumni UDD,Universidad del Desarrollo,DESCARTADA_EDITORIAL,False,SIN_GRUPO_REPETIDO,,,../REVISION_LOTE_26_FUENTES_COMPARTIDAS.md; ../REVISION_UNIVERSIDADES_45.md; CONFIRMACION_ESENCIAL_INSTITUCIONES_52.md; DESCARTE_EDITORIAL_INSTITUCIONES_53.md; REVISION_ESENCIAL_INSTITUCIONES_SEGUIMIENTO_53.md
e553144c6bf6ba33aed11e5686df067afdf6b8b07b621e2519997b7e7385953e,Beca Hijo Funcionario UDD,Universidad del Desarrollo,DESCARTADA_EDITORIAL,False,SIN_GRUPO_REPETIDO,,,../REVISION_LOTE_26_FUENTES_COMPARTIDAS.md; ../REVISION_UNIVERSIDADES_45.md; CONFIRMACION_ESENCIAL_INSTITUCIONES_52.md; DESCARTE_EDITORIAL_INSTITUCIONES_53.md; REVISION_ESENCIAL_INSTITUCIONES_SEGUIMIENTO_53.md
635cf6ce0b82c6c433f06f0106aaf7517e423bc0b35ab1d61cd78675582db316,Beca Convenio Empresas UDD,Universidad del Desarrollo,DESCARTADA_EDITORIAL,False,SIN_GRUPO_REPETIDO,,,../REVISION_LOTE_26_FUENTES_COMPARTIDAS.md; ../REVISION_UNIVERSIDADES_45.md; CONFIRMACION_ESENCIAL_INSTITUCIONES_52.md; DESCARTE_EDITORIAL_INSTITUCIONES_53.md; REVISION_ESENCIAL_INSTITUCIONES_SEGUIMIENTO_53.md
cfb90f338bf474a6fd91fba28d38420f6cc7ae5a338cf3383d0ff54b6e0c7598,Beca de Arancel UdeC,Universidad de Concepción,DESCARTADA_EDITORIAL,False,SIN_GRUPO_REPETIDO,,,../REVISION_LOTE_26_FUENTES_COMPARTIDAS.md; ../REVISION_REGIONALES_49.md; CONFIRMACION_ESENCIAL_INSTITUCIONES_52.md; CONFIRMACION_ESENCIAL_LOTE_78.md; DESCARTE_EDITORIAL_INSTITUCIONES_53.md; REVISION_ESENCIAL_INSTITUCIONES_SEGUIMIENTO_53.md
eb3131c5f603c2fd6a2c622cd438316e0b7209aeec659094ecd19c8ae4dbac17,Beca Excelencia Académica UdeC,Universidad de Concepción,DESCARTADA_EDITORIAL,False,SIN_GRUPO_REPETIDO,,,../REVISION_LOTE_26_FUENTES_COMPARTIDAS.md; ../REVISION_REGIONALES_49.md; CONFIRMACION_ESENCIAL_INSTITUCIONES_52.md; CONFIRMACION_ESENCIAL_LOTE_78.md; DESCARTE_EDITORIAL_INSTITUCIONES_53.md; REVISION_ESENCIAL_INSTITUCIONES_SEGUIMIENTO_53.md
7ca08d1ca442a3a99c402e817bcce7c62de546f0893d07bbdb3d3a6f27768bc9,Beca de Residencia UdeC,Universidad de Concepción,DESCARTADA_EDITORIAL,False,SIN_GRUPO_REPETIDO,,,../REVISION_LOTE_26_FUENTES_COMPARTIDAS.md; ../REVISION_REGIONALES_49.md; CONFIRMACION_ESENCIAL_INSTITUCIONES_52.md; CONFIRMACION_ESENCIAL_LOTE_78.md; DESCARTE_EDITORIAL_INSTITUCIONES_53.md; REVISION_ESENCIAL_INSTITUCIONES_SEGUIMIENTO_53.md
5254ac468066e3edc4853385821173bc489dfd44d9e6acb0db1ce3f5ff20ef7e,Beca Fomento Regional UDLA,Universidad de Las Américas,DESCARTADA_EDITORIAL,False,SIN_GRUPO_REPETIDO,,,../REVISION_OTRAS_UNIVERSIDADES_45.md; CONFIRMACION_ESENCIAL_LOTE_62.md; CONFIRMACION_ESENCIAL_UAI_UDLA_ULAGOS_13.md; DESCARTE_EDITORIAL_SEGUNDO_LOTE_50.md
d3324283d59861aa363779f9c95c5ec9e4ad2ec7dddad91c290bbf1d34a82d00,Beca Rendimiento Académico UDLA,Universidad de Las Américas,DESCARTADA_EDITORIAL,False,SIN_GRUPO_REPETIDO,,,../REVISION_OTRAS_UNIVERSIDADES_45.md; CONFIRMACION_ESENCIAL_LOTE_62.md; CONFIRMACION_ESENCIAL_UAI_UDLA_ULAGOS_13.md; DESCARTE_EDITORIAL_SEGUNDO_LOTE_50.md
043540cfe5f8a5663e40439f26b6c954749d4f12f60dd6b96f1d1a6ab1470711,Beca CAE Complemento UDLA,Universidad de Las Américas,DESCARTADA_EDITORIAL,False,SIN_GRUPO_REPETIDO,,,../REVISION_OTRAS_UNIVERSIDADES_45.md; CONFIRMACION_ESENCIAL_LOTE_62.md; CONFIRMACION_ESENCIAL_UAI_UDLA_ULAGOS_13.md; DESCARTE_EDITORIAL_SEGUNDO_LOTE_50.md
91edc86d30f49900052e39f7b54ad94dd4a84f5ea4bccc6ec72b52f5f7be85f8,Beca Deportiva UDLA,Universidad de Las Américas,CONFIRMADA_ESENCIAL,False,SIN_GRUPO_REPETIDO,,,../REVISION_OTRAS_UNIVERSIDADES_45.md; CONFIRMACION_ESENCIAL_LOTE_62.md
c2d84306e2e91126d41dbe65c3333d4c5b726268307f64b77b52a68e1f814a11,Beca Puntaje PAES UDP,Universidad Diego Portales,CONFIRMADA_ESENCIAL,False,SIN_GRUPO_REPETIDO,,,../REVISION_UNIVERSIDADES_45.md; CONFIRMACION_ESENCIAL_LOTE_62.md
724bc40ea97f49f31f653251554c435c4f090a6a0c8bd4d428767ff0997577c5,Beca Distincion Trayectorias Educativas UDP,Universidad Diego Portales,CONFIRMADA_ESENCIAL,False,SIN_GRUPO_REPETIDO,,,../REVISION_UNIVERSIDADES_45.md; CONFIRMACION_ESENCIAL_LOTE_62.md
d259e0e1d4c41596f82905035b8c53761c59ca8e741e6f023f44d9078d714cb4,Beca Deportista Destacado UDP,Universidad Diego Portales,CONFIRMADA_ESENCIAL,False,SIN_GRUPO_REPETIDO,,,../REVISION_UNIVERSIDADES_45.md; CONFIRMACION_ESENCIAL_LOTE_62.md
316355690ce80d505a6d0de458c1b76920022ecc9bcd24840a69e50e6261c52a,Beca Bachillerato Internacional UDP,Universidad Diego Portales,CONFIRMADA_ESENCIAL,False,SIN_GRUPO_REPETIDO,,,../REVISION_UNIVERSIDADES_45.md; CONFIRMACION_ESENCIAL_LOTE_62.md
8a8ef87bbef0ebebe9e0ff064ed8b4adec8599541d91f9b3bd32543e04c6387b,Beca de Cesantia UDP,Universidad Diego Portales,CONFIRMADA_ESENCIAL,False,SIN_GRUPO_REPETIDO,,,../REVISION_UNIVERSIDADES_45.md; CONFIRMACION_ESENCIAL_LOTE_62.md
daaf42706261cc111466a5a16002b927df4bec8976de34eac9a8a9e30320262c,Beca Convenio de Descuento UDP,Universidad Diego Portales,CONFIRMADA_ESENCIAL,False,SIN_GRUPO_REPETIDO,,,../REVISION_UNIVERSIDADES_45.md; CONFIRMACION_ESENCIAL_LOTE_62.md
3fa8612380b4ad51b8c44464c5131318bed480987ec58b5611d0566484a82a0e,Beca de Residencia UFRO,Universidad de La Frontera,PENDIENTE_CONFIRMACION_COMPLETA,False,SIN_GRUPO_REPETIDO,,,../REVISION_REGIONALES_49.md; CONFIRMACION_ESENCIAL_LOTE_78.md; CONFIRMACION_ESENCIAL_UCHILE_UACH_UFRO_13.md
e32478188248c1e8d179052cb8d9f6ff40b424a6bd0eff7637228ce064656933,Beca de Alimentación UFRO,Universidad de La Frontera,CONFIRMADA_ESENCIAL,True,CONCILIADO,descripcion; descripcion_larga; documentos_requeridos; monto,variantes/CONCILIACION_ALIMENTACION_UFRO.md,../REVISION_REGIONALES_49.md; CONFIRMACION_ESENCIAL_LOTE_78.md; CONFIRMACION_ESENCIAL_UCHILE_UACH_UFRO_13.md
8be893cd6d836b64c8865febc653653af6cb1fed5a4a7180a542d316dc5a9967,Beca Deportiva UFRO,Universidad de La Frontera,PENDIENTE_CONFIRMACION_COMPLETA,True,PENDIENTE_CONCILIACION,descripcion; descripcion_larga; documentos_requeridos; monto,,../REVISION_REGIONALES_49.md; CONFIRMACION_ESENCIAL_LOTE_78.md; CONFIRMACION_ESENCIAL_UCHILE_UACH_UFRO_13.md
d5f97ce59d9fba8b7820cfa630c6cc9e8c257564e04394118a9bd49d43dae997,Beca de Apoyo Socioeconomico UFRO,Universidad de La Frontera,PENDIENTE_CONFIRMACION_COMPLETA,False,SIN_GRUPO_REPETIDO,,,../REVISION_REGIONALES_49.md; CONFIRMACION_ESENCIAL_LOTE_78.md; CONFIRMACION_ESENCIAL_UCHILE_UACH_UFRO_13.md
a3a3b0bf75413553c6c56c2708f664670694d7b5393a5bc257f72d31326da76f,Beca Excelencia Académica UFT,Universidad Finis Terrae,DESCARTADA_EDITORIAL,True,DESCARTADO_EDITORIAL,descripcion; descripcion_larga; documentos_requeridos; monto; url,,../REVISION_UNIVERSIDADES_45.md; CONFIRMACION_ESENCIAL_LOTE_30.md; DESCARTE_EDITORIAL_INSTITUCIONES_53.md; REVISION_ESENCIAL_INSTITUCIONES_SEGUIMIENTO_53.md
20e767d20e880811fd693018b4e0b699b2d7a7a7f5f737ebce334f684002a279,Beca Socioeconomica UFT,Universidad Finis Terrae,DESCARTADA_EDITORIAL,False,SIN_GRUPO_REPETIDO,,,../REVISION_UNIVERSIDADES_45.md; CONFIRMACION_ESENCIAL_LOTE_30.md; DESCARTE_EDITORIAL_INSTITUCIONES_53.md; REVISION_ESENCIAL_INSTITUCIONES_SEGUIMIENTO_53.md
02dcb6d235a1072697d929f9b3f644f24d2782b6f2356b0310d357ae8f39d99d,Beca Deportiva UFT,Universidad Finis Terrae,CONFIRMADA_ESENCIAL,True,CONCILIADO,descripcion; descripcion_larga; documentos_requeridos; monto; url,variantes/CONCILIACION_UFT_DEPORTIVA.md,../REVISION_UNIVERSIDADES_45.md; CONFIRMACION_ESENCIAL_LOTE_30.md
b90cca7033047ac2c4805a0d5a1dbf92b8b413311a14c8c583b39a6367773980,Beca Alumni UFT,Universidad Finis Terrae,CONFIRMADA_ESENCIAL,False,SIN_GRUPO_REPETIDO,,,../REVISION_UNIVERSIDADES_45.md; CONFIRMACION_ESENCIAL_LOTE_30.md
a183d08a238734f518bbd4cced586d1793a5a966dbfbaba4b33fb62fa984e423,Aporte Excepcional de Transporte ULagos,Universidad de Los Lagos,CONFIRMADA_ESENCIAL,False,SIN_GRUPO_REPETIDO,,,../REVISION_REGIONALES_49.md; CONFIRMACION_ESENCIAL_LOTE_78.md
c62193606762c6068d1f3429aabfc3ec8e862f6f6f38c358225ec7fea9267477,Beca Interna ULagos,Universidad de Los Lagos,DESCARTADA_EDITORIAL,False,SIN_GRUPO_REPETIDO,,,../REVISION_REGIONALES_49.md; CONFIRMACION_ESENCIAL_LOTE_78.md; CONFIRMACION_ESENCIAL_UAI_UDLA_ULAGOS_13.md; DESCARTE_EDITORIAL_SEGUNDO_LOTE_50.md
b9037d3b4fadd7a3798ff419d5d38a649213e718f74743612ccaaf3da1c5755d,Beca Santander ULagos,Universidad de Los Lagos,CONFIRMADA_ESENCIAL,False,SIN_GRUPO_REPETIDO,,,../REVISION_REGIONALES_49.md; CONFIRMACION_ESENCIAL_LOTE_78.md; CONFIRMACION_ESENCIAL_UAI_UDLA_ULAGOS_13.md
8410987d565134f941ddc876ceb40e692058bfaedab903e4d99e05ebbbadd960,Beca de Alimentación ULagos,Universidad de Los Lagos,CONFIRMADA_ESENCIAL,False,SIN_GRUPO_REPETIDO,,,../REVISION_REGIONALES_49.md; CONFIRMACION_ESENCIAL_LOTE_78.md
67619de59c7379d92be87cbfd2d42f95bb606486f872d80b8f8a7a8eb22a6857,Beca Mayor Puntaje PAES UMAG,Universidad de Magallanes,CONFIRMADA_ESENCIAL,False,SIN_GRUPO_REPETIDO,,,../REVISION_REGIONALES_49.md; CONFIRMACION_ESENCIAL_LOTE_78.md
e12a1e8532b17861b3766394ad198755e7135a7652079be51dd9dd82eedb72e8,Beca Pueblos Originarios Magallanes UMAG,Universidad de Magallanes,CONFIRMADA_ESENCIAL,False,SIN_GRUPO_REPETIDO,,,../REVISION_REGIONALES_49.md; CONFIRMACION_ESENCIAL_LOTE_78.md
0589b551c3bc86f9bfe9d90288448c9d1b343b950160006e06a3fcfdcfca665b,Beca Deportistas Destacados UMAG,Universidad de Magallanes,CONFIRMADA_ESENCIAL,False,SIN_GRUPO_REPETIDO,,,../REVISION_REGIONALES_49.md; CONFIRMACION_ESENCIAL_LOTE_78.md
e1d0b2f915b494c0070072f2f718c974c447c643651879791b821f58bdd20b00,Beca de Residencia UMAG,Universidad de Magallanes,PENDIENTE_CONFIRMACION_COMPLETA,False,SIN_GRUPO_REPETIDO,,,../REVISION_REGIONALES_49.md; CONFIRMACION_ESENCIAL_LOTE_78.md
0e9e5f4af12e410779b1442219fafd24ef3cb589e5f66f21803da12fbc386d22,Beca Puntaje PAES UMayor,Universidad Mayor,CONFIRMADA_ESENCIAL,False,SIN_GRUPO_REPETIDO,,,../REVISION_UNIVERSIDADES_45.md; CONFIRMACION_ESENCIAL_AUTONOMA_MAYOR_9.md; CONFIRMACION_ESENCIAL_LOTE_62.md
58c8bafe48f523b309998df46b2dba7d9aaec8ef91525886a73a5af0f4a152a7,Beca Deportiva UMayor,Universidad Mayor,DESCARTADA_EDITORIAL,False,SIN_GRUPO_REPETIDO,,,../REVISION_UNIVERSIDADES_45.md; CONFIRMACION_ESENCIAL_AUTONOMA_MAYOR_9.md; CONFIRMACION_ESENCIAL_LOTE_62.md; DESCARTE_EDITORIAL_INSTITUCIONES_53.md; REVISION_ESENCIAL_INSTITUCIONES_SEGUIMIENTO_53.md
6df6b1fdb7542c8a80b8340c0cf17a92226887ab13bbf0501c4654787428d33e,Beca Copago UMayor,Universidad Mayor,DESCARTADA_EDITORIAL,False,SIN_GRUPO_REPETIDO,,,../REVISION_UNIVERSIDADES_45.md; CONFIRMACION_ESENCIAL_AUTONOMA_MAYOR_9.md; CONFIRMACION_ESENCIAL_LOTE_62.md; DESCARTE_EDITORIAL_INSTITUCIONES_53.md; REVISION_ESENCIAL_INSTITUCIONES_SEGUIMIENTO_53.md
245f7c71a69590e6fd40f85bbaf812bec5b5a4f760c4a9b650cc59b92c68b12c,Beca Familiar UMayor,Universidad Mayor,DESCARTADA_EDITORIAL,False,SIN_GRUPO_REPETIDO,,,../REVISION_UNIVERSIDADES_45.md; CONFIRMACION_ESENCIAL_AUTONOMA_MAYOR_9.md; CONFIRMACION_ESENCIAL_LOTE_62.md; DESCARTE_EDITORIAL_INSTITUCIONES_53.md; REVISION_ESENCIAL_INSTITUCIONES_SEGUIMIENTO_53.md
28419e40546a00015949dfd6c4a3a002aa17bac9befd30109cde13d7ecd87019,Beca Talento Emprendedor UMayor,Universidad Mayor,DESCARTADA_EDITORIAL,False,SIN_GRUPO_REPETIDO,,,../REVISION_UNIVERSIDADES_45.md; CONFIRMACION_ESENCIAL_AUTONOMA_MAYOR_9.md; CONFIRMACION_ESENCIAL_LOTE_62.md; DESCARTE_EDITORIAL_INSTITUCIONES_53.md; REVISION_ESENCIAL_INSTITUCIONES_SEGUIMIENTO_53.md
ee1474ecfc7cd3c2992fbeda735b1672111492025c48d72b05ed42bd6fc8150c,Beca Alumni UMayor,Universidad Mayor,CONFIRMADA_ESENCIAL,False,SIN_GRUPO_REPETIDO,,,../REVISION_UNIVERSIDADES_45.md; CONFIRMACION_ESENCIAL_LOTE_62.md
a49b9bf87ce5fafc60030dcfa91dc8014404b5f455cf33e612166827a5c5a24e,Beca Académica UNAB,Universidad Nacional Andrés Bello,CONFIRMADA_ESENCIAL,False,SIN_GRUPO_REPETIDO,,,../REVISION_UNIVERSIDADES_45.md; CONFIRMACION_ESENCIAL_LOTE_62.md
9480220484dc43773469aff604795c0a6d27b18e8441b28a834f6689efe60da3,Beca Deportiva UNAB,Universidad Nacional Andrés Bello,CONFIRMADA_ESENCIAL,False,SIN_GRUPO_REPETIDO,,,../REVISION_UNIVERSIDADES_45.md; CONFIRMACION_ESENCIAL_LOTE_62.md
a495c84181a2e5a241bf753c046b7377b4f50c2f90009f36c5215fcc8f0c431e,Beca Fomento Regional UNAB,Universidad Nacional Andrés Bello,CONFIRMADA_ESENCIAL,False,SIN_GRUPO_REPETIDO,,,../REVISION_UNIVERSIDADES_45.md; CONFIRMACION_ESENCIAL_LOTE_62.md
cbd7db98f09fda78b88820abaea0a377f414bd1e4126c1abf4a08410563ca525,Beca Alumni UNAB,Universidad Nacional Andrés Bello,DESCARTADA_EDITORIAL,False,SIN_GRUPO_REPETIDO,,,../REVISION_UNIVERSIDADES_45.md; CONFIRMACION_ESENCIAL_LOTE_62.md; DESCARTE_EDITORIAL_INSTITUCIONES_53.md; REVISION_ESENCIAL_INSTITUCIONES_SEGUIMIENTO_53.md
51937f9b1efc788242199295cfb01e97bd0c113f5c1f800c8d9b56669064473d,Beca Socioeconomica UNAB,Universidad Nacional Andrés Bello,DESCARTADA_EDITORIAL,False,SIN_GRUPO_REPETIDO,,,../REVISION_UNIVERSIDADES_45.md; CONFIRMACION_ESENCIAL_LOTE_62.md; DESCARTE_EDITORIAL_INSTITUCIONES_53.md; REVISION_ESENCIAL_INSTITUCIONES_SEGUIMIENTO_53.md
1505c7ed3c606713feb675642dc272cb31eeeedb9324f4368475b5d8746a6bae,Beca Convenio Empresas UNAB,Universidad Nacional Andrés Bello,DESCARTADA_EDITORIAL,False,SIN_GRUPO_REPETIDO,,,../REVISION_UNIVERSIDADES_45.md; CONFIRMACION_ESENCIAL_LOTE_62.md; DESCARTE_EDITORIAL_INSTITUCIONES_53.md; REVISION_ESENCIAL_INSTITUCIONES_SEGUIMIENTO_53.md
6e1b87bada53011cb5b51c8f24ea581b762aab68a6b491c4b2bff939d994ce31,Beca Copago UNAB,Universidad Nacional Andrés Bello,DESCARTADA_EDITORIAL,False,SIN_GRUPO_REPETIDO,,,../REVISION_UNIVERSIDADES_45.md; CONFIRMACION_ESENCIAL_LOTE_62.md; DESCARTE_EDITORIAL_INSTITUCIONES_53.md; REVISION_ESENCIAL_INSTITUCIONES_SEGUIMIENTO_53.md
86e8521e23d94015034c50c52d18ef04207e5c225f1cc8e319bbe482f9011dc2,Beca Residencia UNAP,Universidad Arturo Prat,DESCARTADA_EDITORIAL,False,SIN_GRUPO_REPETIDO,,,../REVISION_OTRAS_UNIVERSIDADES_45.md; CONFIRMACION_ESENCIAL_UNAP_UCT_UPLA_UTA_UCSC_27.md; DESCARTE_EDITORIAL_SEGUNDO_LOTE_50.md
5106a524977d01e989fb469872757dc7c2908ac7279432a5ac31ec15f01a3fd6,Tarjeta de Alimentación UNAP,Universidad Arturo Prat,CONFIRMADA_ESENCIAL,False,SIN_GRUPO_REPETIDO,,,../REVISION_OTRAS_UNIVERSIDADES_45.md; CONFIRMACION_ESENCIAL_UNAP_UCT_UPLA_UTA_UCSC_27.md
7f0afae2425cf80150a8af5ca17793350968b2031b89758387149523ae067529,Beca Primeras Preferencias UNAP,Universidad Arturo Prat,CONFIRMADA_ESENCIAL,False,SIN_GRUPO_REPETIDO,,,../REVISION_OTRAS_UNIVERSIDADES_45.md; CONFIRMACION_ESENCIAL_UNAP_UCT_UPLA_UTA_UCSC_27.md; CONFIRMACION_HISTORICA_UNAP_Y_CONTRADICCION_UCSC.md
3ff215f978cb8864a1d994beed74dc4bfa0f8368639de6405c98cf8bd9e38e63,Beca Deportiva UNAP,Universidad Arturo Prat,CONFIRMADA_ESENCIAL,False,SIN_GRUPO_REPETIDO,,,../REVISION_OTRAS_UNIVERSIDADES_45.md; CONFIRMACION_ESENCIAL_UNAP_UCT_UPLA_UTA_UCSC_27.md; CONFIRMACION_HISTORICA_UNAP_Y_CONTRADICCION_UCSC.md
f43b0040acd2914489f6b344a0e588582de5c297915978a8f4832fd14e0770a1,Beca de Excelencia Académica UPLA,Universidad de Playa Ancha,DESCARTADA_EDITORIAL,False,SIN_GRUPO_REPETIDO,,,../REVISION_REGIONALES_49.md; CONFIRMACION_ESENCIAL_LOTE_78.md; CONFIRMACION_ESENCIAL_UNAP_UCT_UPLA_UTA_UCSC_27.md; DESCARTE_EDITORIAL_SEGUNDO_LOTE_50.md
68f9c2b1bf2aaf92ca59b1903cf03046310091d29f81533e1475abce2c88b4b3,Beca de Alimentación UPLA,Universidad de Playa Ancha,DESCARTADA_EDITORIAL,True,DESCARTADO_EDITORIAL,descripcion; descripcion_larga; documentos_requeridos; monto; url,,../REVISION_REGIONALES_49.md; CONFIRMACION_ESENCIAL_LOTE_78.md; CONFIRMACION_ESENCIAL_UNAP_UCT_UPLA_UTA_UCSC_27.md; DESCARTE_EDITORIAL_SEGUNDO_LOTE_50.md
329107086a1ae9bdd602e66bcc8067941be5b9d5aef977702c312e2e1a7eaccd,Beca de Residencia UPLA,Universidad de Playa Ancha,DESCARTADA_EDITORIAL,False,SIN_GRUPO_REPETIDO,,,../REVISION_REGIONALES_49.md; CONFIRMACION_ESENCIAL_LOTE_78.md; CONFIRMACION_ESENCIAL_UNAP_UCT_UPLA_UTA_UCSC_27.md; DESCARTE_EDITORIAL_SEGUNDO_LOTE_50.md
387d29807e757a9dd151309e6d1053d3751f720135ca326c26da6fc9afef2d46,Beca Deportiva UPLA,Universidad de Playa Ancha,CONFIRMADA_ESENCIAL,True,PENDIENTE_CONCILIACION,descripcion; descripcion_larga; documentos_requeridos; monto; url,,../REVISION_REGIONALES_49.md; CONFIRMACION_ESENCIAL_LOTE_78.md; CONFIRMACION_ESENCIAL_UNAP_UCT_UPLA_UTA_UCSC_27.md
b1a2df581f33a23e380d1c9ff533c236b0a037797f6b65b26fe1011f13ab47ff,Beca de Excelencia Académica USACH,Universidad de Santiago de Chile,PENDIENTE_CONFIRMACION_COMPLETA,False,SIN_GRUPO_REPETIDO,,,../REVISION_INSTITUCIONES_36.md; CONFIRMACION_ESENCIAL_LOTE_78.md
7a5baf654548340776c10708c375147c5e4c10ec8eb4c807b1eaf646e42df921,Beca de Apoyo Socioeconomico USACH,Universidad de Santiago de Chile,PENDIENTE_CONFIRMACION_COMPLETA,False,SIN_GRUPO_REPETIDO,,,../REVISION_INSTITUCIONES_36.md; CONFIRMACION_ESENCIAL_LOTE_78.md
66d55e436f0924e675186a39dfc8c3e607d578ed33e1abbc5ae41f0f99e58ade,Beca Deportiva USACH,Universidad de Santiago de Chile,CONFIRMADA_ESENCIAL,False,SIN_GRUPO_REPETIDO,,,../REVISION_INSTITUCIONES_36.md; CONFIRMACION_ESENCIAL_LOTE_78.md
5400345f14a5839d05af3184b2bff6801e9354ef7f2fa0d9d5984935c01c4bc6,Beca USS,Universidad San Sebastián,CONFIRMADA_ESENCIAL,False,SIN_GRUPO_REPETIDO,,,../REVISION_UNIVERSIDADES_45.md; CONFIRMACION_ESENCIAL_LOTE_62.md
2b1c57c9a5601c1d0e16f9adaffad9446ede5acd557da6f440532864bb93fbce,Beca Excelencia Académica USS,Universidad San Sebastián,CONFIRMADA_ESENCIAL,False,SIN_GRUPO_REPETIDO,,,../REVISION_UNIVERSIDADES_45.md; CONFIRMACION_ESENCIAL_LOTE_62.md
9158a99e8cd09a9f3dfc3365d2fae183fd36d0a6c7e0d44a3f12ff3fb750e65a,Beca Deportiva USS,Universidad San Sebastián,CONFIRMADA_ESENCIAL,False,SIN_GRUPO_REPETIDO,,,../REVISION_UNIVERSIDADES_45.md; CONFIRMACION_ESENCIAL_LOTE_62.md
cf9dee9ad0fde9214be13f7f175232270fa4a125b90d1430689f57f080893663,Beca Talento Líder USS,Universidad San Sebastián,CONFIRMADA_ESENCIAL,False,SIN_GRUPO_REPETIDO,,,../REVISION_UNIVERSIDADES_45.md; CONFIRMACION_ESENCIAL_LOTE_62.md
e5aec1327d896ba5c9da9edc8c160e856e0c91807fee44d5710a7c4351eb51ee,Beca Familiar USS,Universidad San Sebastián,CONFIRMADA_ESENCIAL,False,SIN_GRUPO_REPETIDO,,,../REVISION_UNIVERSIDADES_45.md; CONFIRMACION_ESENCIAL_LOTE_62.md
81c96cf6918051e9300d2fc634f368dcfad7af34d0a832cc20ff316ed5d30b8d,Beca Titulados USS,Universidad San Sebastián,CONFIRMADA_ESENCIAL,False,SIN_GRUPO_REPETIDO,,,../REVISION_UNIVERSIDADES_45.md; CONFIRMACION_ESENCIAL_LOTE_62.md
91beafc8e8b96777ac1fe4b984f4df92a5a8427a0bb158e10c3176a3344d25f3,Beca Hijo de Egresados USS,Universidad San Sebastián,CONFIRMADA_ESENCIAL,False,SIN_GRUPO_REPETIDO,,,../REVISION_UNIVERSIDADES_45.md; CONFIRMACION_ESENCIAL_LOTE_62.md
57dde5f97192fa9eb4e8daac436f1ad1108f5a1219a46a6854715f0db3ba79f4,Beca de Honor UTA,Universidad de Tarapacá,CONFIRMADA_ESENCIAL,False,SIN_GRUPO_REPETIDO,,,../REVISION_OTRAS_UNIVERSIDADES_45.md; CONFIRMACION_ESENCIAL_UNAP_UCT_UPLA_UTA_UCSC_27.md
c175b394c63caf018e42cf9cf7adc976977da684a5ce8e33573bc48ee361985f,Beca Integración Transfronteriza UTA,Universidad de Tarapacá,PENDIENTE_CONFIRMACION_COMPLETA,False,SIN_GRUPO_REPETIDO,,,../REVISION_OTRAS_UNIVERSIDADES_45.md; CONFIRMACION_ESENCIAL_UNAP_UCT_UPLA_UTA_UCSC_27.md
7bef7d41d7b3ee6e69e8c2af55f784beab29a49f3476ff21b09128d34946bae3,Beca de Apoyo Estudiantil UTA,Universidad de Tarapacá,DESCARTADA_EDITORIAL,False,SIN_GRUPO_REPETIDO,,,../REVISION_OTRAS_UNIVERSIDADES_45.md; CONFIRMACION_ESENCIAL_UNAP_UCT_UPLA_UTA_UCSC_27.md; DESCARTE_EDITORIAL_SEGUNDO_LOTE_50.md
bd7ef9210bdbdca885ab8f55c55f5f726be951bcd96f8869474502e2c4a06bfc,Beca de Alimentación UTA,Universidad de Tarapacá,CONFIRMADA_ESENCIAL,True,PENDIENTE_CONCILIACION,descripcion; descripcion_larga; documentos_requeridos; institucion; monto; regiones; url,,../REVISION_OTRAS_UNIVERSIDADES_45.md; CONFIRMACION_ESENCIAL_UNAP_UCT_UPLA_UTA_UCSC_27.md
0a02b2df6da5597d8ec9c067459445350c4803bae2712383d143f3cd6c9e89eb,Beca Universidad de Talca,Universidad de Talca,CONFIRMADA_ESENCIAL,False,SIN_GRUPO_REPETIDO,,,../REVISION_LOTE_26_FUENTES_COMPARTIDAS.md; ../REVISION_UTALCA.md; CONFIRMACION_ESENCIAL_LOTE_30.md
86fa1bddee4e6717eb5f2df8145c52012de651aea6c4f39803dadb9b4056c8bd,Beca al mas alto puntaje PAES,Universidad de Talca,CONFIRMADA_ESENCIAL,False,SIN_GRUPO_REPETIDO,,,../REVISION_LOTE_26_FUENTES_COMPARTIDAS.md; ../REVISION_UTALCA.md; CONFIRMACION_ESENCIAL_LOTE_30.md
d2f9106c7c0aaaa3ee55b9bec8ec20678eb6c2e9f4323beb9054bb2a2833b53b,Beca Mejores Puntajes Regionales PAES,Universidad de Talca,CONFIRMADA_ESENCIAL,False,SIN_GRUPO_REPETIDO,,,../REVISION_LOTE_26_FUENTES_COMPARTIDAS.md; ../REVISION_UTALCA.md; CONFIRMACION_ESENCIAL_LOTE_30.md
ec2c9a1a242a2bf0b038e6329fe8f10677ea4ec22a33e1cf5465378ee05e41fb,Beca de Excelencia Deportiva,Universidad de Talca,PENDIENTE_CONFIRMACION_COMPLETA,True,CONCILIADO,descripcion; descripcion_larga; documentos_requeridos; monto,variantes/CONCILIACION_UTALCA_3.md,../REVISION_LOTE_26_FUENTES_COMPARTIDAS.md; ../REVISION_UTALCA.md; CONFIRMACION_ESENCIAL_LOTE_30.md
b1216a99e1f212c85cf6476d0409b0699b9258adca4734a13f2bd6a4230c4cd8,Beca Abate Molina,Universidad de Talca,CONFIRMADA_ESENCIAL,True,CONCILIADO,descripcion; descripcion_larga; documentos_requeridos,variantes/CONCILIACION_UTALCA_3.md,../REVISION_LOTE_26_FUENTES_COMPARTIDAS.md; ../REVISION_UTALCA.md; CONFIRMACION_ESENCIAL_LOTE_30.md
dfc3cda73ae8d20a3249f8d89f76ac2951a81aef98192dd0ee005144b2e418bf,Beca de Apoyo para Mujeres Ingenieras,Universidad de Talca,CONFIRMADA_ESENCIAL,False,SIN_GRUPO_REPETIDO,,,../REVISION_LOTE_26_FUENTES_COMPARTIDAS.md; ../REVISION_UTALCA.md; CONFIRMACION_ESENCIAL_LOTE_30.md
88dfd2bc8b76b883df2318f9845420ccd18dedaeedb0092f95157a6c5b70dcea,Beca de Arancel para Pedagogías,Universidad de Talca,CONFIRMADA_ESENCIAL,True,CONCILIADO,descripcion; descripcion_larga; documentos_requeridos; monto,variantes/CONCILIACION_UTALCA_3.md,../REVISION_LOTE_26_FUENTES_COMPARTIDAS.md; ../REVISION_UTALCA.md; CONFIRMACION_ESENCIAL_LOTE_30.md
85508df152226f5c39238b0ab17a19c2df41dab5bab96d13354c047581b0d613,Premio Puntaje Maximo PAES,Universidad Técnica Federico Santa Maria,CONFIRMADA_ESENCIAL,True,CONCILIADO,descripcion; descripcion_larga; documentos_requeridos; monto,variantes/CONCILIACION_USM_2.md,../REVISION_REGIONALES_49.md; CONFIRMACION_ESENCIAL_LOTE_30.md
a2dc0a9c95fbc43d84d981777e36027c8f7f466db01e2118f6d5a97e31d6dcc9,Premio a la Excelencia Primer Ano,Universidad Técnica Federico Santa Maria,CONFIRMADA_ESENCIAL,False,SIN_GRUPO_REPETIDO,,,../REVISION_REGIONALES_49.md; CONFIRMACION_ESENCIAL_LOTE_30.md
b483efa25dc0e7e60fa0ab18d54295bc33e11a51478b4db0106dffecc487bb74,Beca Propedéutico Ex Umbra in Solem,Universidad Técnica Federico Santa Maria,CONFIRMADA_ESENCIAL,False,SIN_GRUPO_REPETIDO,,,../REVISION_REGIONALES_49.md; CONFIRMACION_ESENCIAL_LOTE_30.md
09d21a3ca74f166c00b3b1642f8855e144b2ecaf731de79889df42d1cb9ec149,Beca Deportista Destacado USM,Universidad Técnica Federico Santa Maria,CONFIRMADA_ESENCIAL,False,SIN_GRUPO_REPETIDO,,,../REVISION_REGIONALES_49.md; CONFIRMACION_ESENCIAL_LOTE_30.md
342a0694ec0aaa174acbe0685e25dbe5ccf3f070537cb5f0ed1fdcdaa9796705,Beca Deportista en Formación Elite,Universidad Técnica Federico Santa Maria,PENDIENTE_CONFIRMACION_COMPLETA,False,SIN_GRUPO_REPETIDO,,,../REVISION_REGIONALES_49.md; CONFIRMACION_ESENCIAL_LOTE_30.md; CONFIRMACION_ESENCIAL_LOTE_78.md
70b5d9a68ae20d45e593e6d44d1c5b349bbefaf592798944509eb5d906bda746,Beca Deportista Elite USM,Universidad Técnica Federico Santa Maria,CONFIRMADA_ESENCIAL,True,CONCILIADO,descripcion; descripcion_larga; documentos_requeridos; monto,variantes/CONCILIACION_USM_2.md,../REVISION_REGIONALES_49.md; CONFIRMACION_ESENCIAL_LOTE_30.md
33ec94d4fb3a968b3de117432023d23c16f0f8309478f65c576115e780cf56a9,Beca de Apoyo Socioeconomico UV,Universidad de Valparaíso,PENDIENTE_CONFIRMACION_COMPLETA,False,SIN_GRUPO_REPETIDO,,,../REVISION_REGIONALES_49.md; CONFIRMACION_ESENCIAL_LOTE_30.md; CONFIRMACION_ESENCIAL_LOTE_78.md
158fa6c0e34a3b1f8f489fa60a20a1ea6769d03e7bf360488de39eb31cd4079a,Beca de Honor Primer Lugar de Matrícula,Universidad de Valparaíso,CONFIRMADA_ESENCIAL,True,CONCILIADO,descripcion; descripcion_larga; documentos_requeridos; institucion,variantes/CONCILIACION_UV_2.md,../REVISION_REGIONALES_49.md; CONFIRMACION_ESENCIAL_LOTE_30.md
12efd20e2ebeb5752e26afb9feca068226f4d893ef47a4f473c118ca68f8e020,Beca de Honor Distincion Trayectorias Educativas,Universidad de Valparaíso,CONFIRMADA_ESENCIAL,False,SIN_GRUPO_REPETIDO,,,../REVISION_REGIONALES_49.md; CONFIRMACION_ESENCIAL_LOTE_30.md
8dbb7049d6aeb6617fc578fc19cd4be0d45510a6849fb2f70301818de51a9870,Beca de Excelencia Deportiva UV,Universidad de Valparaíso,PENDIENTE_CONFIRMACION_COMPLETA,True,CONCILIADO,descripcion; descripcion_larga; documentos_requeridos; institucion; monto,variantes/CONCILIACION_UV_2.md,../REVISION_REGIONALES_49.md; CONFIRMACION_ESENCIAL_LOTE_30.md; CONFIRMACION_ESENCIAL_LOTE_78.md
3d51ccefe92a751d1a3a0eceebd4bdbb855f49c557f2ed9048aee3aa6ed6eafa,Beca Matrícula UVM,Universidad Viña del Mar,DESCARTADA_EDITORIAL,True,DESCARTADO_EDITORIAL,descripcion; descripcion_larga; documentos_requeridos; institucion; monto; regiones; tipo_beca; url,,../REVISION_INSTITUCIONES_36.md; CONFIRMACION_ESENCIAL_LOTE_78.md; CONFIRMACION_ESENCIAL_UBO_UVM_UCSH_14.md; DESCARTE_EDITORIAL_SEGUNDO_LOTE_50.md
02ca97d10f19f590e1764f975028d00ff085b52cd134d5171add2481b790883f,Beca Copago UVM,Universidad Viña del Mar,DESCARTADA_EDITORIAL,False,SIN_GRUPO_REPETIDO,,,../REVISION_INSTITUCIONES_36.md; CONFIRMACION_ESENCIAL_LOTE_78.md; CONFIRMACION_ESENCIAL_UBO_UVM_UCSH_14.md; DESCARTE_EDITORIAL_SEGUNDO_LOTE_50.md
a4998a5e23db0252fbbde1855dc1857d9493f12e7740de4fdcf1286bbd55c8af,Beca Convenio Empresas UVM,Universidad Viña del Mar,DESCARTADA_EDITORIAL,False,SIN_GRUPO_REPETIDO,,,../REVISION_INSTITUCIONES_36.md; CONFIRMACION_ESENCIAL_LOTE_78.md; CONFIRMACION_ESENCIAL_UBO_UVM_UCSH_14.md; DESCARTE_EDITORIAL_SEGUNDO_LOTE_50.md
d7058912548ea3c97dfe49965790b1745e9836bf5338df8bcf6cf8da57875154,Beca Deportiva UVM,Universidad Viña del Mar,CONFIRMADA_ESENCIAL,True,CONCILIADO,descripcion; descripcion_larga; documentos_requeridos; institucion; monto; regiones; url,variantes/CONCILIACION_DEPORTIVA_UVM.md,../REVISION_INSTITUCIONES_36.md; CONFIRMACION_ESENCIAL_LOTE_78.md; CONFIRMACION_ESENCIAL_UBO_UVM_UCSH_14.md
1bd209e4d81b1fcf12836288ad291f6bf67b4994895ff09f252caf910e36aced,Beca Municipal de Educación Superior Colina,Municipalidad de Colina,PENDIENTE_CONFIRMACION_COMPLETA,False,SIN_GRUPO_REPETIDO,,,../REVISION_MUNICIPALES_33.md; CONFIRMACION_ESENCIAL_MUNICIPALES_50.md; CONFIRMACION_ESENCIAL_MUNICIPALES_97.md
61153e20744186e705f661ce8105c2b9a003aedbb021d4368b3ae968907eb595,Beca Municipal Ilustre Municipalidad de Natales,Municipalidad de Puerto Natales,CONFIRMADA_ESENCIAL,False,SIN_GRUPO_REPETIDO,,,../REVISION_MUNICIPALES_SIGUIENTES_32.md; CONFIRMACION_ESENCIAL_MUNICIPALES_97.md
2f31d4188540d37a3c9c0c846aeddb0438c2459b1a079ea884cc4393a55e8f81,Beca Municipal de Educación Superior Talagante,Municipalidad de Talagante,CONFIRMADA_ESENCIAL,False,SIN_GRUPO_REPETIDO,,,../REVISION_MUNICIPALES_SIGUIENTES_32.md; CONFIRMACION_ESENCIAL_MUNICIPALES_50.md; CONFIRMACION_ESENCIAL_MUNICIPALES_97.md
f86f49fa9f5183697b0a47b5b7b35bb2cf8ac981976445245e632c5bfb0e35b3,Beca Ilustre Municipalidad de Buin (Educación Superior),Municipalidad de Buin,CONFIRMADA_ESENCIAL,False,SIN_GRUPO_REPETIDO,,,../REVISION_MUNICIPALES_33.md; CONFIRMACION_ESENCIAL_MUNICIPALES_50.md; CONFIRMACION_ESENCIAL_MUNICIPALES_97.md
b4abedea616b97afaf36bc853b1258379835f447f55354b9985866ca429a659c,Beca Municipal Educación Superior Paine,Municipalidad de Paine,PENDIENTE_CONFIRMACION_COMPLETA,False,SIN_GRUPO_REPETIDO,,,../REVISION_MUNICIPALES_32.md; CONFIRMACION_ESENCIAL_MUNICIPALES_50.md; CONFIRMACION_ESENCIAL_MUNICIPALES_97.md
210deca2ecb50907fb94d96cdfe23efa4ed3ef0c1e7eb984c9754f340b2d841e,Beca Municipal de Educación Superior San Carlos,Municipalidad de San Carlos,CONFIRMADA_ESENCIAL,False,SIN_GRUPO_REPETIDO,,,../REVISION_MUNICIPALES_SIGUIENTES_32.md; CONFIRMACION_ESENCIAL_MUNICIPALES_97.md; CONFIRMACION_ESENCIAL_MUNICIPALES_SEGUNDO_50.md
f435a119901e41f784b3ee4831a5af00ddbfd30b031da6188b775dbc98fdaead,Beca Municipal para Estudiantes de Educación Superior Angol,Municipalidad de Angol,PENDIENTE_CONFIRMACION_COMPLETA,False,SIN_GRUPO_REPETIDO,,,../REVISION_MUNICIPALES_SIGUIENTES_32.md; CONFIRMACION_ESENCIAL_MUNICIPALES_97.md; CONFIRMACION_ESENCIAL_MUNICIPALES_SEGUNDO_50.md
526d000a3d0f071920f61c6208964cc05b945fc032e3a19f7b32f704deda3ba3,Beca Municipal Educación Superior Vallenar,Municipalidad de Vallenar,PENDIENTE_CONFIRMACION_COMPLETA,False,SIN_GRUPO_REPETIDO,,,../REVISION_MUNICIPALES_SIGUIENTES_32.md; CONFIRMACION_ESENCIAL_MUNICIPALES_97.md; CONFIRMACION_ESENCIAL_MUNICIPALES_SEGUNDO_50.md
16549819d19a32f2ee89760b7e220306352014258237afa4ee4a45d9ddddfbd6,Beca Municipal de Educación Superior San Vicente,Municipalidad de San Vicente de Tagua Tagua,PENDIENTE_CONFIRMACION_COMPLETA,False,SIN_GRUPO_REPETIDO,,,../REVISION_MUNICIPALES_SIGUIENTES_32.md; CONFIRMACION_ESENCIAL_MUNICIPALES_50.md; CONFIRMACION_ESENCIAL_MUNICIPALES_97.md
9e17a63a351bd5d9a214183edc39fa2f2c8c8837e5ee3f9b0db3333f35247f86,Beca Municipal de Educación Superior Molina,Municipalidad de Molina,CONFIRMADA_ESENCIAL,False,SIN_GRUPO_REPETIDO,,,../REVISION_MUNICIPALES_32.md; CONFIRMACION_ESENCIAL_MUNICIPALES_50.md; CONFIRMACION_ESENCIAL_MUNICIPALES_97.md
1e8969f1902fd0d2d7581a12d2f58769b41d39c99bc4f2870b8aca9b982d7fbc,Beca Municipal de Educación Superior San Miguel,Municipalidad de San Miguel,PENDIENTE_CONFIRMACION_COMPLETA,False,SIN_GRUPO_REPETIDO,,,../REVISION_MUNICIPALES_SIGUIENTES_32.md; CONFIRMACION_ESENCIAL_MUNICIPALES_97.md; CONFIRMACION_ESENCIAL_MUNICIPALES_SEGUNDO_50.md
b721f22d2bf20f0a6d2944fed575b94fefd8d16b38b5c45869aa4f9ae82c70c9,Beca Municipal de Educación Superior Pucon,Municipalidad de Pucon,PENDIENTE_CONFIRMACION_COMPLETA,False,SIN_GRUPO_REPETIDO,,,../REVISION_MUNICIPALES_SIGUIENTES_32.md; CONFIRMACION_ESENCIAL_MUNICIPALES_97.md; CONFIRMACION_ESENCIAL_MUNICIPALES_SEGUNDO_50.md
680087f1deb1051da26f42fcea650e3e6b893550afb3efa41a4abe6a43e13d35,Beca de Educación Superior Recoleta,Municipalidad de Recoleta,PENDIENTE_CONFIRMACION_COMPLETA,False,SIN_GRUPO_REPETIDO,,,../REVISION_MUNICIPALES_SIGUIENTES_32.md; CONFIRMACION_ESENCIAL_MUNICIPALES_97.md; CONFIRMACION_ESENCIAL_MUNICIPALES_SEGUNDO_50.md
1d6ea17d7ef2164aed671a5f50708699912d605036dddd630c1fccf7712383e1,Beca Municipal Educación Superior Independencia,Municipalidad de Independencia,CONFIRMADA_ESENCIAL,False,SIN_GRUPO_REPETIDO,,,../REVISION_MUNICIPALES_SIGUIENTES_32.md; CONFIRMACION_ESENCIAL_MUNICIPALES_97.md
c184494125231a03affcbe31c17eca4b7cea9a9bcb454850a996fa9460a3f51a,Beca Municipal para Estudiantes de Educación Superior,Municipalidad de Estacion Central,PENDIENTE_CONFIRMACION_COMPLETA,False,SIN_GRUPO_REPETIDO,,,../REVISION_MUNICIPALES_TERCER_32.md; CONFIRMACION_ESENCIAL_MUNICIPALES_96.md; CONFIRMACION_ESENCIAL_MUNICIPALES_SEGUNDO_50.md
c4624704c3f03bc58230e706118c395e9047ca7c1fb9043b7442bd9093edad7c,Beca Ilustre Municipalidad de Quintero,Municipalidad de Quintero,PENDIENTE_CONFIRMACION_COMPLETA,False,SIN_GRUPO_REPETIDO,,,../REVISION_MUNICIPALES_SIGUIENTES_32.md; CONFIRMACION_ESENCIAL_MUNICIPALES_50.md; CONFIRMACION_ESENCIAL_MUNICIPALES_97.md
78a4f743b12141800333751fd86dfb32a3cb808f5f6e8fdef421b01ece5ce08b,Beca Municipal Educación Superior Casablanca,Municipalidad de Casablanca,CONFIRMADA_ESENCIAL,False,SIN_GRUPO_REPETIDO,,,../REVISION_MUNICIPALES_33.md; CONFIRMACION_ESENCIAL_MUNICIPALES_50.md; CONFIRMACION_ESENCIAL_MUNICIPALES_97.md
8230d6b883e4118885bbef8aab0d0f4d9a65c25b320074aaa4cdc1ef0edde829,Beca de Educación Superior San Javier,Municipalidad de San Javier,PENDIENTE_CONFIRMACION_COMPLETA,False,SIN_GRUPO_REPETIDO,,,../REVISION_MUNICIPALES_TERCER_32.md; CONFIRMACION_ESENCIAL_MUNICIPALES_96.md; CONFIRMACION_ESENCIAL_MUNICIPALES_SEGUNDO_50.md
a7d1e5aeb120374260ecc498d9749c4ea2aaf290f514061c50ba21ffd28e85b0,Beca Municipal Constitucion,Municipalidad de Constitucion,PENDIENTE_CONFIRMACION_COMPLETA,False,SIN_GRUPO_REPETIDO,,,../REVISION_MUNICIPALES_TERCER_32.md; CONFIRMACION_ESENCIAL_MUNICIPALES_96.md; CONFIRMACION_ESENCIAL_MUNICIPALES_SEGUNDO_50.md
efaad4251a4538b5d56c39d92950d5b6b839c7cc38c3883785a290cc92136703,Beca Municipal Educación Superior Cauquenes,Municipalidad de Cauquenes,DESCARTADA_EDITORIAL,False,SIN_GRUPO_REPETIDO,,,../REVISION_MUNICIPALES_TERCER_32.md; CONFIRMACION_ESENCIAL_MUNICIPALES_96.md; CONFIRMACION_ESENCIAL_MUNICIPALES_SEGUNDO_50.md; DESCARTE_EDITORIAL_SEGUNDO_LOTE_50.md
432bc766ba02a9ecf7043053e5814f4b8f35b635ef17c242820016a24f5bb399,Beca Municipal para Estudios Superiores Talcahuano,Municipalidad de Talcahuano,PENDIENTE_CONFIRMACION_COMPLETA,False,SIN_GRUPO_REPETIDO,,,../REVISION_MUNICIPALES_TERCER_32.md; CONFIRMACION_ESENCIAL_MUNICIPALES_96.md; CONFIRMACION_ESENCIAL_MUNICIPALES_SEGUNDO_50.md
16658e3c9dbbb7e11563ea1966d986ee7723be0a23fe14876830ff240c0c671b,Beca Municipal de Educación Superior Rengo,Municipalidad de Rengo,CONFIRMADA_ESENCIAL,False,SIN_GRUPO_REPETIDO,,,../REVISION_MUNICIPALES_TERCER_32.md; CONFIRMACION_ESENCIAL_MUNICIPALES_96.md
ecec85e3fcec3c2300080131f2fe657701ff13bc3db3968e55a151adfd69eedc,Beca Municipal de Educación Superior San Pedro de la Paz,Municipalidad de San Pedro de la Paz,PENDIENTE_CONFIRMACION_COMPLETA,False,SIN_GRUPO_REPETIDO,,,../REVISION_MUNICIPALES_TERCER_32.md; CONFIRMACION_ESENCIAL_MUNICIPALES_96.md; CONFIRMACION_ESENCIAL_MUNICIPALES_SEGUNDO_50.md
156dd0bb62bd94aa399ff0ccfabd4a170ac4b527cde0c39d30b1d30a2508012a,Beca Municipal Educación Superior Hualpen,Municipalidad de Hualpen,PENDIENTE_CONFIRMACION_COMPLETA,False,SIN_GRUPO_REPETIDO,,,../REVISION_MUNICIPALES_33.md; CONFIRMACION_ESENCIAL_MUNICIPALES_50.md; CONFIRMACION_ESENCIAL_MUNICIPALES_97.md
77e791153f86a28a6e03f161d07e5a56385189d69ee93da6b4247b1f4d674b4d,Beca Municipal para Estudiantes de Educación Superior Lota,Municipalidad de Lota,PENDIENTE_CONFIRMACION_COMPLETA,False,SIN_GRUPO_REPETIDO,,,../REVISION_MUNICIPALES_TERCER_32.md; CONFIRMACION_ESENCIAL_MUNICIPALES_96.md; CONFIRMACION_ESENCIAL_MUNICIPALES_SEGUNDO_50.md
35f9a8955aef575df868a6d378cbd6bc7ba653a0bdd2a242aedfc9d46fe5b313,Beca Municipal para Estudiantes de Educación Superior Valdivia,Municipalidad de Valdivia,PENDIENTE_CONFIRMACION_COMPLETA,False,SIN_GRUPO_REPETIDO,,,../REVISION_MUNICIPALES_SIGUIENTES_32.md; CONFIRMACION_ESENCIAL_MUNICIPALES_50.md; CONFIRMACION_ESENCIAL_MUNICIPALES_97.md
8e06647a5b0809fa08e8825421fa64cc8f63723877eafde0470f1cef87df1216,Beca Municipal Educación Superior Puerto Montt,Municipalidad de Puerto Montt,PENDIENTE_CONFIRMACION_COMPLETA,False,SIN_GRUPO_REPETIDO,,,../REVISION_MUNICIPALES_SIGUIENTES_32.md; CONFIRMACION_ESENCIAL_MUNICIPALES_50.md; CONFIRMACION_ESENCIAL_MUNICIPALES_97.md
1d5e0e1a3d7093d6cd170875d30b640fc8e17c11a5ee6e1a0adf27f48e46680a,Beca Municipal de Educación Superior Iquique,Municipalidad de Iquique,PENDIENTE_CONFIRMACION_COMPLETA,False,SIN_GRUPO_REPETIDO,,,../REVISION_MUNICIPALES_33.md; CONFIRMACION_ESENCIAL_MUNICIPALES_50.md; CONFIRMACION_ESENCIAL_MUNICIPALES_97.md
134c809033fadcecdb8aff678997abb675ac809e8107ce87aee3b3937ce65452,Beca Municipal Educación Superior Aysen,Municipalidad de Puerto Aysen,PENDIENTE_CONFIRMACION_COMPLETA,False,SIN_GRUPO_REPETIDO,,,../REVISION_MUNICIPALES_TERCER_32.md; CONFIRMACION_ESENCIAL_MUNICIPALES_96.md; CONFIRMACION_ESENCIAL_MUNICIPALES_SEGUNDO_50.md
5092c6312980bcfe38cd171b5db355a0e8a04f4de80c191017bb6608151e92a0,Beca Municipal Educación Superior Machali,Municipalidad de Machali,PENDIENTE_CONFIRMACION_COMPLETA,False,SIN_GRUPO_REPETIDO,,,../REVISION_MUNICIPALES_32.md; CONFIRMACION_ESENCIAL_MUNICIPALES_50.md; CONFIRMACION_ESENCIAL_MUNICIPALES_97.md
7bd59e5f3a91602b9a21dee25c39608ea0628df60bc230aea7250a5010e6d619,Beca Municipal de Educación Superior La Cisterna,Municipalidad de La Cisterna,CONFIRMADA_ESENCIAL,False,SIN_GRUPO_REPETIDO,,,../REVISION_MUNICIPALES_TERCER_32.md; CONFIRMACION_ESENCIAL_MUNICIPALES_96.md; CONFIRMACION_ESENCIAL_MUNICIPALES_SEGUNDO_50.md
fbbfe080a443b13056d8ea8c84e1a8bc67e25555f0543322179ca263e4f7ce0a,Beca Municipal de Educación Superior Frutillar,Municipalidad de Frutillar,CONFIRMADA_ESENCIAL,False,SIN_GRUPO_REPETIDO,,,../REVISION_MUNICIPALES_TERCER_32.md; CONFIRMACION_ESENCIAL_MUNICIPALES_96.md
0c7d609c72fc361501e101e307c3212b5002b02e8797efdc1d9116aa55f3697d,Beca Municipal Educación Superior Huechuraba,Municipalidad de Huechuraba,CONFIRMADA_ESENCIAL,False,SIN_GRUPO_REPETIDO,,,../REVISION_MUNICIPALES_TERCER_32.md; CONFIRMACION_ESENCIAL_MUNICIPALES_96.md; CONFIRMACION_ESENCIAL_MUNICIPALES_SEGUNDO_50.md
f7261c871cbe8c66d41f4fa9e4f175a2132e4aa53988a454afd7394bf7734501,Beca Municipal Educación Superior Cerrillos,Municipalidad de Cerrillos,PENDIENTE_CONFIRMACION_COMPLETA,True,PENDIENTE_CONCILIACION,descripcion; descripcion_larga; monto,,../REVISION_MUNICIPALES_TERCER_32.md; CONFIRMACION_ESENCIAL_MUNICIPALES_96.md; CONFIRMACION_ESENCIAL_MUNICIPALES_SEGUNDO_50.md
cba9604bbe173774416f073734453a6047425a6a0da36aa75fcca3c921601e64,Beca Municipal para Estudiantes de Educación Superior Lo Prado,Municipalidad de Lo Prado,CONFIRMADA_ESENCIAL,False,SIN_GRUPO_REPETIDO,,,../REVISION_MUNICIPALES_32.md; CONFIRMACION_ESENCIAL_MUNICIPALES_50.md; CONFIRMACION_ESENCIAL_MUNICIPALES_97.md
3788658170a025af522ff62eabd59fd2c81a20d7724afa2a97465822e57f9515,Beca Municipal Educación Superior La Pintana,Municipalidad de La Pintana,PENDIENTE_CONFIRMACION_COMPLETA,True,PENDIENTE_CONCILIACION,descripcion; descripcion_larga; documentos_requeridos; monto; nem_minimo; rsh_maximo; url,,../REVISION_MUNICIPALES_TERCER_32.md; CONFIRMACION_ESENCIAL_MUNICIPALES_96.md; CONFIRMACION_ESENCIAL_MUNICIPALES_SEGUNDO_50.md
dd49dcb2f2121f804fb53b15658a8cc81bd53d80df7694ac6f82b2937b59442c,Beca Municipal Educación Superior Penco,Municipalidad de Penco,CONFIRMADA_ESENCIAL,False,SIN_GRUPO_REPETIDO,,,../REVISION_MUNICIPALES_TERCER_32.md; CONFIRMACION_ESENCIAL_MUNICIPALES_96.md; CONFIRMACION_ESENCIAL_MUNICIPALES_SEGUNDO_50.md
13043d3d19445f14c45ecd7e23cadbfc64535a3f780d2ccb9abd004a76b54e4a,Beca Municipal de Educación Superior Arauco,Municipalidad de Arauco,CONFIRMADA_ESENCIAL,False,SIN_GRUPO_REPETIDO,,,../REVISION_MUNICIPALES_33.md; CONFIRMACION_ESENCIAL_MUNICIPALES_97.md
18cb53fe509caeed9752404d14f621a8b8af4eea7b50bb35301fa5f759cbb6b2,Beca Municipal Educación Superior Panguipulli,Municipalidad de Panguipulli,PENDIENTE_CONFIRMACION_COMPLETA,False,SIN_GRUPO_REPETIDO,,,../REVISION_MUNICIPALES_32.md; CONFIRMACION_ESENCIAL_MUNICIPALES_50.md; CONFIRMACION_ESENCIAL_MUNICIPALES_97.md
44d43d4b95af6bd191b116173c0c428bf40965cc20d10ba9f5aaa652a8aa0ef2,Beca Municipal Educación Superior Llanquihue,Municipalidad de Llanquihue,PENDIENTE_CONFIRMACION_COMPLETA,False,SIN_GRUPO_REPETIDO,,,../REVISION_MUNICIPALES_TERCER_32.md; CONFIRMACION_ESENCIAL_MUNICIPALES_96.md; CONFIRMACION_ESENCIAL_MUNICIPALES_SEGUNDO_50.md
18caa6f8f19291c80af1880121f3ce2cbcfa71bda065d91ffcacd2eb9e031ea1,Beca Municipal Educación Superior San Ramon,Municipalidad de San Ramon,PENDIENTE_CONFIRMACION_COMPLETA,True,PENDIENTE_CONCILIACION,descripcion; descripcion_larga; documentos_requeridos; monto; rsh_maximo; url,,../REVISION_MUNICIPALES_TERCER_32.md; CONFIRMACION_ESENCIAL_MUNICIPALES_96.md; CONFIRMACION_ESENCIAL_MUNICIPALES_SEGUNDO_50.md
a69f0f20b7c4cba05bdc50c486cb245a3f854a9a24c5e692f793aeda64b9083d,Beca Municipal de Educación Superior Tocopilla,Municipalidad de Tocopilla,PENDIENTE_CONFIRMACION_COMPLETA,False,SIN_GRUPO_REPETIDO,,,../REVISION_MUNICIPALES_TERCER_32.md; CONFIRMACION_ESENCIAL_MUNICIPALES_96.md; CONFIRMACION_ESENCIAL_MUNICIPALES_SEGUNDO_50.md
73acbb41b219b211ed0e0f4deeab2f72b0d4e65130ff86f830031966e9e8b6b6,Beca Municipal para Estudios Superiores La Granja,Municipalidad de La Granja,CONFIRMADA_ESENCIAL,False,SIN_GRUPO_REPETIDO,,,../REVISION_MUNICIPALES_32.md; CONFIRMACION_ESENCIAL_MUNICIPALES_50.md; CONFIRMACION_ESENCIAL_MUNICIPALES_97.md
966316051f5070b74fdf5674752002b4b158a74d939fff5e360e4c81502546f4,Beca Municipal Educación Superior PAC,Municipalidad de Pedro Aguirre Cerda,PENDIENTE_CONFIRMACION_COMPLETA,False,SIN_GRUPO_REPETIDO,,,../REVISION_MUNICIPALES_TERCER_32.md; CONFIRMACION_ESENCIAL_MUNICIPALES_96.md; CONFIRMACION_ESENCIAL_MUNICIPALES_SEGUNDO_50.md
110abad952a6979326ffe1fe52a0ce8555f5d3020caab03b56c094ad4bf617c8,Beca Municipal de Educación Superior Lo Espejo,Municipalidad de Lo Espejo,PENDIENTE_CONFIRMACION_COMPLETA,False,SIN_GRUPO_REPETIDO,,,../REVISION_MUNICIPALES_TERCER_32.md; CONFIRMACION_ESENCIAL_MUNICIPALES_96.md; CONFIRMACION_ESENCIAL_MUNICIPALES_SEGUNDO_50.md
fd2aac77793899dd23a4a5a9b02243e5b958ab5463939bba252b884fc78245c8,Beca Municipal Educación Superior Conchali,Municipalidad de Conchali,PENDIENTE_CONFIRMACION_COMPLETA,False,SIN_GRUPO_REPETIDO,,,../REVISION_MUNICIPALES_33.md; CONFIRMACION_ESENCIAL_MUNICIPALES_97.md
c813d491edc595bdd474efd08d3229ec4cbe4ed24b63c059a979a5164dd422b5,Beca Municipal Educación Superior Concon,Municipalidad de Concon,PENDIENTE_CONFIRMACION_COMPLETA,True,PENDIENTE_CONCILIACION,descripcion; descripcion_larga; documentos_requeridos; fecha_cierre; fecha_inicio; monto,,../REVISION_MUNICIPALES_TERCER_32.md; CONFIRMACION_ESENCIAL_MUNICIPALES_96.md; CONFIRMACION_ESENCIAL_MUNICIPALES_SEGUNDO_50.md
3a88821771f00fba0a8dd15954cd0baa4ebca62b0cc1c7baf727b28e1b9165ce,Beca Municipal de Educación Superior La Ligua,Municipalidad de La Ligua,PENDIENTE_CONFIRMACION_COMPLETA,False,SIN_GRUPO_REPETIDO,,,../REVISION_MUNICIPALES_TERCER_32.md; CONFIRMACION_ESENCIAL_MUNICIPALES_96.md; CONFIRMACION_ESENCIAL_MUNICIPALES_SEGUNDO_50.md
38f0ee9c27d75d1036b0fad65fa5e3d4c3ceb98327a56087fbfa528843b42024,Beca Municipal Educación Superior Illapel,Municipalidad de Illapel,PENDIENTE_CONFIRMACION_COMPLETA,False,SIN_GRUPO_REPETIDO,,,../REVISION_MUNICIPALES_TERCER_32.md; CONFIRMACION_ESENCIAL_MUNICIPALES_96.md; CONFIRMACION_ESENCIAL_MUNICIPALES_SEGUNDO_50.md
a11c77c03e7be7edc71ab53364ab40f2ccd66a4c3086294643c90019584e4777,Beca Municipal Educación Superior Caldera,Municipalidad de Caldera,PENDIENTE_CONFIRMACION_COMPLETA,False,SIN_GRUPO_REPETIDO,,,../REVISION_MUNICIPALES_TERCER_32.md; CONFIRMACION_ESENCIAL_MUNICIPALES_96.md; CONFIRMACION_ESENCIAL_MUNICIPALES_SEGUNDO_50.md
c3eb88ee2124c96061444a296f2c139368bf0902fafe2bbb70ab6264eabe79d6,Beca Municipal Educación Superior Quinta Normal,Municipalidad de Quinta Normal,PENDIENTE_CONFIRMACION_COMPLETA,False,SIN_GRUPO_REPETIDO,,,../REVISION_MUNICIPALES_TERCER_32.md; CONFIRMACION_ESENCIAL_MUNICIPALES_96.md; CONFIRMACION_ESENCIAL_MUNICIPALES_SEGUNDO_50.md
4a5de12a7ae56ae7b9bf5d12e00979bbec8894b72835c38cafbb24d508a8b8d6,Beca Municipal de Educación Superior Salamanca,Municipalidad de Salamanca,PENDIENTE_CONFIRMACION_COMPLETA,False,SIN_GRUPO_REPETIDO,,,../REVISION_MUNICIPALES_TERCER_32.md; CONFIRMACION_ESENCIAL_MUNICIPALES_96.md; CONFIRMACION_ESENCIAL_MUNICIPALES_SEGUNDO_50.md
562bf410b8ecba207698ab4f822528607ecca24c1864a78bd4f582e6346a6123,Beca Educación Superior Lo Barnechea,Municipalidad de Lo Barnechea,CONFIRMADA_ESENCIAL,False,SIN_GRUPO_REPETIDO,,,../REVISION_MUNICIPALES_TERCER_32.md; CONFIRMACION_ESENCIAL_MUNICIPALES_96.md; CONFIRMACION_ESENCIAL_MUNICIPALES_SEGUNDO_50.md
7ecb41780801fc76ae8f0422dc040ca1c205ffd7b3ea0a62914e914336195151,Beca Municipal de Educación Superior El Bosque,Municipalidad de El Bosque,CONFIRMADA_ESENCIAL,False,SIN_GRUPO_REPETIDO,,,../REVISION_MUNICIPALES_TERCER_32.md; CONFIRMACION_ESENCIAL_MUNICIPALES_96.md
f3950ceac885049cfcac7eeb41284cb0f7652fa8444e7485caa128aa92a189d1,Beca Municipal para Estudiantes de Educación Superior Penaflor,Municipalidad de Penaflor,PENDIENTE_CONFIRMACION_COMPLETA,False,SIN_GRUPO_REPETIDO,,,../REVISION_MUNICIPALES_32.md; CONFIRMACION_ESENCIAL_MUNICIPALES_97.md
7593d9ac40f1497c2212147332c18459c76e12ec99465ffe2ddfd1e92ba80789,Beca Municipal Educación Superior Padre Hurtado,Municipalidad de Padre Hurtado,PENDIENTE_CONFIRMACION_COMPLETA,True,PENDIENTE_CONCILIACION,descripcion; descripcion_larga; documentos_requeridos; fecha_cierre; monto; url,,../REVISION_MUNICIPALES_TERCER_32.md; CONFIRMACION_ESENCIAL_MUNICIPALES_96.md; CONFIRMACION_ESENCIAL_MUNICIPALES_SEGUNDO_50.md
6f31a1a550c43152541abba7392ff8334ed5840449d1d71c826d354a19cfa66b,Beca Municipal Educación Superior Isla de Maipo,Municipalidad de Isla de Maipo,CONFIRMADA_ESENCIAL,False,SIN_GRUPO_REPETIDO,,,../REVISION_MUNICIPALES_32.md; CONFIRMACION_ESENCIAL_MUNICIPALES_97.md
231222f21e7fb7f90549addab2d18e31b2c3098d57be980db26855217dbf2c18,Beca de Educación Superior Ilustre Municipalidad de Tiltil,Municipalidad de Tiltil,PENDIENTE_CONFIRMACION_COMPLETA,False,SIN_GRUPO_REPETIDO,,,../REVISION_MUNICIPALES_SIGUIENTES_32.md; CONFIRMACION_ESENCIAL_MUNICIPALES_97.md; CONFIRMACION_ESENCIAL_MUNICIPALES_SEGUNDO_50.md
10ff76533448d99eb23690b3de215c3d6181697366b60cd129e2ffc98b70b2f2,Beca Municipal Educación Superior Mejillones,Municipalidad de Mejillones,PENDIENTE_CONFIRMACION_COMPLETA,False,SIN_GRUPO_REPETIDO,,,../REVISION_MUNICIPALES_TERCER_32.md; CONFIRMACION_ESENCIAL_MUNICIPALES_96.md; CONFIRMACION_ESENCIAL_MUNICIPALES_SEGUNDO_50.md
73bb66c800351cbfee020f307be46393c24a3515d48b04b146c490860ef6216b,Beca Municipal de Educación Superior Vicuna,Municipalidad de Vicuna,PENDIENTE_CONFIRMACION_COMPLETA,False,SIN_GRUPO_REPETIDO,,,../REVISION_MUNICIPALES_TERCER_32.md; CONFIRMACION_ESENCIAL_MUNICIPALES_96.md; CONFIRMACION_ESENCIAL_MUNICIPALES_SEGUNDO_50.md
619a5925a144ba46c8153a0644b5086159f7d0b0548e65b989c38a7fe93a6427,Beca Municipal Educación Superior San Jose de Maipo,Municipalidad de San Jose de Maipo,PENDIENTE_CONFIRMACION_COMPLETA,False,SIN_GRUPO_REPETIDO,,,../REVISION_MUNICIPALES_TERCER_32.md; CONFIRMACION_ESENCIAL_MUNICIPALES_96.md; CONFIRMACION_ESENCIAL_MUNICIPALES_SEGUNDO_50.md
688865ce719e35999b182da7a8426f82958820d6386f20347be7a966019737c7,Beca Municipal de Educación Superior Traiguen,Municipalidad de Traiguen,CONFIRMADA_ESENCIAL,False,SIN_GRUPO_REPETIDO,,,../REVISION_MUNICIPALES_CUARTO_32.md; CONFIRMACION_ESENCIAL_MUNICIPALES_96.md
aef2df9ec411b25b3388b9f62817ae5486ad26a3a1d3b0f1e0546a404c533ce8,Beca de Educación Superior Ilustre Municipalidad de Curacavi,Municipalidad de Curacavi,DESCARTADA_EDITORIAL,False,SIN_GRUPO_REPETIDO,,,../REVISION_MUNICIPALES_CUARTO_32.md; CONFIRMACION_ESENCIAL_MUNICIPALES_96.md; CONFIRMACION_ESENCIAL_MUNICIPALES_SEGUNDO_50.md; DESCARTE_EDITORIAL_SEGUNDO_LOTE_50.md
659599e5d6b312ea6c845ba9ce3e51441d5bf39887b404f07c3d2396df4e15d0,Beca Municipal Educación Superior Llay Llay,Municipalidad de Llay Llay,PENDIENTE_CONFIRMACION_COMPLETA,False,SIN_GRUPO_REPETIDO,,,../REVISION_MUNICIPALES_CUARTO_32.md; CONFIRMACION_ESENCIAL_MUNICIPALES_96.md; CONFIRMACION_ESENCIAL_MUNICIPALES_SEGUNDO_50.md
5b2d79384e9951cbd6186815af578ecd7cc208c75becb98098212fa496dedfeb,Beca Municipal para Estudiantes de Educación Superior Los Vilos,Municipalidad de Los Vilos,PENDIENTE_CONFIRMACION_COMPLETA,False,SIN_GRUPO_REPETIDO,,,../REVISION_MUNICIPALES_CUARTO_32.md; CONFIRMACION_ESENCIAL_MUNICIPALES_96.md; CONFIRMACION_ESENCIAL_MUNICIPALES_SEGUNDO_50.md
cd7505441fad6a5c493bbae62b20cde11e27b4602864641986f8dc1bacbdfc1f,Beca Municipal Educación Superior Coelemu,Municipalidad de Coelemu,PENDIENTE_CONFIRMACION_COMPLETA,False,SIN_GRUPO_REPETIDO,,,../REVISION_MUNICIPALES_CUARTO_32.md; CONFIRMACION_ESENCIAL_MUNICIPALES_96.md; CONFIRMACION_ESENCIAL_MUNICIPALES_SEGUNDO_50.md
500cab60de1499617e480ca56535336479dd7531fd8ca0b036614f8596d14bb8,Beca Municipal Educación Superior Cabrero,Municipalidad de Cabrero,PENDIENTE_CONFIRMACION_COMPLETA,False,SIN_GRUPO_REPETIDO,,,../REVISION_MUNICIPALES_CUARTO_32.md; CONFIRMACION_ESENCIAL_MUNICIPALES_96.md; CONFIRMACION_ESENCIAL_MUNICIPALES_SEGUIMIENTO_8.md
4230e052a0e3f7b0661575dc0d2a0dfad060e5f590532171cfb51267d35d9704,Beca de Educación Superior Ilustre Municipalidad de Mulchen,Municipalidad de Mulchen,DESCARTADA_EDITORIAL,False,SIN_GRUPO_REPETIDO,,,../REVISION_MUNICIPALES_CUARTO_32.md; CONFIRMACION_ESENCIAL_MUNICIPALES_96.md; CONFIRMACION_ESENCIAL_MUNICIPALES_SEGUNDO_50.md; DESCARTE_EDITORIAL_SEGUNDO_LOTE_50.md
ea44764b8b2401817e1d4cacade7b1d7f9673f7f9ccb274590622b4be2f823f0,Beca Municipal Educación Superior Nacimiento,Municipalidad de Nacimiento,PENDIENTE_CONFIRMACION_COMPLETA,False,SIN_GRUPO_REPETIDO,,,../REVISION_MUNICIPALES_CUARTO_32.md; CONFIRMACION_ESENCIAL_MUNICIPALES_96.md; CONFIRMACION_ESENCIAL_MUNICIPALES_SEGUNDO_50.md
c5a89ab81b7d1fca835bb09dbbe5414aea0b1b008180247495c14f5355fe72cc,Beca Municipal de Educación Superior Victoria,Municipalidad de Victoria,PENDIENTE_CONFIRMACION_COMPLETA,False,SIN_GRUPO_REPETIDO,,,../REVISION_MUNICIPALES_CUARTO_32.md; CONFIRMACION_ESENCIAL_MUNICIPALES_96.md; CONFIRMACION_ESENCIAL_MUNICIPALES_SEGUNDO_50.md
56a3ec119fd608ca87f6650e103d83e76617b769c7eb2c4f9d2d8149581040d1,Beca Municipalidad de Puchuncavi Ano 2026,Municipalidad de Puchuncavi,PENDIENTE_CONFIRMACION_COMPLETA,False,SIN_GRUPO_REPETIDO,,,../REVISION_MUNICIPALES_CUARTO_32.md; CONFIRMACION_ESENCIAL_MUNICIPALES_96.md; CONFIRMACION_ESENCIAL_MUNICIPALES_SEGUNDO_50.md
70e13bcc5e803463641c7301979d0b31fa5cafcc397cc3b3c2e4931f3cd392f1,Beca Municipal de Educación Superior Nogales,Municipalidad de Nogales,PENDIENTE_CONFIRMACION_COMPLETA,False,SIN_GRUPO_REPETIDO,,,../REVISION_MUNICIPALES_CUARTO_32.md; CONFIRMACION_ESENCIAL_MUNICIPALES_96.md; CONFIRMACION_ESENCIAL_MUNICIPALES_SEGUNDO_50.md
952273dbc59fe30412742f7c1045027f2bc54fd6a8a42a3e97a1c3c6066fdb66,Beca Municipal Educación Superior,Municipalidad de El Tabo,PENDIENTE_CONFIRMACION_COMPLETA,False,SIN_GRUPO_REPETIDO,,,../REVISION_MUNICIPALES_CUARTO_32.md; CONFIRMACION_ESENCIAL_MUNICIPALES_96.md; CONFIRMACION_ESENCIAL_MUNICIPALES_SEGUNDO_50.md
7b32991aa64fc28ef4dc7f1df6a1aee4da3c366a0b257a738ac100a101bc5ee9,Beca Educación Superior,Municipalidad de Cartagena,PENDIENTE_CONFIRMACION_COMPLETA,False,SIN_GRUPO_REPETIDO,,,../REVISION_MUNICIPALES_CUARTO_32.md; CONFIRMACION_ESENCIAL_MUNICIPALES_96.md; CONFIRMACION_ESENCIAL_MUNICIPALES_SEGUNDO_50.md
ee82b569225b89c2e9550394d290cdc914c5aff9fcfcf9b888ed1f06e8c10544,Beca Municipal de Educación Superior,Municipalidad de La Cruz,PENDIENTE_CONFIRMACION_COMPLETA,False,SIN_GRUPO_REPETIDO,,,../REVISION_MUNICIPALES_CUARTO_32.md; CONFIRMACION_ESENCIAL_MUNICIPALES_96.md; CONFIRMACION_ESENCIAL_MUNICIPALES_SEGUNDO_50.md
bbf9abe727b9d19e2c2458b88239500def9f2e79b596299c6629cd4475134ab7,Beca Educación Superior Santo Domingo,Municipalidad de Santo Domingo,PENDIENTE_CONFIRMACION_COMPLETA,False,SIN_GRUPO_REPETIDO,,,../REVISION_MUNICIPALES_CUARTO_32.md; CONFIRMACION_ESENCIAL_MUNICIPALES_96.md
785adf6fb6623ffd37230cbe0eaaa3ad1eaa0cb173382028b4bf8886a8c479ed,Beca Municipal de Educación Superior Algarrobo,Municipalidad de Algarrobo,CONFIRMADA_ESENCIAL,False,SIN_GRUPO_REPETIDO,,,../REVISION_MUNICIPALES_33.md; CONFIRMACION_ESENCIAL_MUNICIPALES_50.md; CONFIRMACION_ESENCIAL_MUNICIPALES_97.md
5a5b8a9b7fbb8cca1ab672b1c05041ad8cc15be9301edb97fe65287cd7b76619,Programa Beca Municipal (BM) Olmue,Municipalidad de Olmue,PENDIENTE_CONFIRMACION_COMPLETA,False,SIN_GRUPO_REPETIDO,,,../REVISION_MUNICIPALES_CUARTO_32.md; CONFIRMACION_ESENCIAL_MUNICIPALES_96.md
70d4fb04e8a87e97a09bec9ae72c4b3fad2db3670019715e27bd41ddc7839fc1,Beca Municipal Dr. Joaquin Contreras Silva 2026,Municipalidad de Requinoa,PENDIENTE_CONFIRMACION_COMPLETA,False,SIN_GRUPO_REPETIDO,,,../REVISION_MUNICIPALES_CUARTO_32.md; CONFIRMACION_ESENCIAL_MUNICIPALES_96.md
0e41cf1ebfdb5224ab698acd753ee65d9971b717b5f2e285337f2b631ee6443b,Beca Municipal de Educación Superior,Municipalidad de Molina,CONFIRMADA_ESENCIAL,False,SIN_GRUPO_REPETIDO,,,../REVISION_MUNICIPALES_32.md; CONFIRMACION_ESENCIAL_MUNICIPALES_50.md; CONFIRMACION_ESENCIAL_MUNICIPALES_97.md
997a4db92c1058772015fb959f9f47296bc0b66521ddcdaf286e082c1621908c,Programa Ayuda Municipal a Estudiantes Educación Superior,Municipalidad de Donihue,CONFIRMADA_ESENCIAL,False,SIN_GRUPO_REPETIDO,,,../REVISION_MUNICIPALES_CUARTO_32.md; CONFIRMACION_ESENCIAL_MUNICIPALES_96.md
89e6e393a324fe4f691f13fed69b77d60b29dd96767d8c8f7d0c6ad89c10b535,Beca Municipal de Educación Superior,Municipalidad de Machali,PENDIENTE_CONFIRMACION_COMPLETA,False,SIN_GRUPO_REPETIDO,,,../REVISION_MUNICIPALES_32.md; CONFIRMACION_ESENCIAL_MUNICIPALES_50.md; CONFIRMACION_ESENCIAL_MUNICIPALES_97.md
6bfaa7776894bbb9ca4951e00f219cff008f3c8027061b44b818cedf965f986d,Beca de Estudio Graneros Nueva Ciudad,Municipalidad de Graneros,PENDIENTE_CONFIRMACION_COMPLETA,False,SIN_GRUPO_REPETIDO,,,../REVISION_MUNICIPALES_CUARTO_32.md; CONFIRMACION_ESENCIAL_MUNICIPALES_96.md
fdd18ee0e2f9c495cc736519036023589e3ec6495ddafe7231f900598cb4c044,Beca Municipal Excelencia y Beca Estimulo Enseñanza Superior,Municipalidad de San Vicente de Tagua Tagua,PENDIENTE_CONFIRMACION_COMPLETA,False,SIN_GRUPO_REPETIDO,,,../REVISION_MUNICIPALES_SIGUIENTES_32.md; CONFIRMACION_ESENCIAL_MUNICIPALES_50.md; CONFIRMACION_ESENCIAL_MUNICIPALES_97.md
cb716976a191d01fa438e26b99e4b8f475d99bb9d201934d3ee43226ad7f0925,Beca Municipal Estudiantil,Municipalidad de Coltauco,PENDIENTE_CONFIRMACION_COMPLETA,False,SIN_GRUPO_REPETIDO,,,../REVISION_MUNICIPALES_CUARTO_32.md; CONFIRMACION_ESENCIAL_MUNICIPALES_96.md
1ecc22c483debd1c574cb88c7c544bf6d9c7ae021c16c5cde64f24430d7754f1,Beca Municipal de Educación Superior,Municipalidad de Pirque,PENDIENTE_CONFIRMACION_COMPLETA,False,SIN_GRUPO_REPETIDO,,,../REVISION_MUNICIPALES_CUARTO_32.md; CONFIRMACION_ESENCIAL_MUNICIPALES_96.md
e4dc133f45e6b4b4870334d7e653bf322f1e15fe933dbb4eba16ea9770896c67,Beca Municipal Capital del Mimbre,Municipalidad de Chimbarongo,PENDIENTE_CONFIRMACION_COMPLETA,False,SIN_GRUPO_REPETIDO,,,../REVISION_MUNICIPALES_CUARTO_32.md; CONFIRMACION_ESENCIAL_MUNICIPALES_96.md
7a3ec8f3d5c492303812028da43f2af7317e056921f3fbfe6d274386952927f1,Beca Municipal de Educación Superior,Municipalidad de Peumo,PENDIENTE_CONFIRMACION_COMPLETA,False,SIN_GRUPO_REPETIDO,,,../REVISION_MUNICIPALES_CUARTO_32.md; CONFIRMACION_ESENCIAL_MUNICIPALES_96.md
73d28e70cf8252afface9ef30e2c937cf187921bf2ea84f0403aaefc2b4c936f,Programa Beca Municipal de Educación Superior Parral,Municipalidad de Parral,CONFIRMADA_ESENCIAL,False,SIN_GRUPO_REPETIDO,,,../REVISION_MUNICIPALES_CUARTO_32.md; CONFIRMACION_ESENCIAL_MUNICIPALES_96.md
e1c38b0822a3ca7475889b8d240c5c82843b8a2b41a57590a63958fbe16455d9,Beca Municipal Estudios Superiores Cholchol,Municipalidad de Cholchol,PENDIENTE_CONFIRMACION_COMPLETA,False,SIN_GRUPO_REPETIDO,,,../REVISION_MUNICIPALES_33.md; CONFIRMACION_ESENCIAL_MUNICIPALES_97.md; CONFIRMACION_ESENCIAL_MUNICIPALES_SEGUIMIENTO_8.md
3a41308e3bb5b26565a810449e95fa95b05d2e8c051c88a79821a6de39bcc0d8,Beca Municipal Ed. Superior Canete 2025,Municipalidad de Canete,CONFIRMADA_ESENCIAL,False,SIN_GRUPO_REPETIDO,,,../REVISION_MUNICIPALES_CUARTO_32.md; CONFIRMACION_ESENCIAL_MUNICIPALES_96.md; CONFIRMACION_ESENCIAL_MUNICIPALES_SEGUIMIENTO_8.md
3d8a38d7ca8beb6d7e70210d68313c889d336f2918a89dbfea47afe73da6ba7c,Beca Municipal de Enseñanza Superior Los Alamos,Municipalidad de Los Alamos,PENDIENTE_CONFIRMACION_COMPLETA,False,SIN_GRUPO_REPETIDO,,,../REVISION_MUNICIPALES_CUARTO_32.md; CONFIRMACION_ESENCIAL_MUNICIPALES_96.md; CONFIRMACION_ESENCIAL_MUNICIPALES_SEGUIMIENTO_8.md
a3525fb8686a72e8d6791904ef64608b71cd25a4cfe423d45ac2212d6549cb38,Beca Municipal de Educación Superior Yungay,Municipalidad de Yungay,PENDIENTE_CONFIRMACION_COMPLETA,False,SIN_GRUPO_REPETIDO,,,../REVISION_MUNICIPALES_CUARTO_32.md; CONFIRMACION_ESENCIAL_MUNICIPALES_96.md; CONFIRMACION_ESENCIAL_MUNICIPALES_SEGUIMIENTO_8.md
00f59b834069f459dac589b6fc8bdd7c4fb6b0ac0a0851ab4b99f4bc976f0f9a,Beca PAES y Educación Superior Lebu 2026,Municipalidad de Lebu,PENDIENTE_CONFIRMACION_COMPLETA,False,SIN_GRUPO_REPETIDO,,,../REVISION_MUNICIPALES_CUARTO_32.md; CONFIRMACION_ESENCIAL_MUNICIPALES_96.md; CONFIRMACION_ESENCIAL_MUNICIPALES_SEGUIMIENTO_8.md
9c63f664610f354234d869125ae44862d9d795112f1a3aa9b32b49b189a1143f,Beca Municipal Arauco (Educación Superior),Municipalidad de Arauco,CONFIRMADA_ESENCIAL,False,SIN_GRUPO_REPETIDO,,,../REVISION_MUNICIPALES_33.md; CONFIRMACION_ESENCIAL_MUNICIPALES_97.md
8c8a0b6ef680c9175d88e817de0224d660864d3d26bc49c0d911924b587bf132,Beca de Educación Superior Curanilahue,Municipalidad de Curanilahue,PENDIENTE_CONFIRMACION_COMPLETA,False,SIN_GRUPO_REPETIDO,,,../REVISION_MUNICIPALES_CUARTO_32.md; CONFIRMACION_ESENCIAL_MUNICIPALES_96.md
dc3357879175aabb6b4a95289213b3466a0ddcf32c6b542308f6c43bf94afcfc,Beca Municipal de Transporte (Jornada Nocturna y Diurna),Municipalidad de Bulnes,PENDIENTE_CONFIRMACION_COMPLETA,False,SIN_GRUPO_REPETIDO,,,../REVISION_MUNICIPALES_CUARTO_32.md; CONFIRMACION_ESENCIAL_MUNICIPALES_96.md
8f72bd261a65f6a0f96ae5fdb6f71ca3c9adbe103a2bb40688cdf39452f8f617,Beca Municipal Educación Superior Cobquecura,Municipalidad de Cobquecura,PENDIENTE_CONFIRMACION_COMPLETA,False,SIN_GRUPO_REPETIDO,,,../REVISION_MUNICIPALES_CUARTO_32.md; CONFIRMACION_ESENCIAL_MUNICIPALES_96.md
452826bd9e394d071ee7d7567dc608ebfb684d43fea04cca935fad9b2625d5ee,Beca Municipal de Educación Superior Nueva Imperial,Municipalidad de Nueva Imperial,PENDIENTE_CONFIRMACION_COMPLETA,False,SIN_GRUPO_REPETIDO,,,../REVISION_MUNICIPALES_CUARTO_32.md; CONFIRMACION_ESENCIAL_MUNICIPALES_96.md
80304610bd58bda375985b709290b2950eaa7ffd884beab2fed6db06166499f1,Beca de Educación Superior Ilustre Municipalidad de Chonchi,Municipalidad de Chonchi,CONFIRMADA_ESENCIAL,False,SIN_GRUPO_REPETIDO,,,../REVISION_MUNICIPALES_QUINTO_32.md; CONFIRMACION_ESENCIAL_MUNICIPALES_96.md
14abd2d4252d535d32030eead8a43b45fd448a5d3ea087c749f43ad2b6ba85cb,Beca Estudiantil Municipal Lautaro,Municipalidad de Lautaro,PENDIENTE_CONFIRMACION_COMPLETA,False,SIN_GRUPO_REPETIDO,,,../REVISION_MUNICIPALES_QUINTO_32.md; CONFIRMACION_ESENCIAL_MUNICIPALES_96.md
da56f40a73c6c7dc52d263c0507aa23970dcd296fa0e56b2aa8ed86d59d1eb23,Beca Municipal para Estudios Superiores Pitrufquen,Municipalidad de Pitrufquen,PENDIENTE_CONFIRMACION_COMPLETA,False,SIN_GRUPO_REPETIDO,,,../REVISION_MUNICIPALES_QUINTO_32.md; CONFIRMACION_ESENCIAL_MUNICIPALES_96.md
349245ad74fc8dbe5e8eb93fb9b786d0a21cdba992eec27b0d9e03e14d4e868c,Beca Municipal Estudiantil Gorbea,Municipalidad de Gorbea,PENDIENTE_CONFIRMACION_COMPLETA,False,SIN_GRUPO_REPETIDO,,,../REVISION_MUNICIPALES_QUINTO_32.md; CONFIRMACION_ESENCIAL_MUNICIPALES_96.md
2cc109644b2dd0812c372d3c47e03563ea59689b2f9b3c1769d39b39f0f600ea,Beca Municipal de Educación Superior Loncoche,Municipalidad de Loncoche,PENDIENTE_CONFIRMACION_COMPLETA,False,SIN_GRUPO_REPETIDO,,,../REVISION_MUNICIPALES_QUINTO_32.md; CONFIRMACION_ESENCIAL_MUNICIPALES_96.md
a8d1e9fe964628fd011a13a117f23467ac95b717ea4cd0ca39124bba725b4c7a,Beca Municipal de Educación Superior La Union,Municipalidad de La Union,PENDIENTE_CONFIRMACION_COMPLETA,False,SIN_GRUPO_REPETIDO,,,../REVISION_MUNICIPALES_QUINTO_32.md; CONFIRMACION_ESENCIAL_MUNICIPALES_96.md
671ce43a3f4eea74aff8189da16fe144e0e9180af68a1589cbbca1297f6f2376,Programa Beca Municipal Rio Bueno,Municipalidad de Rio Bueno,PENDIENTE_CONFIRMACION_COMPLETA,False,SIN_GRUPO_REPETIDO,,,../REVISION_MUNICIPALES_QUINTO_32.md; CONFIRMACION_ESENCIAL_MUNICIPALES_96.md
c14a2cd973b875eb0c2adbca23c5743f9b20feb7ac6a0b1fc8424cb4c78de870,Beca de Estudios Superiores Municipalidad de Purranque,Municipalidad de Purranque,PENDIENTE_CONFIRMACION_COMPLETA,False,SIN_GRUPO_REPETIDO,,,../REVISION_MUNICIPALES_QUINTO_32.md; CONFIRMACION_ESENCIAL_MUNICIPALES_96.md
ea6624c41005bdb3f8805c1f8d77b6066b1bbede2c0f8ac0577b56da77aad495,Beca Municipal Educación Superior Quellon,Municipalidad de Quellon,PENDIENTE_CONFIRMACION_COMPLETA,False,SIN_GRUPO_REPETIDO,,,../REVISION_MUNICIPALES_QUINTO_32.md; CONFIRMACION_ESENCIAL_MUNICIPALES_96.md
5a37d991a2e4eddf2813738cf8df3457bab4be7b5ed6c3c35d0ace322b80729e,Programa Beca Municipal Educación Superior Calbuco,Municipalidad de Calbuco,PENDIENTE_CONFIRMACION_COMPLETA,False,SIN_GRUPO_REPETIDO,,,../REVISION_MUNICIPALES_QUINTO_32.md; CONFIRMACION_ESENCIAL_MUNICIPALES_96.md
a7563d17807c6b315a814d7caedda04c0c1f0dd205b97b77a6c4d57da52e44a1,Beca Municipal de Educación Superior Freirina,Municipalidad de Freirina,PENDIENTE_CONFIRMACION_COMPLETA,False,SIN_GRUPO_REPETIDO,,,../REVISION_MUNICIPALES_QUINTO_32.md; CONFIRMACION_ESENCIAL_MUNICIPALES_96.md
3e4ff932460110c429fad99dca61e28e582411e133c6582f2416b50daa238c84,Beca Municipal Estudiantil Los Muermos,Municipalidad de Los Muermos,PENDIENTE_CONFIRMACION_COMPLETA,False,SIN_GRUPO_REPETIDO,,,../REVISION_MUNICIPALES_QUINTO_32.md; CONFIRMACION_ESENCIAL_MUNICIPALES_96.md
8f26745c82ef1e3b42462b3ae90bfdf7fe4e6bc7ba2a5d35932dd892c7edbf09,Beca de Mantención Educación Superior Fresia,Municipalidad de Fresia,PENDIENTE_CONFIRMACION_COMPLETA,False,SIN_GRUPO_REPETIDO,,,../REVISION_MUNICIPALES_QUINTO_32.md; CONFIRMACION_ESENCIAL_MUNICIPALES_96.md
8ed2b2d2a1272943fbbd233a07879095f7ad17f6e1d212adb8d3fe45cb87a8f9,Beca Municipal de Educación Superior Hualqui,Municipalidad de Hualqui,PENDIENTE_CONFIRMACION_COMPLETA,False,SIN_GRUPO_REPETIDO,,,../REVISION_MUNICIPALES_QUINTO_32.md; CONFIRMACION_ESENCIAL_MUNICIPALES_96.md; CONFIRMACION_ESENCIAL_MUNICIPALES_SEGUIMIENTO_8.md
297f981de47ce6df1c009ae8390d277be5a921f149299294fe012ddd20ba9bbd,Beca Municipal Estudiantil Laja,Municipalidad de Laja,CONFIRMADA_ESENCIAL,False,SIN_GRUPO_REPETIDO,,,../REVISION_MUNICIPALES_QUINTO_32.md; CONFIRMACION_ESENCIAL_MUNICIPALES_96.md; CONFIRMACION_ESENCIAL_MUNICIPALES_SEGUIMIENTO_8.md
39ff9b4bcfab533cf5d423ce4ee9ec5bd3858be9e02195e195212d4c702e6de6,Beca Municipal Educación Superior Cabildo,Municipalidad de Cabildo,PENDIENTE_CONFIRMACION_COMPLETA,False,SIN_GRUPO_REPETIDO,,,../REVISION_MUNICIPALES_QUINTO_32.md; CONFIRMACION_ESENCIAL_MUNICIPALES_96.md
e732d18e136ba8361cf104c0ff1f35601afe15f1ee06a1396cf4156f588daac8,Beca Municipal de Mantención Estudiantil,Municipalidad de Petorca,PENDIENTE_CONFIRMACION_COMPLETA,False,SIN_GRUPO_REPETIDO,,,../REVISION_MUNICIPALES_QUINTO_32.md; CONFIRMACION_ESENCIAL_MUNICIPALES_96.md
724fe36b74f6124eb8765938c47037acf04639dcffe26ed64d03fdc0eac67a6f,Beca Educación Superior Putaendo,Municipalidad de Putaendo,CONFIRMADA_ESENCIAL,False,SIN_GRUPO_REPETIDO,,,../REVISION_MUNICIPALES_QUINTO_32.md; CONFIRMACION_ESENCIAL_MUNICIPALES_96.md
ac899d3fd8c931d5198bf975940c54a4ee98b3edb2adeab4a7798307fa64211a,Beca Municipal de Apoyo a la Educación Superior Huasco,Municipalidad de Huasco,PENDIENTE_CONFIRMACION_COMPLETA,False,SIN_GRUPO_REPETIDO,,,../REVISION_MUNICIPALES_QUINTO_32.md; CONFIRMACION_ESENCIAL_MUNICIPALES_96.md
39cfd5e9d2e1fd911e6db1ea81151dcda177f1bbcaacefbf69418cf4d186752a,Beca Municipal Incentivo a la Educación Superior,Municipalidad de Diego de Almagro,PENDIENTE_CONFIRMACION_COMPLETA,False,SIN_GRUPO_REPETIDO,,,../REVISION_MUNICIPALES_QUINTO_32.md; CONFIRMACION_ESENCIAL_MUNICIPALES_96.md
b73769ab309f045c7953b955a1a12252efd21a925f7edde2e82558b739b0c303,Beca Municipal (Programa Becas San Fernando),Municipalidad de San Fernando,PENDIENTE_CONFIRMACION_COMPLETA,False,SIN_GRUPO_REPETIDO,,,../REVISION_MUNICIPALES_SIGUIENTES_32.md; CONFIRMACION_ESENCIAL_MUNICIPALES_97.md
db8097377d2bf3d6e6a796a7890160f1bb8926e14f722872723eb44df4222f19,Beca Municipal Jose Panichine Cayun,Municipalidad de Rio Ibanez,PENDIENTE_CONFIRMACION_COMPLETA,False,SIN_GRUPO_REPETIDO,,,../REVISION_MUNICIPALES_QUINTO_32.md; CONFIRMACION_ESENCIAL_MUNICIPALES_96.md
ebd7aebb575dda598b7d124aeca15c7f92765c5f122f88a48937cd30f5b35599,Programa de Beca Municipal para Enseñanza Superior,Municipalidad de Paillaco,PENDIENTE_CONFIRMACION_COMPLETA,False,SIN_GRUPO_REPETIDO,,,../REVISION_MUNICIPALES_QUINTO_32.md; CONFIRMACION_ESENCIAL_MUNICIPALES_96.md
5061a005eb041913fff48284ae8e0124a0b7682c82f8fe2044f46978d99ea353,Beca Municipal de Educación Superior Los Lagos,Municipalidad de Los Lagos,PENDIENTE_CONFIRMACION_COMPLETA,False,SIN_GRUPO_REPETIDO,,,../REVISION_MUNICIPALES_QUINTO_32.md; CONFIRMACION_ESENCIAL_MUNICIPALES_96.md
6bc95197a359821ca7f311c918f9c1350d70d691acd7c53a4b8e9de61bc0d638,Beca Municipal de Estudios Superiores (Modalidad Reembolso de Matrícula),Municipalidad de Licanten,PENDIENTE_CONFIRMACION_COMPLETA,False,SIN_GRUPO_REPETIDO,,,../REVISION_MUNICIPALES_QUINTO_32.md; CONFIRMACION_ESENCIAL_MUNICIPALES_96.md
df318733f7b7c7c1fc173313700f8d709ecd7625a6fd3ef1b310deb5a8a2277e,Beca Municipal de Transporte Escolar (Educación Superior),Municipalidad de Tiltil,PENDIENTE_CONFIRMACION_COMPLETA,False,SIN_GRUPO_REPETIDO,,,../REVISION_MUNICIPALES_SIGUIENTES_32.md; CONFIRMACION_ESENCIAL_MUNICIPALES_97.md
00d1fa426f88bf92442581048ebdb3109c6b53bcb6ce2210a1a6fb33f41d813b,Beca Municipal Ilustre Municipalidad de La Estrella,Municipalidad de La Estrella,PENDIENTE_CONFIRMACION_COMPLETA,False,SIN_GRUPO_REPETIDO,,,../REVISION_MUNICIPALES_QUINTO_32.md; CONFIRMACION_ESENCIAL_MUNICIPALES_96.md
74f2312dfa48e8430ec8fe4af6235fc7ea200c9df394dd1951508c5797ea0930,Beca Municipal de Estudiantes de Educación Superior,Municipalidad de Marchigue,PENDIENTE_CONFIRMACION_COMPLETA,False,SIN_GRUPO_REPETIDO,,,../REVISION_MUNICIPALES_QUINTO_32.md; CONFIRMACION_ESENCIAL_MUNICIPALES_96.md
ab1e3af5c29616a196bc339cfc55dcd9fbd91fb12d89e019aceb9ff69dcae039,Beca Municipal de Vitacura,Municipalidad de Vitacura,CONFIRMADA_ESENCIAL,True,CONCILIADO,descripcion; descripcion_larga; documentos_requeridos; fecha_cierre; fecha_inicio; monto; nem_minimo; tipo_beca,variantes/CONCILIACION_VITACURA.md,../REVISION_MUNICIPALES_QUINTO_32.md; CONFIRMACION_ESENCIAL_MUNICIPALES_96.md
ff02a97d84fc56770bcf9914792e5cc0b1a598e97af0763462e432096d6f15a7,Beca Municipal de Educación Superior (BMES) y Bono PAES,Municipalidad de San Pedro de Melipilla,PENDIENTE_CONFIRMACION_COMPLETA,False,SIN_GRUPO_REPETIDO,,,../REVISION_MUNICIPALES_QUINTO_32.md; CONFIRMACION_ESENCIAL_MUNICIPALES_96.md
b33db90fdf464549fc5c8f225a8bf642774711f5660eb30125ca60ea07359022,Beca Municipal para Estudios Superiores Retiro,Municipalidad de Retiro,PENDIENTE_CONFIRMACION_COMPLETA,False,SIN_GRUPO_REPETIDO,,,../REVISION_MUNICIPALES_QUINTO_32.md; CONFIRMACION_ESENCIAL_MUNICIPALES_96.md
06b82c37a5226bd77f19eade94f49903073e6b494caf7dbeecb57fc89982a488,Beca Municipal Enseñanza Superior Tierra Amarilla,Municipalidad de Tierra Amarilla,PENDIENTE_CONFIRMACION_COMPLETA,False,SIN_GRUPO_REPETIDO,,,../REVISION_MUNICIPALES_QUINTO_32.md; CONFIRMACION_ESENCIAL_MUNICIPALES_96.md
4b09f17c6bd830f7ad70ba8d0f593b28f2aeeb1312ac08fe8e97e5c6a820ccb5,Beca Municipal de Pasajes San Fabian,Municipalidad de San Fabian,PENDIENTE_CONFIRMACION_COMPLETA,False,SIN_GRUPO_REPETIDO,,,../REVISION_MUNICIPALES_QUINTO_32.md; CONFIRMACION_ESENCIAL_MUNICIPALES_96.md
9128e1de1498d39f011b4d87625c566b6fdcca045e04ae41361a03fa18ab2ae8,Beca Municipal Educación Superior Quinchao,Municipalidad de Quinchao,PENDIENTE_CONFIRMACION_COMPLETA,False,SIN_GRUPO_REPETIDO,,,../REVISION_MUNICIPALES_QUINTO_32.md; CONFIRMACION_ESENCIAL_MUNICIPALES_96.md
44805ada8758b48b533fdce566a72fdf1d73f9253dad7cb5bd932dd8b2e62547,Beca Municipal Educación Superior Futaleufu,Municipalidad de Futaleufu,CONFIRMADA_ESENCIAL,False,SIN_GRUPO_REPETIDO,,,../REVISION_MUNICIPALES_SEXTO_32.md; CONFIRMACION_ESENCIAL_MUNICIPALES_64.md
39484c2659a44e908d08a8f16bbe8a33c6488ae2bf57f4e3e4d6f09529e07d54,Beca Social de Estudios Municipalidad San Pedro de Atacama,Municipalidad de San Pedro de Atacama,PENDIENTE_CONFIRMACION_COMPLETA,False,SIN_GRUPO_REPETIDO,,,../REVISION_MUNICIPALES_SEXTO_32.md; CONFIRMACION_ESENCIAL_MUNICIPALES_64.md
c1bfe255f8585bb0c9e79bc82a7b66ce7b915310b1913e5111a334a3fce1b005,Beca Municipal Incentivo al Rendimiento Taltal,Municipalidad de Taltal,PENDIENTE_CONFIRMACION_COMPLETA,False,SIN_GRUPO_REPETIDO,,,../REVISION_MUNICIPALES_SEXTO_32.md; CONFIRMACION_ESENCIAL_MUNICIPALES_64.md
6bf1dd6dd4fc351adf739cea579e956179bd22f3cd16711e3d6951ec5cbd6987,Beca Municipal Educación Superior Tucapel,Municipalidad de Tucapel,PENDIENTE_CONFIRMACION_COMPLETA,False,SIN_GRUPO_REPETIDO,,,../REVISION_MUNICIPALES_SEXTO_32.md; CONFIRMACION_ESENCIAL_MUNICIPALES_64.md
80cc234b21d55436f4afa0bbfcee91e69e70c225808d3a44cb57c61570a64d4a,Beca Estudiantil Municipal Los Sauces,Municipalidad de Los Sauces,PENDIENTE_CONFIRMACION_COMPLETA,False,SIN_GRUPO_REPETIDO,,,../REVISION_MUNICIPALES_32.md; CONFIRMACION_ESENCIAL_MUNICIPALES_97.md
f60b937cac06b69d259df3f6d4a8e4e8a2c288f04f40e8814bf925b36ca2b451,Beca Municipal de Educación Superior 2026,Municipalidad de Calera de Tango,PENDIENTE_CONFIRMACION_COMPLETA,False,SIN_GRUPO_REPETIDO,,,../REVISION_MUNICIPALES_SEXTO_32.md; CONFIRMACION_ESENCIAL_MUNICIPALES_64.md
2f9a8aa98fc2fdd2704fbbdefc3801b7549a2e23d9a08829919b6f1957fb26a5,Beca Municipal Dalcahue 2026,Municipalidad de Dalcahue,CONFIRMADA_COMPLETA,False,SIN_GRUPO_REPETIDO,,,../REVISION_MUNICIPALES_SEXTO_32.md; CONFIRMACION_ESENCIAL_MUNICIPALES_64.md
9485462cdc09bf824858faaab0644400725ff885480765b0e1523a3f186a9cb6,Beca Municipal de Educación Superior San Esteban,Municipalidad de San Esteban,PENDIENTE_CONFIRMACION_COMPLETA,False,SIN_GRUPO_REPETIDO,,,../REVISION_MUNICIPALES_SEXTO_32.md; CONFIRMACION_ESENCIAL_MUNICIPALES_64.md
db0210a522cabef8ca2fa45f95c995e5308e9913fbcdf5f902654a6355da9e17,Beca Municipal de Apoyo a la Educación Superior Monte Patria,Municipalidad de Monte Patria,PENDIENTE_CONFIRMACION_COMPLETA,False,SIN_GRUPO_REPETIDO,,,../REVISION_MUNICIPALES_SEXTO_32.md; CONFIRMACION_ESENCIAL_MUNICIPALES_64.md
cf284114d027593b0838d159dc16d83b151dae5183f1fbe03a9a2af46925c0f4,Beca Municipal de Educación Superior Colbun,Municipalidad de Colbun,PENDIENTE_CONFIRMACION_COMPLETA,False,SIN_GRUPO_REPETIDO,,,../REVISION_MUNICIPALES_SEXTO_32.md; CONFIRMACION_ESENCIAL_MUNICIPALES_64.md
d52e6d114cd29d756655560c6c3c107057b0fd5ee5c2c612c7691dc9dfc040f8,Beca Municipal de Pasajes Educación Superior Trehuaco,Municipalidad de Trehuaco,PENDIENTE_CONFIRMACION_COMPLETA,False,SIN_GRUPO_REPETIDO,,,../REVISION_MUNICIPALES_SEXTO_32.md; CONFIRMACION_ESENCIAL_MUNICIPALES_64.md
6fda2f2da246d5235e0fc5cf3a60ff0bc83888333b6ced0cc518cb80fdfd871c,Beca Municipal de Mantención 2026 y Beca PAES,Municipalidad de Panguipulli,PENDIENTE_CONFIRMACION_COMPLETA,False,SIN_GRUPO_REPETIDO,,,../REVISION_MUNICIPALES_32.md; CONFIRMACION_ESENCIAL_MUNICIPALES_50.md; CONFIRMACION_ESENCIAL_MUNICIPALES_97.md
99de0a46cc9f5c789ec328b01648ec4c462293edd80439b9af8954df5d80c1c5,Beca Municipal de Educación Superior,Municipalidad de Santa Juana,PENDIENTE_CONFIRMACION_COMPLETA,False,SIN_GRUPO_REPETIDO,,,../REVISION_MUNICIPALES_SEXTO_32.md; CONFIRMACION_ESENCIAL_MUNICIPALES_64.md
26d8f7f7a1fddd27c9bffe48f331915f07c5e59547e5ce7efb36c6ddbe73a00e,Beca Municipal para Estudios Superiores San Clemente,Municipalidad de San Clemente,CONFIRMADA_ESENCIAL,False,SIN_GRUPO_REPETIDO,,,../REVISION_MUNICIPALES_SEXTO_32.md; CONFIRMACION_ESENCIAL_MUNICIPALES_64.md
e77c46f910d4477222d4486a8668ab2ecf3e72fbb2be266b826a58e282120228,Beca Municipal de Educación Superior Porvenir,Municipalidad de Porvenir,PENDIENTE_CONFIRMACION_COMPLETA,False,SIN_GRUPO_REPETIDO,,,../REVISION_MUNICIPALES_SEXTO_32.md; CONFIRMACION_ESENCIAL_MUNICIPALES_64.md
97b509ebed3195ed383563d1c4415a255245d30a09529ea3b94915144bce25ff,Beca Municipal de Educación Superior Providencia,Municipalidad de Providencia,CONFIRMADA_ESENCIAL,False,SIN_GRUPO_REPETIDO,,,../REVISION_MUNICIPALES_SEXTO_32.md; CONFIRMACION_ESENCIAL_MUNICIPALES_64.md
ff9d6d609324efd1180a643d23b9ae7719a468a89ece28807c67524f9c40b3c7,Beca Municipal de Educación Superior Empedrado,Municipalidad de Empedrado,CONFIRMADA_ESENCIAL,False,SIN_GRUPO_REPETIDO,,,../REVISION_MUNICIPALES_SEXTO_32.md; CONFIRMACION_ESENCIAL_MUNICIPALES_64.md
6501ada7381928e9f2396ea5baa4bf078442e8981fc895734499d9139808421d,Beca de Educación Superior Las Condes,Municipalidad de Las Condes,PENDIENTE_CONFIRMACION_COMPLETA,False,SIN_GRUPO_REPETIDO,,,../REVISION_MUNICIPALES_32.md; CONFIRMACION_ESENCIAL_MUNICIPALES_97.md
a3e94f28c1c8ccbcfcb93d6c69f9ccb9bd2c5c17fa90bac3e42da94eb51777fc,Beca Municipal de Educación Superior Quilicura,Municipalidad de Quilicura,PENDIENTE_CONFIRMACION_COMPLETA,False,SIN_GRUPO_REPETIDO,,,../REVISION_MUNICIPALES_SIGUIENTES_32.md; CONFIRMACION_ESENCIAL_MUNICIPALES_97.md
9863378baa3c5f33e4419b813b2103b34894e9d1c2bffbbdbecda54e579c01c4,Beca Municipal Renca Orgullosa Educación Superior,Municipalidad de Renca,PENDIENTE_CONFIRMACION_COMPLETA,False,SIN_GRUPO_REPETIDO,,,../REVISION_MUNICIPALES_SEXTO_32.md; CONFIRMACION_ESENCIAL_MUNICIPALES_64.md
50ce9b562c3494cfc27e1dd499fc90bb49d39b605325f095491b23057ee8a47a,Beca Estudiantil Lampa (Educación Superior),Municipalidad de Lampa,PENDIENTE_CONFIRMACION_COMPLETA,False,SIN_GRUPO_REPETIDO,,,../REVISION_MUNICIPALES_32.md; CONFIRMACION_ESENCIAL_MUNICIPALES_97.md
ef6988a5b06dcc9019344a3036c07730adc3ede4b73a1ce1a11b2e552edff76f,Beca Ilustre Municipalidad de Limache,Municipalidad de Limache,PENDIENTE_CONFIRMACION_COMPLETA,False,SIN_GRUPO_REPETIDO,,,../REVISION_MUNICIPALES_32.md; CONFIRMACION_ESENCIAL_MUNICIPALES_97.md
50e198264478a26158751d812063e626186c4588451fe67e5ccb0ab35815235f,Beca Municipal de Educación Superior Santa Cruz,Municipalidad de Santa Cruz,PENDIENTE_CONFIRMACION_COMPLETA,False,SIN_GRUPO_REPETIDO,,,../REVISION_MUNICIPALES_SEXTO_32.md; CONFIRMACION_ESENCIAL_MUNICIPALES_64.md
33524629e7659e4a57d0e1287f97468b70cf5f9e37af87a3c9f834457086c986,Beca Municipal de Educación Superior Tome,Municipalidad de Tome,PENDIENTE_CONFIRMACION_COMPLETA,False,SIN_GRUPO_REPETIDO,,,../REVISION_MUNICIPALES_SEXTO_32.md; CONFIRMACION_ESENCIAL_MUNICIPALES_64.md
57ee232f68ffe9a3208aa7e92876271d5c5e7bd731714bc4d41ed75cf7fc2eb2,Beca Municipal de Apoyo a la Educación Superior Cabo de Hornos,Municipalidad de Cabo de Hornos,PENDIENTE_CONFIRMACION_COMPLETA,False,SIN_GRUPO_REPETIDO,,,../REVISION_MUNICIPALES_SEXTO_32.md; CONFIRMACION_ESENCIAL_MUNICIPALES_64.md
224808b50f467ce0a80eb00a462c675ad9f1fa90eb4b9d127a380750d918f1ab,Beca de Educación Superior Municipalidad de San Joaquin,Municipalidad de San Joaquin,PENDIENTE_CONFIRMACION_COMPLETA,False,SIN_GRUPO_REPETIDO,,,../REVISION_MUNICIPALES_SEXTO_32.md; CONFIRMACION_ESENCIAL_MUNICIPALES_64.md
70347cf150e51c674a124886ead11a97ae2eed3e750356fad5f53093e36e3ee8,Beca Traslado Estudiantil Educación Superior Curarrehue,Municipalidad de Curarrehue,PENDIENTE_CONFIRMACION_COMPLETA,False,SIN_GRUPO_REPETIDO,,,../REVISION_MUNICIPALES_33.md; CONFIRMACION_ESENCIAL_MUNICIPALES_97.md
c77e495ae425a62562dc16bc78f63821d350ebc0a771d624693298b7eafc1ca7,Beca Municipal de Educación Superior Pichilemu,Municipalidad de Pichilemu,PENDIENTE_CONFIRMACION_COMPLETA,False,SIN_GRUPO_REPETIDO,,,../REVISION_MUNICIPALES_SEXTO_32.md; CONFIRMACION_ESENCIAL_MUNICIPALES_64.md
342da54336832efcb2f1a9c38bc93bf080a19ff8be4b4ec13e58070b69b0440d,Beca Municipal Estudiantil Padre Las Casas,Municipalidad de Padre Las Casas,PENDIENTE_CONFIRMACION_COMPLETA,False,SIN_GRUPO_REPETIDO,,,../REVISION_MUNICIPALES_SEXTO_32.md; CONFIRMACION_ESENCIAL_MUNICIPALES_64.md
3e4673bc545382427a6ceab712fb1c04ad62322d3f7be60b28fab21f51f48367,Beca Municipal Estudiantil Putre (Educación Superior),Municipalidad de Putre,PENDIENTE_CONFIRMACION_COMPLETA,False,SIN_GRUPO_REPETIDO,,,../REVISION_MUNICIPALES_SEXTO_32.md; CONFIRMACION_ESENCIAL_MUNICIPALES_64.md
0d2f745ea1726bbaa603ca4933f75a62150cd37bdceddf02b3b1c5315737ba9b,Beca de Educación Superior Maria Elena,Municipalidad de Maria Elena,PENDIENTE_CONFIRMACION_COMPLETA,False,SIN_GRUPO_REPETIDO,,,../REVISION_MUNICIPALES_SEXTO_32.md; CONFIRMACION_ESENCIAL_MUNICIPALES_64.md
005bf2a8ea132fd3c3f5233c170a6340ab3022fc135ed97e6a412d347616904c,Beca Educación Superior Ilustre Municipalidad de Papudo,Municipalidad de Papudo,PENDIENTE_CONFIRMACION_COMPLETA,False,SIN_GRUPO_REPETIDO,,,../REVISION_MUNICIPALES_SEXTO_32.md; CONFIRMACION_ESENCIAL_MUNICIPALES_64.md
cdc0dd04e0923e9868b12066bdcf8829aea20685da05f1fae092e39e024292ba,Beca de Apoyo a la Educación Superior Tirua,Municipalidad de Tirua,PENDIENTE_CONFIRMACION_COMPLETA,False,SIN_GRUPO_REPETIDO,,,../REVISION_MUNICIPALES_SEXTO_32.md; CONFIRMACION_ESENCIAL_MUNICIPALES_64.md
0a4097bbe78698400f66c0cb834dcfc6937debe7c615286fd6836737c99b3e86,Beca Municipal de Educación Superior Combarbala,Municipalidad de Combarbala,PENDIENTE_CONFIRMACION_COMPLETA,False,SIN_GRUPO_REPETIDO,,,../REVISION_MUNICIPALES_SEXTO_32.md; CONFIRMACION_ESENCIAL_MUNICIPALES_64.md
36dd41658c0b519c4f0248a2592ec084c12f89fba3ec80fcb520f9a638c2d5f6,Beca Municipal Educación Superior Longavi,Municipalidad de Longavi,PENDIENTE_CONFIRMACION_COMPLETA,False,SIN_GRUPO_REPETIDO,,,../REVISION_MUNICIPALES_SEXTO_32.md; CONFIRMACION_ESENCIAL_MUNICIPALES_64.md
e6b5995ea93c75ba7a7e1e9f6d95939b5192ec9d6b9ba1b5018d7b9146b7fe09,Beca Municipal Teno,Municipalidad de Teno,PENDIENTE_CONFIRMACION_COMPLETA,False,SIN_GRUPO_REPETIDO,,,../REVISION_MUNICIPALES_SEXTO_32.md; CONFIRMACION_ESENCIAL_MUNICIPALES_64.md
c771d5766f936a13d34cf61fbe11fe17f43c7dc615944a6cebd3233f3601518a,Beca Municipal Educación Superior Pencahue,Municipalidad de Pencahue,PENDIENTE_CONFIRMACION_COMPLETA,False,SIN_GRUPO_REPETIDO,,,../REVISION_MUNICIPALES_SEXTO_32.md; CONFIRMACION_ESENCIAL_MUNICIPALES_64.md
7a0664f019f258c3dcb76adfdd8961423a5dcb6df1f640006e2ca9d659226a74,Beca Pedro Aguirre Cerda,Municipalidad de Calle Larga,PENDIENTE_CONFIRMACION_COMPLETA,False,SIN_GRUPO_REPETIDO,,,../REVISION_MUNICIPALES_SEXTO_32.md; CONFIRMACION_ESENCIAL_MUNICIPALES_64.md
f01eabac42e8476ca5b8bebba55201b8a1cc93a2a521eb78c112f7a9bf987235,Beca Municipal de Educación Superior Catemu,Municipalidad de Catemu,PENDIENTE_CONFIRMACION_COMPLETA,False,SIN_GRUPO_REPETIDO,,,../REVISION_MUNICIPALES_SEXTO_32.md; CONFIRMACION_ESENCIAL_MUNICIPALES_64.md
18b9ad971e54340ff364e4ad816c4e9b99e30975d002a97c3f2849333c7092c9,Beca Municipal de Apoyo a la Educación Superior Panquehue,Municipalidad de Panquehue,PENDIENTE_CONFIRMACION_COMPLETA,False,SIN_GRUPO_REPETIDO,,,../REVISION_MUNICIPALES_SEPTIMO_32.md; CONFIRMACION_ESENCIAL_MUNICIPALES_64.md
5ab3468f5021776c0496de2182244397e57fac292bee1f1a081a92dcc9dabd1b,Beca Municipal de Educación Superior Romeral,Municipalidad de Romeral,PENDIENTE_CONFIRMACION_COMPLETA,False,SIN_GRUPO_REPETIDO,,,../REVISION_MUNICIPALES_SEPTIMO_32.md; CONFIRMACION_ESENCIAL_MUNICIPALES_64.md
7e5103fb180e69c6b629ad32592c8527b6b854c0d0f7b912cace02c4818b544e,Beca Municipal Estudiantil Rauco,Municipalidad de Rauco,PENDIENTE_CONFIRMACION_COMPLETA,False,SIN_GRUPO_REPETIDO,,,../REVISION_MUNICIPALES_SEPTIMO_32.md; CONFIRMACION_ESENCIAL_MUNICIPALES_64.md
65dc49a7438943dad01bbece6a5629c7a58607b3f09f6f685f51435f4296e6c7,Beca de Educación Superior Sagrada Familia,Municipalidad de Sagrada Familia,CONFIRMADA_ESENCIAL,False,SIN_GRUPO_REPETIDO,,,../REVISION_MUNICIPALES_SEPTIMO_32.md; CONFIRMACION_ESENCIAL_MUNICIPALES_64.md
a8f912fccd636e21b44b40623366d008b52c4e9c71f2af449ff09cdbb9cd9e2a,Beca Municipal Estudiantil Hualane,Municipalidad de Hualane,PENDIENTE_CONFIRMACION_COMPLETA,False,SIN_GRUPO_REPETIDO,,,../REVISION_MUNICIPALES_SEPTIMO_32.md; CONFIRMACION_ESENCIAL_MUNICIPALES_64.md
617653494e11c6e1952b536b9bbd19081858aecf1a0509d0b013ec8be26befd8,Beca de Apoyo a la Educación Superior Curepto,Municipalidad de Curepto,PENDIENTE_CONFIRMACION_COMPLETA,False,SIN_GRUPO_REPETIDO,,,../REVISION_MUNICIPALES_SEPTIMO_32.md; CONFIRMACION_ESENCIAL_MUNICIPALES_64.md
39d4209d0898fda374dc67ae41161b595fae0a43d004f3aa5695b71702fd3594,Beca Municipal de Educación Superior 2026,Municipalidad de Rinconada,CONFIRMADA_ESENCIAL,False,SIN_GRUPO_REPETIDO,,,../REVISION_MUNICIPALES_SEPTIMO_32.md; CONFIRMACION_ESENCIAL_MUNICIPALES_64.md
6f510fcadfcd097ca04f64533ecabd90e37a17546d04c732d226d5b5ad321114,Beca Municipal Educación Superior,Municipalidad de Teodoro Schmidt,PENDIENTE_CONFIRMACION_COMPLETA,False,SIN_GRUPO_REPETIDO,,,../REVISION_MUNICIPALES_SIGUIENTES_32.md; CONFIRMACION_ESENCIAL_MUNICIPALES_97.md
f791e7c86277c3314f6d3fc2e5793a325104b13c892b8b7030d0b46253a1b612,Beca Municipal de Educación Superior 2025/2026,Municipalidad de Carahue,PENDIENTE_CONFIRMACION_COMPLETA,False,SIN_GRUPO_REPETIDO,,,../REVISION_MUNICIPALES_SEPTIMO_32.md; CONFIRMACION_ESENCIAL_MUNICIPALES_64.md
ac001258a2e768939137b586647d7b0425bd4f82c86720ad94fe32a65c0b93f3,Beca Municipal Educación Superior 2026,Municipalidad de La Calera,PENDIENTE_CONFIRMACION_COMPLETA,False,SIN_GRUPO_REPETIDO,,,../REVISION_MUNICIPALES_SEPTIMO_32.md; CONFIRMACION_ESENCIAL_MUNICIPALES_64.md
5ef65c55bf100623560b5a47f453aaa1180011c6a1f650d437f494ce9484908c,Beca Municipal y Beca de Devolucion de Matrícula,Municipalidad de San Rosendo,PENDIENTE_CONFIRMACION_COMPLETA,False,SIN_GRUPO_REPETIDO,,,../REVISION_MUNICIPALES_SEPTIMO_32.md; CONFIRMACION_ESENCIAL_MUNICIPALES_64.md
2a7e233fdaf2ad73c4a0b7fb3255d30bab743376c8a72999a1619f95b369ba16,Beca Municipal de Pelluhue para la Educación Superior,Municipalidad de Pelluhue,PENDIENTE_CONFIRMACION_COMPLETA,False,SIN_GRUPO_REPETIDO,,,../REVISION_MUNICIPALES_SEPTIMO_32.md; CONFIRMACION_ESENCIAL_MUNICIPALES_64.md
4d9024363f39a4b72d2505e9916452ad71c3b9facc1f34eaaaabdf559737ceae,Programa Beca Municipal de Educación Superior,Municipalidad de Cerro Navia,CONFIRMADA_ESENCIAL,False,SIN_GRUPO_REPETIDO,,,../REVISION_MUNICIPALES_33.md; CONFIRMACION_ESENCIAL_MUNICIPALES_97.md
06ffab7e269c76bbc3e4678a165287efce0e4e36f9862a630306e17390bf7e03,Programa Beca Municipal de Enseñanza Superior,Municipalidad de Cunco,CONFIRMADA_ESENCIAL,False,SIN_GRUPO_REPETIDO,,,../REVISION_MUNICIPALES_SEPTIMO_32.md; CONFIRMACION_ESENCIAL_MUNICIPALES_64.md
9ce906481d31a5afe650ce6ce496adbb9f95ba8b1254a2e2e1837d71d408a519,Beca Educación Superior Santa Maria,Municipalidad de Santa Maria,PENDIENTE_CONFIRMACION_COMPLETA,False,SIN_GRUPO_REPETIDO,,,../REVISION_MUNICIPALES_SEPTIMO_32.md; CONFIRMACION_ESENCIAL_MUNICIPALES_64.md
bcdf2dd0fc609cc2c9a84af2571be8ae5717f2acb5e74bb17303da7942472c05,Programa Beca Municipal de Educación Superior DAEM/DIDECO,Municipalidad de Codegua,PENDIENTE_CONFIRMACION_COMPLETA,False,SIN_GRUPO_REPETIDO,,,../REVISION_MUNICIPALES_SEPTIMO_32.md; CONFIRMACION_ESENCIAL_MUNICIPALES_64.md
b7768323f77789c61255a04ca8bf4484d89afee9d6d622d26bc387c52a1a7a47,Beca Municipal Educación Superior Chanaral,Municipalidad de Chanaral,PENDIENTE_CONFIRMACION_COMPLETA,False,SIN_GRUPO_REPETIDO,,,../REVISION_MUNICIPALES_SEPTIMO_32.md; CONFIRMACION_ESENCIAL_MUNICIPALES_64.md
c47882f77478fbfc4297cf9b6f74d48d45271bc6c8be33d1f4ef155b65f19b9c,Beca de Educación Superior Zona Extrema Torres del Paine,Municipalidad de Torres del Paine,PENDIENTE_CONFIRMACION_COMPLETA,False,SIN_GRUPO_REPETIDO,,,../REVISION_MUNICIPALES_SEPTIMO_32.md; CONFIRMACION_ESENCIAL_MUNICIPALES_64.md
ce5c59956dd3c0026d4a3ffd1bf767e901506853d8bcf70bcacb52ac9a3488ff,Beca Estudiantil Alto del Carmen,Municipalidad de Alto del Carmen,PENDIENTE_CONFIRMACION_COMPLETA,False,SIN_GRUPO_REPETIDO,,,../REVISION_MUNICIPALES_SEPTIMO_32.md; CONFIRMACION_ESENCIAL_MUNICIPALES_64.md
0b340924ac77c85bfb757e308f5117cbecd4354d511aff4768dd73396173b7f0,Beca Municipal de Educación Superior Capital de las Flores,Municipalidad de Hijuelas,PENDIENTE_CONFIRMACION_COMPLETA,False,SIN_GRUPO_REPETIDO,,,../REVISION_MUNICIPALES_SEPTIMO_32.md; CONFIRMACION_ESENCIAL_MUNICIPALES_64.md
05e4e27bf6794c67f7cd58793b96ee2118e586f9e152465dc4de80cafd9a8836,Beca Municipal Educación Superior Navidad,Municipalidad de Navidad,PENDIENTE_CONFIRMACION_COMPLETA,False,SIN_GRUPO_REPETIDO,,,../REVISION_MUNICIPALES_SEPTIMO_32.md; CONFIRMACION_ESENCIAL_MUNICIPALES_64.md
238088f3e41617381b20c4bad0ed46fddabe9a60ca77976db3b7616d46a45858,Beca Municipal de Educación Superior Nancagua,Municipalidad de Nancagua,PENDIENTE_CONFIRMACION_COMPLETA,False,SIN_GRUPO_REPETIDO,,,../REVISION_MUNICIPALES_SEPTIMO_32.md; CONFIRMACION_ESENCIAL_MUNICIPALES_64.md
941771695c84be2119b14d50047e082a20ae06c6a345dccc09b7f4026bbc7fe5,Beca Municipal de Apoyo a la Educación Superior,Municipalidad de Villa Alegre,CONFIRMADA_ESENCIAL,False,SIN_GRUPO_REPETIDO,,,../REVISION_MUNICIPALES_SEPTIMO_32.md; CONFIRMACION_ESENCIAL_MUNICIPALES_64.md
97cd52bf6568181b0ad219b87a81c222ce22024ef0861113ebd77ce210d5a83d,Beca Municipal de Mantención Florida,Municipalidad de Florida,PENDIENTE_CONFIRMACION_COMPLETA,False,SIN_GRUPO_REPETIDO,,,../REVISION_MUNICIPALES_SEPTIMO_32.md; CONFIRMACION_ESENCIAL_MUNICIPALES_64.md
ca0e6229369a472919fca235617e8fca06aa229bffb66fd73d32f0e1952e9c65,Beca Estudiantil Municipal Yumbel,Municipalidad de Yumbel,PENDIENTE_CONFIRMACION_COMPLETA,False,SIN_GRUPO_REPETIDO,,,../REVISION_MUNICIPALES_SEPTIMO_32.md; CONFIRMACION_ESENCIAL_MUNICIPALES_64.md
fdc3f924f84f142ceb109d46af1ddc705180c3a0538a96e822c2b953f2e97c93,Beca Municipal de Apoyo a la Educación Superior Contulmo,Municipalidad de Contulmo,PENDIENTE_CONFIRMACION_COMPLETA,False,SIN_GRUPO_REPETIDO,,,../REVISION_MUNICIPALES_SEPTIMO_32.md; CONFIRMACION_ESENCIAL_MUNICIPALES_64.md
cf2b6e51488e301ee7729cc34be162cd51373a78934c73d516c22e17f1543b0f,Beca Municipal de Rio Negro 2026,Municipalidad de Rio Negro,PENDIENTE_CONFIRMACION_COMPLETA,False,SIN_GRUPO_REPETIDO,,,../REVISION_MUNICIPALES_SEPTIMO_32.md; CONFIRMACION_ESENCIAL_MUNICIPALES_64.md
5840f712df04ee639d64d6b629fe7499810848e5a3426a01a50f5ad29f45e1a9,Beca Municipal y Beca Mérito Deportivo,Municipalidad de Punitaqui,PENDIENTE_CONFIRMACION_COMPLETA,False,SIN_GRUPO_REPETIDO,,,../REVISION_MUNICIPALES_SEPTIMO_32.md; CONFIRMACION_ESENCIAL_MUNICIPALES_64.md
70623ffdd6b40eda19d12997b0ab61ebc649f2503436e625e4bf347f568030dd,Beca Municipal Alberto Antonio Herrera Cardenas,Municipalidad de San Juan de la Costa,PENDIENTE_CONFIRMACION_COMPLETA,False,SIN_GRUPO_REPETIDO,,,../REVISION_MUNICIPALES_SEPTIMO_32.md; CONFIRMACION_ESENCIAL_MUNICIPALES_64.md
135e4f149149715bdfa8c6595fa7ad4db9916b2d442be87dbf6e4435847ecf53,Beca Municipal Sebastian Reyes Fuentealba,Municipalidad de Palena,CONFIRMADA_ESENCIAL,False,SIN_GRUPO_REPETIDO,,,../REVISION_MUNICIPALES_SEPTIMO_32.md; CONFIRMACION_ESENCIAL_MUNICIPALES_64.md
65bb1dd61fdb5dc3efe1a7baf8ff75ff1613a265f09ace4909bd1c7e93ac2308,Beca Educación Superior y Beca Ayuda para Transporte,Municipalidad de Las Cabras,PENDIENTE_CONFIRMACION_COMPLETA,False,SIN_GRUPO_REPETIDO,,,../REVISION_MUNICIPALES_SEPTIMO_32.md; CONFIRMACION_ESENCIAL_MUNICIPALES_64.md
d244c3f979f455ce6a5a3750f9d00dc24b448043b5e53028e26446b03ab6a557,Beca Ignacio Domeyko (Educación Superior),Municipalidad de Andacollo,PENDIENTE_CONFIRMACION_COMPLETA,False,SIN_GRUPO_REPETIDO,,,../REVISION_MUNICIPALES_SEPTIMO_32.md; CONFIRMACION_ESENCIAL_MUNICIPALES_64.md
93779d4ea342838b60e25b12ee492f54704ab18337dcb17ce93e6b2e1fc44f56,Beca de Enseñanza Superior Maullin,Municipalidad de Maullin,PENDIENTE_CONFIRMACION_COMPLETA,False,SIN_GRUPO_REPETIDO,,,../REVISION_MUNICIPALES_SEPTIMO_32.md; CONFIRMACION_ESENCIAL_MUNICIPALES_64.md
f1640ed80d2199300fa4c005ee543f019b33a8529da2c56368cab4ba5db9e238,Beca Concejo Municipal y Beca Samuel Ovalle,Municipalidad de Mostazal,PENDIENTE_CONFIRMACION_COMPLETA,False,SIN_GRUPO_REPETIDO,,,../REVISION_MUNICIPALES_SEPTIMO_32.md; CONFIRMACION_ESENCIAL_MUNICIPALES_64.md
909ff9418bcda015e2cdc50d480bc97b841d5ebd15ec2d5f4594701d3ad370b6,Beca Municipal de Asistencialidad Chaiten,Municipalidad de Chaiten,PENDIENTE_CONFIRMACION_COMPLETA,False,SIN_GRUPO_REPETIDO,,,../REVISION_MUNICIPALES_OCTAVO_32.md; CONFIRMACION_ESENCIAL_MUNICIPALES_81.md; CONFIRMACION_ESENCIAL_MUNICIPALES_OCTAVO_NOVENO_64.md
3724ed4ba96fe9b6b13343f96aa0e0377f61fa03a31eeae8918f9c8d313a83b4,Beca Estudiantil Municipal Olivar,Municipalidad de Olivar,PENDIENTE_CONFIRMACION_COMPLETA,False,SIN_GRUPO_REPETIDO,,,../REVISION_MUNICIPALES_OCTAVO_32.md; CONFIRMACION_ESENCIAL_MUNICIPALES_81.md; CONFIRMACION_ESENCIAL_MUNICIPALES_OCTAVO_NOVENO_64.md
f5f48010ee916be505545f229eb36c834c6cbda2f09777db3d9a7a79201af967,Beca Municipal Estudiantil Educación Superior San Gregorio,Municipalidad de San Gregorio,PENDIENTE_CONFIRMACION_COMPLETA,False,SIN_GRUPO_REPETIDO,,,../REVISION_MUNICIPALES_OCTAVO_32.md; CONFIRMACION_ESENCIAL_MUNICIPALES_81.md; CONFIRMACION_ESENCIAL_MUNICIPALES_OCTAVO_NOVENO_64.md
f6544cfccaf444bc6d458753b2c10ab81419fde7073b2a24f83946322b228392,Beca Municipal de Educación Superior Timaukel,Municipalidad de Timaukel,PENDIENTE_CONFIRMACION_COMPLETA,False,SIN_GRUPO_REPETIDO,,,../REVISION_MUNICIPALES_OCTAVO_32.md; CONFIRMACION_ESENCIAL_MUNICIPALES_81.md; CONFIRMACION_ESENCIAL_MUNICIPALES_OCTAVO_NOVENO_64.md
0c50c557857a93b275993deff71701b135075b48885dbc8e53c6827b577748ff,Beca Municipal de Incentivo al Rendimiento Académico de Estudios Superior,Municipalidad de Colchane,PENDIENTE_CONFIRMACION_COMPLETA,False,SIN_GRUPO_REPETIDO,,,../REVISION_MUNICIPALES_OCTAVO_32.md; CONFIRMACION_ESENCIAL_MUNICIPALES_81.md; CONFIRMACION_ESENCIAL_MUNICIPALES_OCTAVO_NOVENO_64.md
16e415d3c49650a2da9b2ff89cd9345e59ca6224bff2781ba3068ddc75b226f7,Beca Municipal de Educación Superior Puerto Cisnes,Municipalidad de Cisnes,PENDIENTE_CONFIRMACION_COMPLETA,False,SIN_GRUPO_REPETIDO,,,../REVISION_MUNICIPALES_OCTAVO_32.md; CONFIRMACION_ESENCIAL_MUNICIPALES_81.md; CONFIRMACION_ESENCIAL_MUNICIPALES_OCTAVO_NOVENO_64.md
2d84e8bcf07080e6c810804618bdfeb47b1b095061bbc4f08975dd02ce67e36b,Beca Municipal Educación Superior Cerro Sombrero,Municipalidad de Primavera,PENDIENTE_CONFIRMACION_COMPLETA,False,SIN_GRUPO_REPETIDO,,,../REVISION_MUNICIPALES_OCTAVO_32.md; CONFIRMACION_ESENCIAL_MUNICIPALES_81.md; CONFIRMACION_ESENCIAL_MUNICIPALES_OCTAVO_NOVENO_64.md
5bec6bdc0c12d45035f6c5c3b12d702bb380e5d16aec03a2e70c82016963737d,Beca Municipal de Apoyo a la Educación Superior Camina,Municipalidad de Camina,PENDIENTE_CONFIRMACION_COMPLETA,False,SIN_GRUPO_REPETIDO,,,../REVISION_MUNICIPALES_OCTAVO_32.md; CONFIRMACION_ESENCIAL_MUNICIPALES_81.md; CONFIRMACION_ESENCIAL_MUNICIPALES_OCTAVO_NOVENO_64.md
405de1b7a1268f2f812809d7a752274d05115510e09efe3cb6e617a55d6ac11f,Beca Municipal Educación Superior Caleta Tortel,Municipalidad de Tortel,CONFIRMADA_ESENCIAL,False,SIN_GRUPO_REPETIDO,,,../REVISION_MUNICIPALES_OCTAVO_32.md; CONFIRMACION_ESENCIAL_MUNICIPALES_81.md; CONFIRMACION_ESENCIAL_MUNICIPALES_OCTAVO_NOVENO_64.md; REVISION_TORTEL_MODIFICACION_2026.md
15c8db341720668baebdd2a2be22b25bd8c99a733e5d854f6a53929b18b45b99,Beca de Mantención Educación Superior Huara,Municipalidad de Huara,PENDIENTE_CONFIRMACION_COMPLETA,False,SIN_GRUPO_REPETIDO,,,../REVISION_MUNICIPALES_OCTAVO_32.md; CONFIRMACION_ESENCIAL_MUNICIPALES_81.md; CONFIRMACION_ESENCIAL_MUNICIPALES_OCTAVO_NOVENO_64.md
e9d19755434b511dcefa8b4292f6faac35007429f92ca5c271e4ba472b706e7e,Beca Municipal de Educación Superior Melinka,Municipalidad de Guaitecas,PENDIENTE_CONFIRMACION_COMPLETA,False,SIN_GRUPO_REPETIDO,,,../REVISION_MUNICIPALES_OCTAVO_32.md; CONFIRMACION_ESENCIAL_MUNICIPALES_81.md; CONFIRMACION_ESENCIAL_MUNICIPALES_OCTAVO_NOVENO_64.md
6e9fa1f5b3f2577cf61e596a308c1a07baf9dc18f187b60c50dd322909457131,Beca Municipal de Apoyo Estudiantil Visviri / General Lagos,Municipalidad de General Lagos,PENDIENTE_CONFIRMACION_COMPLETA,False,SIN_GRUPO_REPETIDO,,,../REVISION_MUNICIPALES_OCTAVO_32.md; CONFIRMACION_ESENCIAL_MUNICIPALES_81.md; CONFIRMACION_ESENCIAL_MUNICIPALES_OCTAVO_NOVENO_64.md
e815bff334da2705dfa9de4cce04d097a1ab8b79c6ca323df0e83814a3ac50ed,Beca Municipal de Educación Superior Archipielago Juan Fernandez,Municipalidad de Juan Fernandez,PENDIENTE_CONFIRMACION_COMPLETA,False,SIN_GRUPO_REPETIDO,,,../REVISION_MUNICIPALES_OCTAVO_32.md; CONFIRMACION_ESENCIAL_MUNICIPALES_81.md; CONFIRMACION_ESENCIAL_MUNICIPALES_OCTAVO_NOVENO_64.md
95d6f301382c2ab2fdc7f0acbd273a2c5409c87d9e6ecb45e20032c62bb94084,Beca Municipal Estudiantil Galvarino,Municipalidad de Galvarino,CONFIRMADA_ESENCIAL,False,SIN_GRUPO_REPETIDO,,,../REVISION_MUNICIPALES_OCTAVO_32.md; CONFIRMACION_ESENCIAL_MUNICIPALES_81.md; CONFIRMACION_ESENCIAL_MUNICIPALES_OCTAVO_NOVENO_64.md
ac077e1770bbf329d185ddce24d60dad89227e0a73bf332e6eb9b7c407eaae26,Beca Municipal Educación Superior Alhue,Municipalidad de Alhue,PENDIENTE_CONFIRMACION_COMPLETA,False,SIN_GRUPO_REPETIDO,,,../REVISION_MUNICIPALES_OCTAVO_32.md; CONFIRMACION_ESENCIAL_MUNICIPALES_81.md; CONFIRMACION_ESENCIAL_MUNICIPALES_OCTAVO_NOVENO_64.md
c0bdc07760312c8208ca965c3160c4028bf74895cc9b9547daf49291cd2c6d36,Beca de Educación Superior Ilustre Municipalidad de Zapallar,Municipalidad de Zapallar,PENDIENTE_CONFIRMACION_COMPLETA,False,SIN_GRUPO_REPETIDO,,,../REVISION_MUNICIPALES_OCTAVO_32.md; CONFIRMACION_ESENCIAL_MUNICIPALES_81.md; CONFIRMACION_ESENCIAL_MUNICIPALES_OCTAVO_NOVENO_64.md
f2c8125ad91266de64f3916c120773b4e44f46191cd1b2d514c956df5c2ffae5,Beca Municipal Estudiantil Maria Pinto,Municipalidad de Maria Pinto,PENDIENTE_CONFIRMACION_COMPLETA,False,SIN_GRUPO_REPETIDO,,,../REVISION_MUNICIPALES_OCTAVO_32.md; CONFIRMACION_ESENCIAL_MUNICIPALES_81.md; CONFIRMACION_ESENCIAL_MUNICIPALES_OCTAVO_NOVENO_64.md
52f8af30f4a3f7b65fa2426b0a4c01d4d19f27274fa46ffd70efd4523cf3bcf4,Beca Municipal de Educación Superior Paredones,Municipalidad de Paredones,PENDIENTE_CONFIRMACION_COMPLETA,False,SIN_GRUPO_REPETIDO,,,../REVISION_MUNICIPALES_OCTAVO_32.md; CONFIRMACION_ESENCIAL_MUNICIPALES_81.md; CONFIRMACION_ESENCIAL_MUNICIPALES_OCTAVO_NOVENO_64.md
5546ef2158fd6eb0721dae3032e255a3f8449a903dd60216948b013285896a4b,Beca Municipal Estudiantil Pumanque,Municipalidad de Pumanque,PENDIENTE_CONFIRMACION_COMPLETA,False,SIN_GRUPO_REPETIDO,,,../REVISION_MUNICIPALES_OCTAVO_32.md; CONFIRMACION_ESENCIAL_MUNICIPALES_81.md; CONFIRMACION_ESENCIAL_MUNICIPALES_OCTAVO_NOVENO_64.md
665003bcdc7d6cb1a2fb3ed995d116e16c0d1c8372dc8bf98d52a97c47d8e678,Beca Municipal de Apoyo a la Educación Superior Quilleco,Municipalidad de Quilleco,CONFIRMADA_ESENCIAL,False,SIN_GRUPO_REPETIDO,,,../REVISION_MUNICIPALES_OCTAVO_32.md; CONFIRMACION_ESENCIAL_MUNICIPALES_81.md; CONFIRMACION_ESENCIAL_MUNICIPALES_OCTAVO_NOVENO_64.md
484d099ee535c5fcd3ae5cadd05af985fe3a61b880f718804c6f30a64039287b,Beca Municipal Educación Superior Antuco,Municipalidad de Antuco,PENDIENTE_CONFIRMACION_COMPLETA,False,SIN_GRUPO_REPETIDO,,,../REVISION_MUNICIPALES_OCTAVO_32.md; CONFIRMACION_ESENCIAL_MUNICIPALES_81.md; CONFIRMACION_ESENCIAL_MUNICIPALES_OCTAVO_NOVENO_64.md
62db0c8f117014a3ff21582bed8636c64f733bc9a11ee9d324f7d775a9b1290a,Beca Municipal Educación Superior Perquenco,Municipalidad de Perquenco,PENDIENTE_CONFIRMACION_COMPLETA,False,SIN_GRUPO_REPETIDO,,,../REVISION_MUNICIPALES_OCTAVO_32.md; CONFIRMACION_ESENCIAL_MUNICIPALES_81.md; CONFIRMACION_ESENCIAL_MUNICIPALES_OCTAVO_NOVENO_64.md
5d66d823e3a35dce6b83dce130430877cd2c6f5a8d0f51d877c1de76191e35b1,Beca Municipal Heriberto Hott Contreras 2025/2026,Municipalidad de Puyehue,PENDIENTE_CONFIRMACION_COMPLETA,False,SIN_GRUPO_REPETIDO,,,../REVISION_MUNICIPALES_OCTAVO_32.md; CONFIRMACION_ESENCIAL_MUNICIPALES_81.md; CONFIRMACION_ESENCIAL_MUNICIPALES_OCTAVO_NOVENO_64.md
4066f03ba36dbdcfa8eaa11ce9c0d64c03dd91f650eb6532267a02556628440c,Programa Beca de Movilizacion,Municipalidad de Renaico,CONFIRMADA_ESENCIAL,False,SIN_GRUPO_REPETIDO,,,../REVISION_MUNICIPALES_OCTAVO_32.md; CONFIRMACION_ESENCIAL_MUNICIPALES_81.md; CONFIRMACION_ESENCIAL_MUNICIPALES_OCTAVO_NOVENO_64.md
b7e2e0db8d9f9bbde871292ab4e54eeaefab6543c649eacf75eae952c6387c5d,Beca de Educación Superior Municipal,Municipalidad de Curaco de Velez,PENDIENTE_CONFIRMACION_COMPLETA,False,SIN_GRUPO_REPETIDO,,,../REVISION_MUNICIPALES_OCTAVO_32.md; CONFIRMACION_ESENCIAL_MUNICIPALES_81.md; CONFIRMACION_ESENCIAL_MUNICIPALES_OCTAVO_NOVENO_64.md
7d7a697df80c332c341316e28812b94143342a4833e2eae45dd4823a36bb83e0,Beca Municipal de Educación Superior 2026,Municipalidad de Portezuelo,PENDIENTE_CONFIRMACION_COMPLETA,False,SIN_GRUPO_REPETIDO,,,../REVISION_MUNICIPALES_OCTAVO_32.md; CONFIRMACION_ESENCIAL_MUNICIPALES_81.md; CONFIRMACION_ESENCIAL_MUNICIPALES_OCTAVO_NOVENO_64.md
edca53421b6dc7d400453eb214c62827f5d17736a65c7766f22fd469d3100013,Beca Residencia Estudiantil Ranquil,Municipalidad de Ranquil,PENDIENTE_CONFIRMACION_COMPLETA,False,SIN_GRUPO_REPETIDO,,,../REVISION_MUNICIPALES_OCTAVO_32.md; CONFIRMACION_ESENCIAL_MUNICIPALES_81.md; CONFIRMACION_ESENCIAL_MUNICIPALES_OCTAVO_NOVENO_64.md
3e58349a5c478d40079a35bacf8244596d9d6f1d9108657cf8674573ec7ae4db,Beca Municipal para Educación Superior 2026,Municipalidad de Chillan Viejo,PENDIENTE_CONFIRMACION_COMPLETA,False,SIN_GRUPO_REPETIDO,,,../REVISION_MUNICIPALES_OCTAVO_32.md; CONFIRMACION_ESENCIAL_MUNICIPALES_81.md; CONFIRMACION_ESENCIAL_MUNICIPALES_OCTAVO_NOVENO_64.md
b2be5fb5638a098b2d79ac9b8389cb7637c2d80967653353a7ce539024e79445,Beca Ilustre Municipalidad de Rio Verde,Municipalidad de Rio Verde,PENDIENTE_CONFIRMACION_COMPLETA,False,SIN_GRUPO_REPETIDO,,,../REVISION_MUNICIPALES_OCTAVO_32.md; CONFIRMACION_ESENCIAL_MUNICIPALES_81.md; CONFIRMACION_ESENCIAL_MUNICIPALES_OCTAVO_NOVENO_64.md
40044ec5fd96b31d08c362a29d66ec4fee46a73a644a0fed361d3b70383becfd,Beca Municipal Quemchi y Beca Pescadores Artesanales,Municipalidad de Quemchi,PENDIENTE_CONFIRMACION_COMPLETA,False,SIN_GRUPO_REPETIDO,,,../REVISION_MUNICIPALES_OCTAVO_32.md; CONFIRMACION_ESENCIAL_MUNICIPALES_81.md; CONFIRMACION_ESENCIAL_MUNICIPALES_OCTAVO_NOVENO_64.md
9665b7223c82df5ae960437894543746ad0410209a348f800b27e7f5739f700d,Beca Municipal de Ninhue,Municipalidad de Ninhue,PENDIENTE_CONFIRMACION_COMPLETA,False,SIN_GRUPO_REPETIDO,,,../REVISION_MUNICIPALES_OCTAVO_32.md; CONFIRMACION_ESENCIAL_MUNICIPALES_81.md; CONFIRMACION_ESENCIAL_MUNICIPALES_OCTAVO_NOVENO_64.md
67525af331a8672c1804eacbb8fb49b4fc5582f0fede68652b43ef8f8a910db2,Aporte Económico Educación Superior 2026,Municipalidad de Collipulli,CONFIRMADA_ESENCIAL,False,SIN_GRUPO_REPETIDO,,,../REVISION_MUNICIPALES_OCTAVO_32.md; CONFIRMACION_ESENCIAL_MUNICIPALES_81.md; CONFIRMACION_ESENCIAL_MUNICIPALES_OCTAVO_NOVENO_64.md
f8055636603f64517e02fa6dfa22ce0766c685b8bff0353afe607e5a9c074fe2,Beca Municipal de Educación Superior Lonquimay,Municipalidad de Lonquimay,PENDIENTE_CONFIRMACION_COMPLETA,False,SIN_GRUPO_REPETIDO,,,../REVISION_MUNICIPALES_NOVENO_32.md; CONFIRMACION_ESENCIAL_MUNICIPALES_81.md; CONFIRMACION_ESENCIAL_MUNICIPALES_OCTAVO_NOVENO_64.md
25891bb62e4d316afba8830c7cc238ef5a753ae74adfe101a12a8a93e600fdba,Beca de Educación Superior Cholchol,Municipalidad de Cholchol,PENDIENTE_CONFIRMACION_COMPLETA,False,SIN_GRUPO_REPETIDO,,,../REVISION_MUNICIPALES_33.md; CONFIRMACION_ESENCIAL_MUNICIPALES_97.md
323120dca07f297f629fc71a60d5b9fd0ba48b10c44b9ad45d9e10ea5ae86b51,Beca Estudiantil Municipalidad de Melipeuco,Municipalidad de Melipeuco,PENDIENTE_CONFIRMACION_COMPLETA,False,SIN_GRUPO_REPETIDO,,,../REVISION_MUNICIPALES_32.md; CONFIRMACION_ESENCIAL_MUNICIPALES_97.md
93aef50ce30d3e104174ab6bd53045b8892722b7f3c4d506dbf1e2d46a45e2c8,Beca Municipal Educación Superior Tolten,Municipalidad de Tolten,PENDIENTE_CONFIRMACION_COMPLETA,False,SIN_GRUPO_REPETIDO,,,../REVISION_MUNICIPALES_NOVENO_32.md; CONFIRMACION_ESENCIAL_MUNICIPALES_81.md; CONFIRMACION_ESENCIAL_MUNICIPALES_OCTAVO_NOVENO_64.md
dcb38cf7abb28bdff77f140c73299962ea5a8424bd50440c766c69f769804bb0,Beca Municipal Los Sauces,Municipalidad de Los Sauces,PENDIENTE_CONFIRMACION_COMPLETA,False,SIN_GRUPO_REPETIDO,,,../REVISION_MUNICIPALES_32.md; CONFIRMACION_ESENCIAL_MUNICIPALES_97.md
7367c1c3f35eab6f639524831873a1a177233ef474a5b2c83d8bd392b5ce0e58,Beca de Educación Superior Municipalidad de Lumaco,Municipalidad de Lumaco,PENDIENTE_CONFIRMACION_COMPLETA,False,SIN_GRUPO_REPETIDO,,,../REVISION_MUNICIPALES_NOVENO_32.md; CONFIRMACION_ESENCIAL_MUNICIPALES_81.md; CONFIRMACION_ESENCIAL_MUNICIPALES_OCTAVO_NOVENO_64.md
a8184eb83e65d96f5f62c85c0538582a753ec0c9a555b0933f394bfd787422fc,Programa Beca Estudiantil Educación Superior,Municipalidad de Curarrehue,PENDIENTE_CONFIRMACION_COMPLETA,False,SIN_GRUPO_REPETIDO,,,../REVISION_MUNICIPALES_33.md; CONFIRMACION_ESENCIAL_MUNICIPALES_97.md
47ab68a7e7ba3e61b550ce43ba73a1a5b4ccaee3ede9935ae9c97134e2d26c1f,Beca Municipal Puerto Saavedra,Municipalidad de Saavedra,PENDIENTE_CONFIRMACION_COMPLETA,False,SIN_GRUPO_REPETIDO,,,../REVISION_MUNICIPALES_NOVENO_32.md; CONFIRMACION_ESENCIAL_MUNICIPALES_81.md; CONFIRMACION_ESENCIAL_MUNICIPALES_OCTAVO_NOVENO_64.md
ae8c01706df16fc9b76b082a6ad29002f1c665951dccc04af004426663eabe19,Beca Estudiantil Municipal Melipeuco,Municipalidad de Melipeuco,PENDIENTE_CONFIRMACION_COMPLETA,False,SIN_GRUPO_REPETIDO,,,../REVISION_MUNICIPALES_32.md; CONFIRMACION_ESENCIAL_MUNICIPALES_97.md
526967115bd25380d1d433196774528634fb8a10a49980e44324ed0f6dee86f0,Beca de Educación Superior Teodoro Schmidt,Municipalidad de Teodoro Schmidt,PENDIENTE_CONFIRMACION_COMPLETA,False,SIN_GRUPO_REPETIDO,,,../REVISION_MUNICIPALES_SIGUIENTES_32.md; CONFIRMACION_ESENCIAL_MUNICIPALES_97.md
bce5d29e99741b4c9c286dcfe17ed9a825e13b6ab374fe9706ab7c66555f2869,Beca Municipal Educación Superior Rapa Nui,Municipalidad de Isla de Pascua,CONFIRMADA_ESENCIAL,False,SIN_GRUPO_REPETIDO,,,../REVISION_MUNICIPALES_NOVENO_32.md; CONFIRMACION_ESENCIAL_MUNICIPALES_81.md; CONFIRMACION_ESENCIAL_MUNICIPALES_OCTAVO_NOVENO_64.md
9f4a326359d6f315b18bf71098b1c69ecf55f5779305bac407ec418ad541bfd6,Beca Municipal Estudiantil Quilaco,Municipalidad de Quilaco,PENDIENTE_CONFIRMACION_COMPLETA,False,SIN_GRUPO_REPETIDO,,,../REVISION_MUNICIPALES_NOVENO_32.md; CONFIRMACION_ESENCIAL_MUNICIPALES_81.md; CONFIRMACION_ESENCIAL_MUNICIPALES_OCTAVO_NOVENO_64.md
883c8be7ade5b6bbec6d0a6eabaeafe0a97e21fa3fca0fe53b7e108bcf2cd676,Beca de Educación Superior Ilustre Municipalidad de Quintero,Municipalidad de Quintero,PENDIENTE_CONFIRMACION_COMPLETA,False,SIN_GRUPO_REPETIDO,,,../REVISION_MUNICIPALES_SIGUIENTES_32.md; CONFIRMACION_ESENCIAL_MUNICIPALES_50.md; CONFIRMACION_ESENCIAL_MUNICIPALES_97.md
0dc47cf73607134a8774381dc8e9bbc7413959f533f682d9d6434ac9c0082694,Beca Municipal de Educación Superior San Antonio,Municipalidad de San Antonio,PENDIENTE_CONFIRMACION_COMPLETA,True,PENDIENTE_CONCILIACION,descripcion; descripcion_larga; documentos_requeridos; fecha_cierre; fecha_inicio; monto; url,,../REVISION_MUNICIPALES_NOVENO_32.md; CONFIRMACION_ESENCIAL_MUNICIPALES_81.md; CONFIRMACION_ESENCIAL_MUNICIPALES_OCTAVO_NOVENO_64.md
ea1dda12e8967edfff99c361904c0c5c6a46f0e2d2575e2535d80451e2a1f971,Beca Municipal de Estudios Superiores Casablanca,Municipalidad de Casablanca,CONFIRMADA_ESENCIAL,False,SIN_GRUPO_REPETIDO,,,../REVISION_MUNICIPALES_33.md; CONFIRMACION_ESENCIAL_MUNICIPALES_50.md; CONFIRMACION_ESENCIAL_MUNICIPALES_97.md
3b84b51cf1b3376a47226d92043464191fdc08a80242e2618244e56c52c6e768,Beca Municipal Educación Superior Alto Biobio,Municipalidad de Alto Biobio,PENDIENTE_CONFIRMACION_COMPLETA,False,SIN_GRUPO_REPETIDO,,,../REVISION_MUNICIPALES_NOVENO_32.md; CONFIRMACION_ESENCIAL_MUNICIPALES_81.md; CONFIRMACION_ESENCIAL_MUNICIPALES_OCTAVO_NOVENO_64.md
a8bc761f5e12dded29acfc7726e505e53b36717038b3335bda0a02f8bf7e6e3e,Beca de Educación Superior Santa Barbara,Municipalidad de Santa Barbara,PENDIENTE_CONFIRMACION_COMPLETA,False,SIN_GRUPO_REPETIDO,,,../REVISION_MUNICIPALES_NOVENO_32.md; CONFIRMACION_ESENCIAL_MUNICIPALES_81.md; CONFIRMACION_ESENCIAL_MUNICIPALES_OCTAVO_NOVENO_64.md
015da93b9867cb6200ee3b9073e7fe172011d39f513d407f18145265daa8d42d,Beca Municipal Educación Superior Negrete,Municipalidad de Negrete,CONFIRMADA_ESENCIAL,False,SIN_GRUPO_REPETIDO,,,../REVISION_MUNICIPALES_NOVENO_32.md; CONFIRMACION_ESENCIAL_MUNICIPALES_81.md; CONFIRMACION_ESENCIAL_MUNICIPALES_OCTAVO_NOVENO_64.md
9fc66303a799b82e86b9680df67f867c911012e8ddd195599ee8916791327d5d,Beca Municipal Educación Superior San Bernardo,Municipalidad de San Bernardo,PENDIENTE_CONFIRMACION_COMPLETA,False,SIN_GRUPO_REPETIDO,,,../REVISION_MUNICIPALES_SIGUIENTES_32.md; CONFIRMACION_ESENCIAL_MUNICIPALES_97.md
8ab65568719a9608e437f36515de680a313dfdbd0d28d4b51f471736a02658f8,Beca Municipal Estudiantil Lo Prado,Municipalidad de Lo Prado,CONFIRMADA_ESENCIAL,False,SIN_GRUPO_REPETIDO,,,../REVISION_MUNICIPALES_32.md; CONFIRMACION_ESENCIAL_MUNICIPALES_50.md; CONFIRMACION_ESENCIAL_MUNICIPALES_97.md
c9e5274d62f345099433f6aa2842dea701f6f16e263b004517d3c3c0edbc8f06,Beca Municipal de Educación Superior Pudahuel,Municipalidad de Pudahuel,PENDIENTE_CONFIRMACION_COMPLETA,False,SIN_GRUPO_REPETIDO,,,../REVISION_MUNICIPALES_32.md; CONFIRMACION_ESENCIAL_MUNICIPALES_97.md
0146efe14f2d738d086499d2a25891b94a909db2260927882cbe2f73aaf66d6b,Beca de Mantención Educación Superior Conchali,Municipalidad de Conchali,PENDIENTE_CONFIRMACION_COMPLETA,False,SIN_GRUPO_REPETIDO,,,../REVISION_MUNICIPALES_33.md; CONFIRMACION_ESENCIAL_MUNICIPALES_97.md
f041edb44bcc736e2328a50184a1b9944152efe7dd7c5745ace67d9bb0b68c31,Beca Municipal de Estudios Superiores Macul,Municipalidad de Macul,PENDIENTE_CONFIRMACION_COMPLETA,False,SIN_GRUPO_REPETIDO,,,../REVISION_MUNICIPALES_NOVENO_32.md; CONFIRMACION_ESENCIAL_MUNICIPALES_81.md; CONFIRMACION_ESENCIAL_MUNICIPALES_OCTAVO_NOVENO_64.md
5e04c244a1d06e515016320e5992bd3518311ff6cca2f38352b4c392cab428f6,Beca de Educación Superior Penalolen,Municipalidad de Penalolen,CONFIRMADA_ESENCIAL,False,SIN_GRUPO_REPETIDO,,,../REVISION_MUNICIPALES_NOVENO_32.md; CONFIRMACION_ESENCIAL_MUNICIPALES_81.md; CONFIRMACION_ESENCIAL_MUNICIPALES_OCTAVO_NOVENO_64.md
2847e34534cb34947dec0aab78599d5c72c1ec8c56e2fceee9c566ef15c93dda,Beca Municipal de Apoyo a la Educación Superior La Granja,Municipalidad de La Granja,CONFIRMADA_ESENCIAL,False,SIN_GRUPO_REPETIDO,,,../REVISION_MUNICIPALES_32.md; CONFIRMACION_ESENCIAL_MUNICIPALES_50.md; CONFIRMACION_ESENCIAL_MUNICIPALES_97.md
8dacec815c407a63695707c2b6210a347fb63578abefbcc0d54c326997c2da72,Beca Municipal Educación Superior Buin,Municipalidad de Buin,CONFIRMADA_ESENCIAL,False,SIN_GRUPO_REPETIDO,,,../REVISION_MUNICIPALES_33.md; CONFIRMACION_ESENCIAL_MUNICIPALES_50.md; CONFIRMACION_ESENCIAL_MUNICIPALES_97.md
d429a131ee5eb0da8f128b67ea6826d736362150fb9214050db6838af03ab93c,Beca de Mantención Educación Superior Hualpen,Municipalidad de Hualpen,PENDIENTE_CONFIRMACION_COMPLETA,False,SIN_GRUPO_REPETIDO,,,../REVISION_MUNICIPALES_33.md; CONFIRMACION_ESENCIAL_MUNICIPALES_50.md; CONFIRMACION_ESENCIAL_MUNICIPALES_97.md
1b77c930cc4ec6ba4735090e67c1f7b4c14fe9dbfb5818f14e09a38a1522ea46,Beca Municipal para la Educación Superior Paine,Municipalidad de Paine,PENDIENTE_CONFIRMACION_COMPLETA,False,SIN_GRUPO_REPETIDO,,,../REVISION_MUNICIPALES_32.md; CONFIRMACION_ESENCIAL_MUNICIPALES_50.md; CONFIRMACION_ESENCIAL_MUNICIPALES_97.md
3c103357ab89d718bebb3aae9ab962b0b9c08f9c939f9b27d00eecefde81aab9,Beca Municipal Educación Superior Talagante,Municipalidad de Talagante,CONFIRMADA_ESENCIAL,False,SIN_GRUPO_REPETIDO,,,../REVISION_MUNICIPALES_SIGUIENTES_32.md; CONFIRMACION_ESENCIAL_MUNICIPALES_50.md; CONFIRMACION_ESENCIAL_MUNICIPALES_97.md
6b040bf2cb8c5732b3e9f3b9fb223cc457e78044fc235ded186e8fd32fbddd20,Beca Municipal Estudiantil El Monte,Municipalidad de El Monte,PENDIENTE_CONFIRMACION_COMPLETA,False,SIN_GRUPO_REPETIDO,,,../REVISION_MUNICIPALES_NOVENO_32.md; CONFIRMACION_ESENCIAL_MUNICIPALES_81.md; CONFIRMACION_ESENCIAL_MUNICIPALES_OCTAVO_NOVENO_64.md
3e8cd9c8cbf5ccf2d1ff61f34213f00dbdb478428ee2e6b7f9220af053ba6d2b,Beca de Educación Superior Municipalidad de Penaflor,Municipalidad de Penaflor,PENDIENTE_CONFIRMACION_COMPLETA,False,SIN_GRUPO_REPETIDO,,,../REVISION_MUNICIPALES_32.md; CONFIRMACION_ESENCIAL_MUNICIPALES_97.md
380be2915801e1b17c2fa14c28a351bab0e6576b0aad988c9f7e6879c28a62b6,Beca de Educación Superior Isla de Maipo,Municipalidad de Isla de Maipo,CONFIRMADA_ESENCIAL,False,SIN_GRUPO_REPETIDO,,,../REVISION_MUNICIPALES_32.md; CONFIRMACION_ESENCIAL_MUNICIPALES_97.md
878a3bcced5d9efe65003d6a97a447f82a501b5e95e07232249ae3691fe1142d,Beca Municipal de Apoyo a la Educación Superior Colina,Municipalidad de Colina,PENDIENTE_CONFIRMACION_COMPLETA,False,SIN_GRUPO_REPETIDO,,,../REVISION_MUNICIPALES_33.md; CONFIRMACION_ESENCIAL_MUNICIPALES_50.md; CONFIRMACION_ESENCIAL_MUNICIPALES_97.md
3171714f2d6cc963846015ee951f571e82bd44f83e4e415025a650d81fe0981a,Beca Municipal Educación Superior Chiguayante,Municipalidad de Chiguayante,PENDIENTE_CONFIRMACION_COMPLETA,False,SIN_GRUPO_REPETIDO,,,../REVISION_MUNICIPALES_33.md; CONFIRMACION_ESENCIAL_MUNICIPALES_97.md
4a249fa9a99030f2bfcb7804f4858139e3021d362b313ccd8e6831c24f70cfd5,Beca de Educación Superior Ilustre Municipalidad de Mariquina,Municipalidad de Mariquina,CONFIRMADA_ESENCIAL,False,SIN_GRUPO_REPETIDO,,,../REVISION_MUNICIPALES_NOVENO_32.md; CONFIRMACION_ESENCIAL_MUNICIPALES_81.md; CONFIRMACION_ESENCIAL_MUNICIPALES_OCTAVO_NOVENO_64.md
42e596bd66c43cc97ce7dab5adf1adccfce708abebbb20dc6f47fb8858e0bcb5,Beca Municipal Estudiantil Lanco,Municipalidad de Lanco,PENDIENTE_CONFIRMACION_COMPLETA,False,SIN_GRUPO_REPETIDO,,,../REVISION_MUNICIPALES_NOVENO_32.md; CONFIRMACION_ESENCIAL_MUNICIPALES_81.md; CONFIRMACION_ESENCIAL_MUNICIPALES_OCTAVO_NOVENO_64.md
c23f9a26df1f5c65e25b477365c0556848bca3453f8fde442390638e729bdb9e,Beca Municipal Educación Superior Mafil,Municipalidad de Mafil,PENDIENTE_CONFIRMACION_COMPLETA,False,SIN_GRUPO_REPETIDO,,,../REVISION_MUNICIPALES_NOVENO_32.md; CONFIRMACION_ESENCIAL_MUNICIPALES_81.md; CONFIRMACION_ESENCIAL_MUNICIPALES_OCTAVO_NOVENO_64.md
db8d4d1567e1c05b9e9fafe1777adff057b92b7275301bf74be82dc5804993c3,Beca Municipal de Apoyo a la Educación Superior Corral,Municipalidad de Corral,CONFIRMADA_ESENCIAL,False,SIN_GRUPO_REPETIDO,,,../REVISION_MUNICIPALES_NOVENO_32.md; CONFIRMACION_ESENCIAL_MUNICIPALES_81.md; CONFIRMACION_ESENCIAL_MUNICIPALES_OCTAVO_NOVENO_64.md
2e7297d32bfefea5d2809e3a98c5df90a01a47454b23d8b39146df1ceb871743,Beca Municipal Villa O'Higgins (Educación Superior),Municipalidad de O'Higgins,PENDIENTE_CONFIRMACION_COMPLETA,False,SIN_GRUPO_REPETIDO,,,../REVISION_MUNICIPALES_NOVENO_32.md; CONFIRMACION_ESENCIAL_MUNICIPALES_81.md; CONFIRMACION_ESENCIAL_MUNICIPALES_OCTAVO_NOVENO_64.md
f6ee87674bac80bc6912223da830ad62d050cca1da1eaaeca41b7d08343a741d,Beca Municipal Educación Superior Cochamo,Municipalidad de Cochamo,PENDIENTE_CONFIRMACION_COMPLETA,False,SIN_GRUPO_REPETIDO,,,../REVISION_MUNICIPALES_NOVENO_32.md; CONFIRMACION_ESENCIAL_MUNICIPALES_81.md; CONFIRMACION_ESENCIAL_MUNICIPALES_OCTAVO_NOVENO_64.md
a54f11a8d99fb6f189927d82e486b22e96560878bb0c25485ad63d1e4aeebd5a,Beca Municipal Isla Lemuy - Puqueldon,Municipalidad de Puqueldon,CONFIRMADA_ESENCIAL,False,SIN_GRUPO_REPETIDO,,,../REVISION_MUNICIPALES_NOVENO_32.md; CONFIRMACION_ESENCIAL_MUNICIPALES_81.md; CONFIRMACION_ESENCIAL_MUNICIPALES_OCTAVO_NOVENO_64.md
8630387a7f9cec25198a7c736bd5039038b22360da3437993b45b042ab224eb1,Beca de Educación Superior Rio Claro,Municipalidad de Rio Claro,PENDIENTE_CONFIRMACION_COMPLETA,False,SIN_GRUPO_REPETIDO,,,../REVISION_MUNICIPALES_NOVENO_32.md; CONFIRMACION_ESENCIAL_MUNICIPALES_81.md; CONFIRMACION_ESENCIAL_MUNICIPALES_OCTAVO_NOVENO_64.md
15bd3a7d2897fed8d6dfcc78af3f961504aeadb5733b27e2b2d61afd82eb0e6b,Beca Municipal Educación Superior Vichuquen,Municipalidad de Vichuquen,PENDIENTE_CONFIRMACION_COMPLETA,False,SIN_GRUPO_REPETIDO,,,../REVISION_MUNICIPALES_NOVENO_32.md; CONFIRMACION_ESENCIAL_MUNICIPALES_81.md; CONFIRMACION_ESENCIAL_MUNICIPALES_OCTAVO_NOVENO_64.md
ba64f69ca2f4923b0cc3eeaab9e3b32f62b3d1640a4d98961cc106164d9c7212,Beca Municipal Educación Superior,Municipalidad de Puerto Montt,PENDIENTE_CONFIRMACION_COMPLETA,False,SIN_GRUPO_REPETIDO,,,../REVISION_MUNICIPALES_SIGUIENTES_32.md; CONFIRMACION_ESENCIAL_MUNICIPALES_50.md; CONFIRMACION_ESENCIAL_MUNICIPALES_97.md
b8b0e486aadb5a9ea10a112dcb4f875f4b70455792e81803392506fd81120baf,Beca Municipal de Educación Superior,Municipalidad de Iquique,PENDIENTE_CONFIRMACION_COMPLETA,False,SIN_GRUPO_REPETIDO,,,../REVISION_MUNICIPALES_33.md; CONFIRMACION_ESENCIAL_MUNICIPALES_50.md; CONFIRMACION_ESENCIAL_MUNICIPALES_97.md
dbcdf820447cc2d3a206a3db3a4943a999a500d92860f58843dd045b194c6e18,Beca Municipal para Estudiantes de Educación Superior,Municipalidad de Valdivia,PENDIENTE_CONFIRMACION_COMPLETA,False,SIN_GRUPO_REPETIDO,,,../REVISION_MUNICIPALES_SIGUIENTES_32.md; CONFIRMACION_ESENCIAL_MUNICIPALES_50.md; CONFIRMACION_ESENCIAL_MUNICIPALES_97.md
3f28de5a54cf8f087d7bfb86226d966171dbd44ad5c1fccc66e7d6d65f309360,Beca Puntaje Académico UAI,Universidad Adolfo Ibanez,DESCARTADA_EDITORIAL,False,SIN_GRUPO_REPETIDO,,,../REVISION_OTRAS_UNIVERSIDADES_45.md; CONFIRMACION_ESENCIAL_LOTE_62.md; CONFIRMACION_ESENCIAL_UAI_UDLA_ULAGOS_13.md; DESCARTE_EDITORIAL_SEGUNDO_LOTE_50.md
2a9d39ae12be7f9247643f332d37f07186e6640babcc47ba17727be7cb6af5a7,Beca Mérito Académico UCSH,Universidad Católica Silva Henriquez,DESCARTADA_EDITORIAL,False,SIN_GRUPO_REPETIDO,,,../REVISION_INSTITUCIONES_36.md; CONFIRMACION_ESENCIAL_LOTE_78.md; CONFIRMACION_ESENCIAL_UBO_UVM_UCSH_14.md; DESCARTE_EDITORIAL_SEGUNDO_LOTE_50.md
cf5a13346643aa8078e67571c454f401da0f9bf79486ff2cd1eb543ede05b134,Beca Deportiva UAI,Universidad Adolfo Ibanez,DESCARTADA_EDITORIAL,False,SIN_GRUPO_REPETIDO,,,../REVISION_OTRAS_UNIVERSIDADES_45.md; CONFIRMACION_ESENCIAL_LOTE_62.md; CONFIRMACION_ESENCIAL_UAI_UDLA_ULAGOS_13.md; DESCARTE_EDITORIAL_SEGUNDO_LOTE_50.md
b63145bc2bc7b48135118afcb914e671ce8d350ec138979cb4939c39f172cc02,Beca Hermanos UAI,Universidad Adolfo Ibanez,DESCARTADA_EDITORIAL,False,SIN_GRUPO_REPETIDO,,,../REVISION_OTRAS_UNIVERSIDADES_45.md; CONFIRMACION_ESENCIAL_LOTE_62.md; CONFIRMACION_ESENCIAL_UAI_UDLA_ULAGOS_13.md; DESCARTE_EDITORIAL_SEGUNDO_LOTE_50.md
62a17a7e1af79715acfef1329490e40e539ffea6464182646bbe6f0b8e483a2f,Beca Puntaje PAES UDD,Universidad del Desarrollo,DESCARTADA_EDITORIAL,False,SIN_GRUPO_REPETIDO,,,../REVISION_LOTE_26_FUENTES_COMPARTIDAS.md; ../REVISION_UNIVERSIDADES_45.md; CONFIRMACION_ESENCIAL_INSTITUCIONES_52.md; DESCARTE_EDITORIAL_INSTITUCIONES_53.md; REVISION_ESENCIAL_INSTITUCIONES_SEGUIMIENTO_53.md
5c2217c92aeccbb5588efa22b6db5a131263bf24ba315209985d6c41689561b6,Beca Deportista Destacado UDD,Universidad del Desarrollo,DESCARTADA_EDITORIAL,False,SIN_GRUPO_REPETIDO,,,../REVISION_LOTE_26_FUENTES_COMPARTIDAS.md; ../REVISION_UNIVERSIDADES_45.md; CONFIRMACION_ESENCIAL_INSTITUCIONES_52.md; DESCARTE_EDITORIAL_INSTITUCIONES_53.md; REVISION_ESENCIAL_INSTITUCIONES_SEGUIMIENTO_53.md
f976cd5ab825b50284cad3c2d70d6077690da03fab5791756cedf155fecd44a0,Beca Copago Institucional UAH,Universidad Alberto Hurtado,CONFIRMADA_ESENCIAL,False,SIN_GRUPO_REPETIDO,,,../REVISION_INSTITUCIONES_36.md; CONFIRMACION_ESENCIAL_INSTITUTOS_UAH_UCENTRAL_38.md; CONFIRMACION_ESENCIAL_LOTE_78.md
4442e480302d438f05cf0783dcc19e759d5a20c332865a007fa197bf5acb492f,Beca Municipal de Educación Superior Arica,Municipalidad de Arica,PENDIENTE_CONFIRMACION_COMPLETA,False,SIN_GRUPO_REPETIDO,,,../REVISION_MUNICIPALES_NOVENO_32.md; CONFIRMACION_ESENCIAL_MUNICIPALES_81.md; CONFIRMACION_ESENCIAL_MUNICIPALES_OCTAVO_NOVENO_64.md
6aa434ee4b7ef7a402c40f03e5c5687be6e096329d6002dc3b8a7f38bf63ca2e,Beca Educación Superior DIDECO Chillan,Municipalidad de Chillan,PENDIENTE_CONFIRMACION_COMPLETA,False,SIN_GRUPO_REPETIDO,,,../REVISION_MUNICIPALES_NOVENO_32.md; CONFIRMACION_ESENCIAL_MUNICIPALES_81.md; CONFIRMACION_ESENCIAL_MUNICIPALES_OCTAVO_NOVENO_64.md
8a7aba09ea083666fde7d0a8b66a05ffa1c9ca4e1dfe06a2ce85ab3f783fe561,Beca Estudiantes de Educación Superior Ilustre Municipalidad de Calama,Municipalidad de Calama,PENDIENTE_CONFIRMACION_COMPLETA,False,SIN_GRUPO_REPETIDO,,,../REVISION_MUNICIPALES_NOVENO_32.md; CONFIRMACION_ESENCIAL_MUNICIPALES_81.md; CONFIRMACION_ESENCIAL_MUNICIPALES_OCTAVO_NOVENO_64.md
12b538ef6d46de6e96a66c6b59cc781840e337764bbc8fe1158ca44328d9d0cb,Beca Municipal de Educación Superior Copiapo,Municipalidad de Copiapo,PENDIENTE_CONFIRMACION_COMPLETA,False,SIN_GRUPO_REPETIDO,,,../REVISION_MUNICIPALES_NOVENO_32.md; CONFIRMACION_ESENCIAL_MUNICIPALES_81.md; CONFIRMACION_ESENCIAL_MUNICIPALES_OCTAVO_NOVENO_64.md
d180e8d90434d731b878be62de9c8e31bdcff85544b9ca440e8552d94bdb72c5,Beca de Mantención Municipal para Estudios Superiores,Municipalidad de Coquimbo,PENDIENTE_CONFIRMACION_COMPLETA,False,SIN_GRUPO_REPETIDO,,,../REVISION_MUNICIPALES_NOVENO_32.md; CONFIRMACION_ESENCIAL_MUNICIPALES_81.md; CONFIRMACION_ESENCIAL_MUNICIPALES_OCTAVO_NOVENO_64.md
cbccb00c7d8d89014ac78ebbcc2f3d49de80f58164b82f8d32881e161bcb6f90,Beca Concejo Municipal de Osorno para Educación Superior,Municipalidad de Osorno,PENDIENTE_CONFIRMACION_COMPLETA,False,SIN_GRUPO_REPETIDO,,,../REVISION_MUNICIPALES_NOVENO_32.md; CONFIRMACION_ESENCIAL_MUNICIPALES_81.md; CONFIRMACION_ESENCIAL_MUNICIPALES_OCTAVO_NOVENO_64.md
dad3b6b78a519cd5ea718531a74e92716d4d2e427efed74552c171783c10b959,Beca Municipal para Educación Superior Punta Arenas,Municipalidad de Punta Arenas,PENDIENTE_CONFIRMACION_COMPLETA,False,SIN_GRUPO_REPETIDO,,,../REVISION_MUNICIPALES_NOVENO_32.md; CONFIRMACION_ESENCIAL_MUNICIPALES_81.md; CONFIRMACION_ESENCIAL_MUNICIPALES_OCTAVO_NOVENO_64.md
4f1b6f61f222298377b0967da919d5b0cb2673399e81d93e832d1275d8cd64e8,Beca Municipal de Educación Superior San Bernardo,Municipalidad de San Bernardo,PENDIENTE_CONFIRMACION_COMPLETA,False,SIN_GRUPO_REPETIDO,,,../REVISION_MUNICIPALES_SIGUIENTES_32.md; CONFIRMACION_ESENCIAL_MUNICIPALES_97.md
1cd51c0d2ec1a24b6be88ad42557efc2a2d72e8d0312311c715338b7ffc5582b,Beca Municipal de Mantención Pudahuel,Municipalidad de Pudahuel,PENDIENTE_CONFIRMACION_COMPLETA,False,SIN_GRUPO_REPETIDO,,,../REVISION_MUNICIPALES_32.md; CONFIRMACION_ESENCIAL_MUNICIPALES_97.md
5546b3441fc2b5f4a989c3a3bbb4a424824e18e518ed887a950d1fab9e9df5df,Beca Excelencia Académica UPLA,Universidad de Playa Ancha,DESCARTADA_EDITORIAL,False,SIN_GRUPO_REPETIDO,,,../REVISION_REGIONALES_49.md; CONFIRMACION_ESENCIAL_LOTE_78.md; CONFIRMACION_ESENCIAL_UNAP_UCT_UPLA_UTA_UCSC_27.md; DESCARTE_EDITORIAL_SEGUNDO_LOTE_50.md
bcba150d8162b3efbb7489e70e25ec008d69dd6f16bad79bd26cf2e679296237,Beca Copago Institucional UBO,Universidad Bernardo O'Higgins,DESCARTADA_EDITORIAL,False,SIN_GRUPO_REPETIDO,,,../REVISION_INSTITUCIONES_36.md; CONFIRMACION_ESENCIAL_LOTE_78.md; CONFIRMACION_ESENCIAL_UBO_UVM_UCSH_14.md; DESCARTE_EDITORIAL_SEGUNDO_LOTE_50.md
311a8c367f5c18c5c95a1baf69b7de14fc3f18e50265aaee27bfdcf69725b533,Beca Familiar UFT,Universidad Finis Terrae,DESCARTADA_EDITORIAL,False,SIN_GRUPO_REPETIDO,,,../REVISION_UNIVERSIDADES_45.md; CONFIRMACION_ESENCIAL_LOTE_30.md; DESCARTE_EDITORIAL_INSTITUCIONES_53.md; REVISION_ESENCIAL_INSTITUCIONES_SEGUIMIENTO_53.md
6bf3c78dce1940fc9e9473a15a9b076b1ba04e71b75a270d684a718621f23225,Beca Excelencia Académica UFRO,Universidad de La Frontera,CONFIRMADA_ESENCIAL,False,SIN_GRUPO_REPETIDO,,,../REVISION_REGIONALES_49.md; CONFIRMACION_ESENCIAL_LOTE_78.md
b9d5eaca604acfae4e8fb88163abb80c926e23249fd201a88ce09e4f75ed9ba5,Beca a Estudiantes de Enseñanza Superior Los Angeles,Municipalidad de Los Angeles,CONFIRMADA_ESENCIAL,False,SIN_GRUPO_REPETIDO,,,../REVISION_MUNICIPALES_NOVENO_32.md; CONFIRMACION_ESENCIAL_MUNICIPALES_81.md; CONFIRMACION_ESENCIAL_MUNICIPALES_OCTAVO_NOVENO_64.md
49a1cf4554d04de646e6729a5b2bcfb8b652a5eaa22066ea9e55686fe7800759,Beca Municipal Educación Superior Talca,Municipalidad de Talca,PENDIENTE_CONFIRMACION_COMPLETA,False,SIN_GRUPO_REPETIDO,,,../REVISION_MUNICIPALES_NOVENO_32.md; CONFIRMACION_ESENCIAL_MUNICIPALES_81.md; CONFIRMACION_ESENCIAL_MUNICIPALES_OCTAVO_NOVENO_64.md
f3edd63a787ad1c010f0726016c24c9621cfe85f4cb657f26e8287131205f987,Beca Municipal de Educación Superior Maipu,Municipalidad de Maipu,CONFIRMADA_ESENCIAL,False,SIN_GRUPO_REPETIDO,,,../REVISION_MUNICIPALES_32.md; CONFIRMACION_ESENCIAL_MUNICIPALES_97.md
b0def70562b69ba14b519719d0fa9e77d898619399ec6cb561137b13f67166ad,Beca Municipal Educación Superior,Municipalidad de El Quisco,CONFIRMADA_ESENCIAL,False,SIN_GRUPO_REPETIDO,,,../REVISION_MUNICIPALES_33.md; CONFIRMACION_ESENCIAL_MUNICIPALES_97.md
a34312e9d0e3379c6b010b5a169e617b31a12f5337a1b9514ee23a426742a42e,Beca de Educación Superior Santiago,Municipalidad de Santiago,CONFIRMADA_ESENCIAL,False,SIN_GRUPO_REPETIDO,,,../REVISION_MUNICIPALES_NOVENO_32.md; CONFIRMACION_ESENCIAL_MUNICIPALES_81.md; CONFIRMACION_ESENCIAL_MUNICIPALES_OCTAVO_NOVENO_64.md
ae844129445fe6fbe5442e950b7effd4b1369d6196e56a17094125b5f86e3cb8,Beca Municipal de Educación Superior,Municipalidad de Puente Alto,CONFIRMADA_ESENCIAL,False,SIN_GRUPO_REPETIDO,,,../REVISION_MUNICIPALES_SIGUIENTES_32.md; CONFIRMACION_ESENCIAL_MUNICIPALES_50.md; CONFIRMACION_ESENCIAL_MUNICIPALES_97.md
5c2cf6dda66f201f1755ba293ff38adf6a858dca012b111cc4184753ae34dc3d,Beca Municipal Educación Superior Valparaíso,Municipalidad de Valparaíso,PENDIENTE_CONFIRMACION_COMPLETA,False,SIN_GRUPO_REPETIDO,,,../REVISION_MUNICIPALES_33.md; CONFIRMACION_ESENCIAL_MUNICIPALES_50.md; CONFIRMACION_ESENCIAL_MUNICIPALES_97.md
fff8ddd0931c4ac06f660ca2016c26455745fd05fcf0bfbd9e97dd61fdececac,Beca de Educación Superior Viña del Mar,Municipalidad de Viña del Mar,PENDIENTE_CONFIRMACION_COMPLETA,False,SIN_GRUPO_REPETIDO,,,../REVISION_MUNICIPALES_33.md; CONFIRMACION_ESENCIAL_MUNICIPALES_50.md; CONFIRMACION_ESENCIAL_MUNICIPALES_97.md
3db63e158093f4ca059aa76fc230e609868cd150fbf00adc92115204f20847be,Beca Municipal de Educación Superior La Florida,Municipalidad de La Florida,PENDIENTE_CONFIRMACION_COMPLETA,False,SIN_GRUPO_REPETIDO,,,../REVISION_MUNICIPALES_32.md; CONFIRMACION_ESENCIAL_MUNICIPALES_50.md; CONFIRMACION_ESENCIAL_MUNICIPALES_97.md
148f90ce4ef8c71176854884de3ac9125fb79725b3d274daa64bdd28404bc5ba,Beca Municipal Educación Superior La Serena,Municipalidad de La Serena,PENDIENTE_CONFIRMACION_COMPLETA,False,SIN_GRUPO_REPETIDO,,,../REVISION_MUNICIPALES_FINAL_14.md; CONFIRMACION_ESENCIAL_MUNICIPALES_50.md; CONFIRMACION_ESENCIAL_MUNICIPALES_81.md
305155ba36aa3c6648b576c3988442b004222a2c5a3d0e3d080eb6d9a3a9da8c,Beca Excelencia Académica UBB,Universidad del Bio-Bio,PENDIENTE_CONFIRMACION_COMPLETA,False,SIN_GRUPO_REPETIDO,,,../REVISION_REGIONALES_49.md; CONFIRMACION_ESENCIAL_LOTE_78.md
ec336267e6863dc06ee5e692b4fba940673ba7c826abf8eb150a800d87e0940c,Beca de Mantención UMAG,Universidad de Magallanes,PENDIENTE_CONFIRMACION_COMPLETA,False,SIN_GRUPO_REPETIDO,,,../REVISION_REGIONALES_49.md; CONFIRMACION_ESENCIAL_LOTE_78.md
e04fa641938cb4c684feb0a2e5519a074ab36c60e0314679147b8b2bb49f49d6,Beca Excelencia Académica ULagos,Universidad de Los Lagos,DESCARTADA_EDITORIAL,False,SIN_GRUPO_REPETIDO,,,../REVISION_REGIONALES_49.md; CONFIRMACION_ESENCIAL_LOTE_78.md; CONFIRMACION_ESENCIAL_UAI_UDLA_ULAGOS_13.md; DESCARTE_EDITORIAL_SEGUNDO_LOTE_50.md
3f37ad439dfcc5e03f7525917c6b7b82bbb00c9615ce7f31ea22ac0d80d691b2,Beca de Apoyo ULagos,Universidad de Los Lagos,DESCARTADA_EDITORIAL,False,SIN_GRUPO_REPETIDO,,,../REVISION_REGIONALES_49.md; CONFIRMACION_ESENCIAL_LOTE_78.md; CONFIRMACION_ESENCIAL_UAI_UDLA_ULAGOS_13.md; DESCARTE_EDITORIAL_SEGUNDO_LOTE_50.md
cbeeacde2338566b893c078e8b13f8015716535fd427b0c7098eda5430e11de5,Beca de Alimentación UCSC,Universidad Católica de la Santisima Concepción,PENDIENTE_CONFIRMACION_COMPLETA,False,SIN_GRUPO_REPETIDO,,,../REVISION_OTRAS_UNIVERSIDADES_45.md; CONFIRMACION_ESENCIAL_UNAP_UCT_UPLA_UTA_UCSC_27.md; CONFIRMACION_HISTORICA_UNAP_Y_CONTRADICCION_UCSC.md
ead60590e917f7a5225e6c64df548415d1394520e831c97a9f332d6b479eb6d9,Beca Excelencia Académica UCT,Universidad Católica de Temuco,DESCARTADA_EDITORIAL,False,SIN_GRUPO_REPETIDO,,,../REVISION_OTRAS_UNIVERSIDADES_45.md; CONFIRMACION_ESENCIAL_LOTE_62.md; CONFIRMACION_ESENCIAL_UNAP_UCT_UPLA_UTA_UCSC_27.md; DESCARTE_EDITORIAL_SEGUNDO_LOTE_50.md
e88f2512a40acfc5e28efc57cb4cf115b82da9989b89dd025fe7bded0b389112,Beca de Apoyo Socioeconomico UCT,Universidad Católica de Temuco,DESCARTADA_EDITORIAL,False,SIN_GRUPO_REPETIDO,,,../REVISION_OTRAS_UNIVERSIDADES_45.md; CONFIRMACION_ESENCIAL_LOTE_62.md; CONFIRMACION_ESENCIAL_UNAP_UCT_UPLA_UTA_UCSC_27.md; DESCARTE_EDITORIAL_SEGUNDO_LOTE_50.md
bfaa96e4bff3e6085df773d50a5492c27480eeff4cf50f9e42ab60377f6fc5b7,Beca Excelencia Académica UTA,Universidad de Tarapaca,DESCARTADA_EDITORIAL,False,SIN_GRUPO_REPETIDO,,,../REVISION_OTRAS_UNIVERSIDADES_45.md; CONFIRMACION_ESENCIAL_UNAP_UCT_UPLA_UTA_UCSC_27.md; DESCARTE_EDITORIAL_SEGUNDO_LOTE_50.md
3602117f70140321b534fa8451d7a0d53fb36e7e235a04792dbe3e6c763e7618,Beca Mérito Académico UNAP,Universidad Arturo Prat,DESCARTADA_EDITORIAL,False,SIN_GRUPO_REPETIDO,,,../REVISION_OTRAS_UNIVERSIDADES_45.md; CONFIRMACION_ESENCIAL_UNAP_UCT_UPLA_UTA_UCSC_27.md; DESCARTE_EDITORIAL_SEGUNDO_LOTE_50.md
f0c9572600ee6cde88eba8f498d66d00ecf129ff379842ce655675431d3a63d1,Beca de Apoyo Institucional UNAP,Universidad Arturo Prat,DESCARTADA_EDITORIAL,False,SIN_GRUPO_REPETIDO,,,../REVISION_OTRAS_UNIVERSIDADES_45.md; CONFIRMACION_ESENCIAL_UNAP_UCT_UPLA_UTA_UCSC_27.md; DESCARTE_EDITORIAL_SEGUNDO_LOTE_50.md
eca3a961c94b847ef1e8f6c0c119a377bd1f91968ba7ab68d0a3f2808d318677,Beca Excelencia Académica UMAG,Universidad de Magallanes,PENDIENTE_CONFIRMACION_COMPLETA,False,SIN_GRUPO_REPETIDO,,,../REVISION_REGIONALES_49.md; CONFIRMACION_ESENCIAL_LOTE_78.md
32ef7f38e3a66c95c1df170149c4b85aefcd34281b5a159c1cd40406d000e8e3,Beca Convenios UVM,Universidad Viña del Mar,DESCARTADA_EDITORIAL,False,SIN_GRUPO_REPETIDO,,,../REVISION_INSTITUCIONES_36.md; CONFIRMACION_ESENCIAL_LOTE_78.md; CONFIRMACION_ESENCIAL_UBO_UVM_UCSH_14.md; DESCARTE_EDITORIAL_SEGUNDO_LOTE_50.md
9be6b079e6abf419333c410365d206221736d1cb8f7594f0927f0edf957f8094,Beca Académica UDLA,Universidad de Las Americas,PENDIENTE_CONFIRMACION_COMPLETA,False,SIN_GRUPO_REPETIDO,,,../REVISION_OTRAS_UNIVERSIDADES_45.md; CONFIRMACION_ESENCIAL_LOTE_62.md
ebbc870f644be29040fcef815783e2d5b20b767b2877ed8ca38773d8d89f98a8,Beca Copago UDLA,Universidad de Las Americas,PENDIENTE_CONFIRMACION_COMPLETA,False,SIN_GRUPO_REPETIDO,,,../REVISION_OTRAS_UNIVERSIDADES_45.md; CONFIRMACION_ESENCIAL_LOTE_62.md
4971212c6be331a101938831771fdd4cef110d8f7fd12d1f45dfcb1cc44307ed,Beca Familiar UDLA,Universidad de Las Americas,PENDIENTE_CONFIRMACION_COMPLETA,False,SIN_GRUPO_REPETIDO,,,../REVISION_OTRAS_UNIVERSIDADES_45.md; CONFIRMACION_ESENCIAL_LOTE_62.md
3426d91768d52b544544dfcce0a325e2a88b2f9073c44441284e6aab89991af3,Beca de Educación Superior Municipal Ovalle,Municipalidad de Ovalle,PENDIENTE_CONFIRMACION_COMPLETA,False,SIN_GRUPO_REPETIDO,,,../REVISION_MUNICIPALES_FINAL_14.md; CONFIRMACION_ESENCIAL_MUNICIPALES_81.md
329da2a2114725f39f8812b23e46593a790326af4e63e95f93752eaaf9f392ec,Beca Municipal de Educación Superior Melipilla,Municipalidad de Melipilla,PENDIENTE_CONFIRMACION_COMPLETA,False,SIN_GRUPO_REPETIDO,,,../REVISION_MUNICIPALES_FINAL_14.md; CONFIRMACION_ESENCIAL_MUNICIPALES_81.md
bf9b92a1b55051e2d4a75aed55d83213433d79f16a62b964355c878f326c259d,Beca Municipal de Educación Superior Quillota,Municipalidad de Quillota,PENDIENTE_CONFIRMACION_COMPLETA,False,SIN_GRUPO_REPETIDO,,,../REVISION_MUNICIPALES_FINAL_14.md; CONFIRMACION_ESENCIAL_MUNICIPALES_81.md
99ebd9c78ae2b366aa048c432026cbcc3b3eb2a747840f7e769b1f84a1d7245c,Beca Municipal para Estudiantes de Educación Superior Los Andes,Municipalidad de Los Andes,PENDIENTE_CONFIRMACION_COMPLETA,False,SIN_GRUPO_REPETIDO,,,../REVISION_MUNICIPALES_FINAL_14.md; CONFIRMACION_ESENCIAL_MUNICIPALES_81.md
a196c601cb3b1c05eaeda3ae1795e27e94da43ebdc68e9609fe0e14286ede14d,Beca Municipal de Educación Superior San Fernando,Municipalidad de San Fernando,PENDIENTE_CONFIRMACION_COMPLETA,False,SIN_GRUPO_REPETIDO,,,../REVISION_MUNICIPALES_SIGUIENTES_32.md; CONFIRMACION_ESENCIAL_MUNICIPALES_97.md
19df4e73e6b31fa7b919bf2dd7aa58a2c44778ea6fc63ab1ec69d4cb57554abc,Beca Ilustre Municipalidad de Linares,Municipalidad de Linares,PENDIENTE_CONFIRMACION_COMPLETA,False,SIN_GRUPO_REPETIDO,,,../REVISION_MUNICIPALES_FINAL_14.md; CONFIRMACION_ESENCIAL_MUNICIPALES_81.md
f07686d2571b967768fbff52c4722d46b97c68f7a231705b1803180f7b55c9e4,Beca Municipal de Educación Superior Coronel,Municipalidad de Coronel,PENDIENTE_CONFIRMACION_COMPLETA,False,SIN_GRUPO_REPETIDO,,,../REVISION_MUNICIPALES_FINAL_14.md; CONFIRMACION_ESENCIAL_MUNICIPALES_81.md
362577de4c203d4b1738fdeb3898d5008a870e06ffb46e45c5d9f75318bd8db4,Beca Municipal para Estudiantes de Educación Superior Chiguayante,Municipalidad de Chiguayante,PENDIENTE_CONFIRMACION_COMPLETA,False,SIN_GRUPO_REPETIDO,,,../REVISION_MUNICIPALES_33.md; CONFIRMACION_ESENCIAL_MUNICIPALES_97.md
92d1b47979f80ceba46965409ecc3a337c5fa9b149d7c8756907495464a2e3bf,Beca Municipal de Educación Superior Puerto Varas,Municipalidad de Puerto Varas,PENDIENTE_CONFIRMACION_COMPLETA,False,SIN_GRUPO_REPETIDO,,,../REVISION_MUNICIPALES_FINAL_14.md; CONFIRMACION_ESENCIAL_MUNICIPALES_81.md
c7dd0cc93373c231f7536a20ae74e39f48a02215f72bd764a938af2a6d637327,Beca Municipal de Educación Superior Ancud,Municipalidad de Ancud,CONFIRMADA_ESENCIAL,False,SIN_GRUPO_REPETIDO,,,../REVISION_MUNICIPALES_FINAL_14.md; CONFIRMACION_ESENCIAL_MUNICIPALES_81.md
0569f0a59ceef770ba23e06a5b68cf773a5d8fe79cac25857fbb90d612785415,Beca Municipal para Estudios Superiores Amanda Labarca,Municipalidad de Quilicura,PENDIENTE_CONFIRMACION_COMPLETA,False,SIN_GRUPO_REPETIDO,,,../REVISION_MUNICIPALES_SIGUIENTES_32.md; CONFIRMACION_ESENCIAL_MUNICIPALES_97.md
19f6c41c58aa99ac2e0c36c7f3d9981335261555aeadf2683371d4ad0c2ea25b,Beca Municipal de Educación Superior,Municipalidad de Limache,PENDIENTE_CONFIRMACION_COMPLETA,False,SIN_GRUPO_REPETIDO,,,../REVISION_MUNICIPALES_32.md; CONFIRMACION_ESENCIAL_MUNICIPALES_97.md
8568b5a399f32efc017a64165a1ae4506dfd207d4ee0686f21e54b0131148deb,Beca de Arancel Municipal para la Educación Superior,Municipalidad de Lampa,PENDIENTE_CONFIRMACION_COMPLETA,False,SIN_GRUPO_REPETIDO,,,../REVISION_MUNICIPALES_32.md; CONFIRMACION_ESENCIAL_MUNICIPALES_97.md
2d366f72cde758ed8a892956dd2951abac49700b28b96bd36ee77be37d1cb686,Beca Municipal de Apoyo a la Educación Superior,Municipalidad de Tomé,CONFIRMADA_ESENCIAL,False,SIN_GRUPO_REPETIDO,,,../REVISION_MUNICIPALES_FINAL_14.md; CONFIRMACION_ESENCIAL_MUNICIPALES_81.md
1f99d406642947226a53c406950f5214c739d580b4d5c8f70e560a83ab445999,Beca de Estudios Superiores San Joaquín,Municipalidad de San Joaquín,PENDIENTE_CONFIRMACION_COMPLETA,False,SIN_GRUPO_REPETIDO,,,../REVISION_MUNICIPALES_FINAL_14.md; CONFIRMACION_ESENCIAL_MUNICIPALES_81.md
4d3567990809fd93a61d77393e29c566a283eaaff612dfb649ebb9495ed8ab9f,Beca Municipal Educación Superior Cerro Navia,Municipalidad de Cerro Navia,CONFIRMADA_ESENCIAL,False,SIN_GRUPO_REPETIDO,,,../REVISION_MUNICIPALES_33.md; CONFIRMACION_ESENCIAL_MUNICIPALES_97.md
87d6aa970a561466fd44f04f7b7865cc9bd5fce4e881c859b56585a1dc72e6cc,Beca de Educación Superior,Municipalidad de Las Condes,PENDIENTE_CONFIRMACION_COMPLETA,False,SIN_GRUPO_REPETIDO,,,../REVISION_MUNICIPALES_32.md; CONFIRMACION_ESENCIAL_MUNICIPALES_97.md
f6ec7b3e88f41b217c22f2942fe26153405fe62a7ccda45161f35af7b4cfe77a,Beca Municipal Escolar (Educación Superior),Municipalidad de Antofagasta,PENDIENTE_CONFIRMACION_COMPLETA,False,SIN_GRUPO_REPETIDO,,,../REVISION_MUNICIPALES_FINAL_14.md; CONFIRMACION_ESENCIAL_MUNICIPALES_81.md
f8b6eed134d17b2e4dbc41b3563fafb078b7b4af683348ddafd031d71c9dbc55,Beca Educación Superior,Municipalidad de Concepción,PENDIENTE_CONFIRMACION_COMPLETA,False,SIN_GRUPO_REPETIDO,,,../REVISION_MUNICIPALES_FINAL_14.md; CONFIRMACION_ESENCIAL_MUNICIPALES_81.md
a6bf4aee68f0b0f2711c04cfb093afc6d84a2733bd86970f277b8fb572c709b6,Beca Municipal de Educación Superior,Municipalidad de Temuco,PENDIENTE_CONFIRMACION_COMPLETA,False,SIN_GRUPO_REPETIDO,,,../REVISION_MUNICIPALES_FINAL_14.md; CONFIRMACION_ESENCIAL_MUNICIPALES_81.md
